From,To,Sent At,Message,Direction,inviterProfileUrl,inviteeProfileUrl
Jacob Kantor,Chuck Langston,"8/3/26, 9:33 PM",,OUTGOING,https://www.linkedin.com/in/thejacobkantor,https://www.linkedin.com/in/langstonedtech
Jacob Kantor,Valerie Davis,"8/3/26, 9:33 PM",,OUTGOING,https://www.linkedin.com/in/thejacobkantor,https://www.linkedin.com/in/valerie-davis-116196301
Jacob Kantor,Pablo González,"8/3/26, 6:32 AM",,OUTGOING,https://www.linkedin.com/in/thejacobkantor,https://www.linkedin.com/in/pablo-gonzález-24b9b584
Jacob Kantor,Jason Livezey,"8/2/26, 9:03 PM",,OUTGOING,https://www.linkedin.com/in/thejacobkantor,https://www.linkedin.com/in/jason-livezey
Jacob Kantor,vermoesen ghislain,"8/2/26, 9:03 PM",,OUTGOING,https://www.linkedin.com/in/thejacobkantor,https://www.linkedin.com/in/vermoesen-ghislain-b25b8637
Jacob Kantor,Katie Karacson,"8/2/26, 9:03 PM",,OUTGOING,https://www.linkedin.com/in/thejacobkantor,https://www.linkedin.com/in/katie-karacson-938017102
Jacob Kantor,Dr. Mark Fritzenschaft,"8/2/26, 9:51 AM",,OUTGOING,https://www.linkedin.com/in/thejacobkantor,https://www.linkedin.com/in/dr-mark-fritzenschaft-46859065
Jacob Kantor,Ryan Steele,"8/2/26, 9:51 AM",,OUTGOING,https://www.linkedin.com/in/thejacobkantor,https://www.linkedin.com/in/ryan-steele-a20594173
Jacob Kantor,"Victor Wakefield, EdD","8/2/26, 9:50 AM",,OUTGOING,https://www.linkedin.com/in/thejacobkantor,https://www.linkedin.com/in/victor-wakefield-edd-79706213
Jacob Kantor,Abbie Sheehan Lareau,"8/1/26, 11:46 PM",,OUTGOING,https://www.linkedin.com/in/thejacobkantor,https://www.linkedin.com/in/abbies2021
Jacob Kantor,Emma Carcamo,"8/1/26, 10:11 PM",,OUTGOING,https://www.linkedin.com/in/thejacobkantor,https://www.linkedin.com/in/emma-carcamo-3630802
Jacob Kantor,Scott Hartl,"8/1/26, 8:46 PM",,OUTGOING,https://www.linkedin.com/in/thejacobkantor,https://www.linkedin.com/in/scott-hartl-06345b74
Jacob Kantor,Sarah Mayberry,"8/1/26, 8:46 PM",,OUTGOING,https://www.linkedin.com/in/thejacobkantor,https://www.linkedin.com/in/sarah-mayberry-351557273
Jacob Kantor,Alice Lee,"8/1/26, 8:45 PM",,OUTGOING,https://www.linkedin.com/in/thejacobkantor,https://www.linkedin.com/in/dralicetlee
Jacob Kantor,"Dustin Shadbolt, CETL","8/1/26, 8:45 PM",,OUTGOING,https://www.linkedin.com/in/thejacobkantor,https://www.linkedin.com/in/dustinshadbolt
Jacob Kantor,Denise Hernandez,"8/1/26, 8:44 PM",,OUTGOING,https://www.linkedin.com/in/thejacobkantor,https://www.linkedin.com/in/denise-hernandez-8356b8279
Jacob Kantor,Gina Williams,"8/1/26, 8:44 PM",,OUTGOING,https://www.linkedin.com/in/thejacobkantor,https://www.linkedin.com/in/gina-jasmine-mba2019
Jacob Kantor,"CarrieAnn Mathis, M.A.Ed.","8/1/26, 8:44 PM",,OUTGOING,https://www.linkedin.com/in/thejacobkantor,https://www.linkedin.com/in/carrieann-mathis-m-a-ed-19b44a53
Jacob Kantor,Jesse Welsh,"8/1/26, 8:44 PM",,OUTGOING,https://www.linkedin.com/in/thejacobkantor,https://www.linkedin.com/in/jesse-welsh-6052a951
Jacob Kantor,Zoe Gnesda,"8/1/26, 8:44 PM",,OUTGOING,https://www.linkedin.com/in/thejacobkantor,https://www.linkedin.com/in/zoe-gnesda-63ab8a85
Jacob Kantor,Luke Grabill,"8/1/26, 8:44 PM",,OUTGOING,https://www.linkedin.com/in/thejacobkantor,https://www.linkedin.com/in/luke-grabill-57214470
Jacob Kantor,Michael Discenza,"8/1/26, 8:44 PM",,OUTGOING,https://www.linkedin.com/in/thejacobkantor,https://www.linkedin.com/in/mdiscenza
Jacob Kantor,Sarah Mushlin,"8/1/26, 8:37 PM",,OUTGOING,https://www.linkedin.com/in/thejacobkantor,https://www.linkedin.com/in/sarahmushlin777
Jacob Kantor,Erick Buenrostro,"8/1/26, 8:38 PM",,OUTGOING,https://www.linkedin.com/in/thejacobkantor,https://www.linkedin.com/in/erickbuenrostro
Jacob Kantor,Amanda James,"8/1/26, 12:40 PM",,OUTGOING,https://www.linkedin.com/in/thejacobkantor,https://www.linkedin.com/in/amanda-james-402174144
Jacob Kantor,Nick Marconato,"8/1/26, 12:40 PM",,OUTGOING,https://www.linkedin.com/in/thejacobkantor,https://www.linkedin.com/in/nickmarconato
Jacob Kantor,Jeffrey Ringer,"8/1/26, 12:39 PM",,OUTGOING,https://www.linkedin.com/in/thejacobkantor,https://www.linkedin.com/in/jeffrey-ringer-jdrilduci
Jacob Kantor,Dr. Howard Liebman,"8/1/26, 9:03 AM",,OUTGOING,https://www.linkedin.com/in/thejacobkantor,https://www.linkedin.com/in/dr-howard-liebman-631b5217
Jacob Kantor,Shameka Montgomery,"8/1/26, 9:04 AM",,OUTGOING,https://www.linkedin.com/in/thejacobkantor,https://www.linkedin.com/in/shameka-montgomery
Jacob Kantor,Casey Hallgarth Ed.D.,"8/1/26, 9:04 AM",,OUTGOING,https://www.linkedin.com/in/thejacobkantor,https://www.linkedin.com/in/casey-hallgarth
Jacob Kantor,Carson Cook,"8/1/26, 9:04 AM",,OUTGOING,https://www.linkedin.com/in/thejacobkantor,https://www.linkedin.com/in/carson-cook-15269a32
Jacob Kantor,Dr. Toni Jones,"8/1/26, 9:03 AM",,OUTGOING,https://www.linkedin.com/in/thejacobkantor,https://www.linkedin.com/in/drtonijones
Jacob Kantor,Elizabeth Ford,"8/1/26, 9:03 AM",,OUTGOING,https://www.linkedin.com/in/thejacobkantor,https://www.linkedin.com/in/elizabeth-ford-21a868365
Jacob Kantor,Dana Fricke,"8/1/26, 9:03 AM",,OUTGOING,https://www.linkedin.com/in/thejacobkantor,https://www.linkedin.com/in/dana-fricke-731a666
Jacob Kantor,Jessica Kosinski,"8/1/26, 9:03 AM",,OUTGOING,https://www.linkedin.com/in/thejacobkantor,https://www.linkedin.com/in/jessica-kosinski-50ab95117
Jacob Kantor,Dr. Erika Bower,"8/1/26, 9:03 AM",,OUTGOING,https://www.linkedin.com/in/thejacobkantor,https://www.linkedin.com/in/erikabower
Jacob Kantor,Sam Ribnick,"8/1/26, 9:03 AM",,OUTGOING,https://www.linkedin.com/in/thejacobkantor,https://www.linkedin.com/in/sam-ribnick
Jacob Kantor,Micki  Ray Marinelli,"8/1/26, 9:03 AM",,OUTGOING,https://www.linkedin.com/in/thejacobkantor,https://www.linkedin.com/in/micki-ray-marinelli-7b588b171
Jacob Kantor,Oscar Luna,"8/1/26, 8:16 AM",,OUTGOING,https://www.linkedin.com/in/thejacobkantor,https://www.linkedin.com/in/oscar-luna-2aaa1439b
Jacob Kantor,Megan Ribas,"8/1/26, 8:15 AM",,OUTGOING,https://www.linkedin.com/in/thejacobkantor,https://www.linkedin.com/in/megan-ribas-49b78145
Jacob Kantor,Arynn R.,"7/31/26, 10:15 PM",,OUTGOING,https://www.linkedin.com/in/thejacobkantor,https://www.linkedin.com/in/arynn-r-202a431a3
Jacob Kantor,Dakota Kondas,"7/31/26, 6:58 PM",,OUTGOING,https://www.linkedin.com/in/thejacobkantor,https://www.linkedin.com/in/dakota-kondas-824641110
Jacob Kantor,Jude Beale,"7/31/26, 6:58 PM",,OUTGOING,https://www.linkedin.com/in/thejacobkantor,https://www.linkedin.com/in/jude-beale-1b189b306
Jacob Kantor,Christina Cornwell,"7/31/26, 1:29 PM",,OUTGOING,https://www.linkedin.com/in/thejacobkantor,https://www.linkedin.com/in/christina-cornwell-8728293b6
Jacob Kantor,Sara Hall,"7/31/26, 10:38 AM",,OUTGOING,https://www.linkedin.com/in/thejacobkantor,https://www.linkedin.com/in/hallsararose
Jacob Kantor,Alessandra Russo-Feijoo,"7/31/26, 10:38 AM",,OUTGOING,https://www.linkedin.com/in/thejacobkantor,https://www.linkedin.com/in/arussodadeschools
Jacob Kantor,Megan Power,"7/31/26, 10:38 AM",,OUTGOING,https://www.linkedin.com/in/thejacobkantor,https://www.linkedin.com/in/megan-power-66649b165
Jacob Kantor,"Dr. Candice Lowman Coppock, CETL","7/31/26, 10:38 AM",,OUTGOING,https://www.linkedin.com/in/thejacobkantor,https://www.linkedin.com/in/dr-candice-lowman-coppock-cetl-a19ba1143
Jacob Kantor,Erin Rennick White,"7/31/26, 10:37 AM",,OUTGOING,https://www.linkedin.com/in/thejacobkantor,https://www.linkedin.com/in/erin-rennick-white-a75112212
Jacob Kantor,Victoria de Aranzeta,"7/31/26, 10:38 AM",,OUTGOING,https://www.linkedin.com/in/thejacobkantor,https://www.linkedin.com/in/vicdearanzeta
Jacob Kantor,Charlie Thayer,"7/31/26, 10:37 AM",,OUTGOING,https://www.linkedin.com/in/thejacobkantor,https://www.linkedin.com/in/charlie-d-thayer
Jacob Kantor,Stephanie Triplett,"7/31/26, 10:37 AM",,OUTGOING,https://www.linkedin.com/in/thejacobkantor,https://www.linkedin.com/in/stephanie-triplett-33841371
Jacob Kantor,Gunjan Khatker,"7/31/26, 10:37 AM",,OUTGOING,https://www.linkedin.com/in/thejacobkantor,https://www.linkedin.com/in/gunjan-khatker-4138743ab
Jacob Kantor,"Sean Richey, Ed.D.","7/31/26, 10:37 AM",,OUTGOING,https://www.linkedin.com/in/thejacobkantor,https://www.linkedin.com/in/dr-sean-richey
Jacob Kantor,Patrick Armstrong,"7/31/26, 10:38 AM",,OUTGOING,https://www.linkedin.com/in/thejacobkantor,https://www.linkedin.com/in/patrick-armstrong-wi
Jacob Kantor,"Megan Gretzinger, CETL","7/31/26, 10:38 AM",,OUTGOING,https://www.linkedin.com/in/thejacobkantor,https://www.linkedin.com/in/megangretztinger
Jacob Kantor,Megan Garnhart,"7/31/26, 10:37 AM",,OUTGOING,https://www.linkedin.com/in/thejacobkantor,https://www.linkedin.com/in/megangarnhart
Jacob Kantor,Chad K. Ragland,"7/31/26, 10:37 AM",,OUTGOING,https://www.linkedin.com/in/thejacobkantor,https://www.linkedin.com/in/chad-k-ragland
Jacob Kantor,Natasha Nurse,"7/31/26, 10:37 AM",,OUTGOING,https://www.linkedin.com/in/thejacobkantor,https://www.linkedin.com/in/natashanurse1
Jacob Kantor,Toyua Watson-Bachus,"7/31/26, 10:37 AM",,OUTGOING,https://www.linkedin.com/in/thejacobkantor,https://www.linkedin.com/in/toyua-watson-bachus-7514b4196
Jacob Kantor,Sheena Kelly,"7/31/26, 10:37 AM",,OUTGOING,https://www.linkedin.com/in/thejacobkantor,https://www.linkedin.com/in/mmelibrarian
Jacob Kantor,Traci Powell,"7/31/26, 10:37 AM",,OUTGOING,https://www.linkedin.com/in/thejacobkantor,https://www.linkedin.com/in/traci-powell-b507a4a
Jacob Kantor,"Dr. Patrick R. Fuller, Ph.D.","7/31/26, 10:37 AM",,OUTGOING,https://www.linkedin.com/in/thejacobkantor,https://www.linkedin.com/in/dr-patrick-r-fuller-ph-d-8a03a413b
Jacob Kantor,Emily Davis,"7/31/26, 10:37 AM",,OUTGOING,https://www.linkedin.com/in/thejacobkantor,https://www.linkedin.com/in/emily-davis-115b4641b
Jacob Kantor,"Dr. Beth Holland, EdD","7/31/26, 10:36 AM",,OUTGOING,https://www.linkedin.com/in/thejacobkantor,https://www.linkedin.com/in/brholland
Jacob Kantor,David Cochran,"7/31/26, 10:36 AM",,OUTGOING,https://www.linkedin.com/in/thejacobkantor,https://www.linkedin.com/in/davidcochran
Jacob Kantor,Britni Parks M.Ed.,"7/31/26, 10:36 AM",,OUTGOING,https://www.linkedin.com/in/thejacobkantor,https://www.linkedin.com/in/britni-parks-m-ed-21b629b3
Jacob Kantor,Lilia Pineda-Martínez,"7/31/26, 10:36 AM",,OUTGOING,https://www.linkedin.com/in/thejacobkantor,https://www.linkedin.com/in/liliapinedamartínez2023
Jacob Kantor,"Jamie Martin, M.Ed","7/31/26, 10:36 AM",,OUTGOING,https://www.linkedin.com/in/thejacobkantor,https://www.linkedin.com/in/jamie-rutledge
Jacob Kantor,Shane Johnson,"7/31/26, 8:20 AM",,OUTGOING,https://www.linkedin.com/in/thejacobkantor,https://www.linkedin.com/in/shane-johnson-5331b33a
Jacob Kantor,Jenn Harrington Barkey,"7/31/26, 8:19 AM",,OUTGOING,https://www.linkedin.com/in/thejacobkantor,https://www.linkedin.com/in/jenn-harrington-barkey-832a03122
Jacob Kantor,Kyoko Utsumi,"7/31/26, 8:19 AM",,OUTGOING,https://www.linkedin.com/in/thejacobkantor,https://www.linkedin.com/in/kyokoutsumi
Jacob Kantor,Greg Hart,"7/30/26, 9:05 PM",,OUTGOING,https://www.linkedin.com/in/thejacobkantor,https://www.linkedin.com/in/whoisgreghart
Jacob Kantor,Jay Kosik,"7/30/26, 8:54 PM",,OUTGOING,https://www.linkedin.com/in/thejacobkantor,https://www.linkedin.com/in/jay-kosik-047024162
Jacob Kantor,Darian Lance,"7/30/26, 6:47 PM",,OUTGOING,https://www.linkedin.com/in/thejacobkantor,https://www.linkedin.com/in/darianlance
Jacob Kantor,"Eric Nichols, EdD","7/30/26, 6:45 PM",,OUTGOING,https://www.linkedin.com/in/thejacobkantor,https://www.linkedin.com/in/iamericnichols
Jacob Kantor,"Juliet Ashton-Luckey, Ed.D.","7/30/26, 6:45 PM",,OUTGOING,https://www.linkedin.com/in/thejacobkantor,https://www.linkedin.com/in/juliet-ashton-luckey-ed-d-7128a8135
Jacob Kantor,Lucas Mund,"7/30/26, 6:45 PM",,OUTGOING,https://www.linkedin.com/in/thejacobkantor,https://www.linkedin.com/in/lucas-mund-287b0756
Jacob Kantor,Shelley Mendez Ed.D.,"7/30/26, 6:44 PM",,OUTGOING,https://www.linkedin.com/in/thejacobkantor,https://www.linkedin.com/in/shelley-mendez-ed-d-39169a2b2
Jacob Kantor,Chris Anderson,"7/30/26, 6:44 PM",,OUTGOING,https://www.linkedin.com/in/thejacobkantor,https://www.linkedin.com/in/chris-anderson-0863222b5
Jacob Kantor,Megan Molano,"7/30/26, 6:44 PM",,OUTGOING,https://www.linkedin.com/in/thejacobkantor,https://www.linkedin.com/in/megan-molano-762177257
Jacob Kantor,Erin DeRouville,"7/30/26, 6:32 PM",,OUTGOING,https://www.linkedin.com/in/thejacobkantor,https://www.linkedin.com/in/ederouville
Jacob Kantor,Ian Trapp,"7/30/26, 4:07 PM",,OUTGOING,https://www.linkedin.com/in/thejacobkantor,https://www.linkedin.com/in/ian-trapp
Jacob Kantor,April Braithwaite,"7/30/26, 4:07 PM",,OUTGOING,https://www.linkedin.com/in/thejacobkantor,https://www.linkedin.com/in/aprilbraithwaite
Jacob Kantor,Kevin Cooke,"7/30/26, 4:07 PM",,OUTGOING,https://www.linkedin.com/in/thejacobkantor,https://www.linkedin.com/in/kevin-cooke-3b980a76
Jacob Kantor,Brian Ausland,"7/30/26, 11:19 AM",,OUTGOING,https://www.linkedin.com/in/thejacobkantor,https://www.linkedin.com/in/brianausland
Jacob Kantor,Ryan Smith,"7/30/26, 8:23 AM",,OUTGOING,https://www.linkedin.com/in/thejacobkantor,https://www.linkedin.com/in/ryan-smith-5620ab6a
Jacob Kantor,"Stacey Seward, MBA","7/30/26, 7:05 AM",,OUTGOING,https://www.linkedin.com/in/thejacobkantor,https://www.linkedin.com/in/stacey-seward-mba-15339523
Jacob Kantor,Jason Bedrick,"7/29/26, 7:39 PM",,OUTGOING,https://www.linkedin.com/in/thejacobkantor,https://www.linkedin.com/in/jasonbedrick
Jacob Kantor,"Camden Smit, EdD","7/29/26, 5:08 PM",good to hang!,OUTGOING,https://www.linkedin.com/in/thejacobkantor,https://www.linkedin.com/in/camden-smit-edd-36ab9b19a
Jacob Kantor,Scott Carter,"7/29/26, 1:30 PM",,OUTGOING,https://www.linkedin.com/in/thejacobkantor,https://www.linkedin.com/in/shcmathman
Jacob Kantor,Justice Emeka,"7/29/26, 1:29 PM",,OUTGOING,https://www.linkedin.com/in/thejacobkantor,https://www.linkedin.com/in/justice-emeka-470b32204
Jacob Kantor,Mike Betnun,"7/29/26, 1:30 PM",,OUTGOING,https://www.linkedin.com/in/thejacobkantor,https://www.linkedin.com/in/mikebetnun
Jacob Kantor,James Herzog,"7/29/26, 1:30 PM",,OUTGOING,https://www.linkedin.com/in/thejacobkantor,https://www.linkedin.com/in/james-herzog-b76335313
Jacob Kantor,Dr. Mary Beth Nicholson,"7/29/26, 1:29 PM",,OUTGOING,https://www.linkedin.com/in/thejacobkantor,https://www.linkedin.com/in/marybethnicholson003
Jacob Kantor,Jess Baker,"7/29/26, 1:29 PM",,OUTGOING,https://www.linkedin.com/in/thejacobkantor,https://www.linkedin.com/in/jess-baker-b2509b36b
Jacob Kantor,Cameron Abderhalden,"7/29/26, 1:29 PM",,OUTGOING,https://www.linkedin.com/in/thejacobkantor,https://www.linkedin.com/in/cameron-abderhalden-bb7519181
Jacob Kantor,"Kimberly  Erickson, Ed.D.","7/28/26, 7:17 PM",,OUTGOING,https://www.linkedin.com/in/thejacobkantor,https://www.linkedin.com/in/kimberlyj-erickson
Jacob Kantor,Tyree Hall,"7/28/26, 7:16 PM",,OUTGOING,https://www.linkedin.com/in/thejacobkantor,https://www.linkedin.com/in/samueltyreehall
Jacob Kantor,Ariel Tyson,"7/28/26, 7:17 PM",,OUTGOING,https://www.linkedin.com/in/thejacobkantor,https://www.linkedin.com/in/ariel-tyson21
Jacob Kantor,Allie Weldon,"7/28/26, 7:16 PM",,OUTGOING,https://www.linkedin.com/in/thejacobkantor,https://www.linkedin.com/in/allie-w-104394b4
Jacob Kantor,Alec Brennan,"7/28/26, 7:16 PM",,OUTGOING,https://www.linkedin.com/in/thejacobkantor,https://www.linkedin.com/in/brennan-0246
Jacob Kantor,James Stith,"7/28/26, 7:16 PM",,OUTGOING,https://www.linkedin.com/in/thejacobkantor,https://www.linkedin.com/in/james-stith-09a011162
Jacob Kantor,Maribel Garcia,"7/28/26, 7:16 PM",,OUTGOING,https://www.linkedin.com/in/thejacobkantor,https://www.linkedin.com/in/maribel-garcia-6976813a3
Jacob Kantor,M N.,"7/28/26, 7:16 PM",,OUTGOING,https://www.linkedin.com/in/thejacobkantor,https://www.linkedin.com/in/m-n-b0653b279
Jacob Kantor,Nakeya McClendon,"7/28/26, 7:15 PM",,OUTGOING,https://www.linkedin.com/in/thejacobkantor,https://www.linkedin.com/in/nakeya-mcclendon-84ba9976
Jacob Kantor,Matthew Doherty,"7/28/26, 7:16 PM",,OUTGOING,https://www.linkedin.com/in/thejacobkantor,https://www.linkedin.com/in/matthew-doherty-88ab4156
Jacob Kantor,Isaac Johnson,"7/28/26, 7:16 PM",,OUTGOING,https://www.linkedin.com/in/thejacobkantor,https://www.linkedin.com/in/isaac-johnson-758876132
Jacob Kantor,Harrison Stuart,"7/28/26, 3:16 PM",,OUTGOING,https://www.linkedin.com/in/thejacobkantor,https://www.linkedin.com/in/harrison-stuart
Jacob Kantor,Alessandro Paolo Parisi,"7/28/26, 3:16 PM",,OUTGOING,https://www.linkedin.com/in/thejacobkantor,https://www.linkedin.com/in/alessandro-paolo-parisi-54790575
Jacob Kantor,Chris Wojdyla,"7/28/26, 3:16 PM",,OUTGOING,https://www.linkedin.com/in/thejacobkantor,https://www.linkedin.com/in/chris-wojdyla-b2957a4b
Jacob Kantor,Yasmin  Salvador,"7/28/26, 1:41 PM",,OUTGOING,https://www.linkedin.com/in/thejacobkantor,https://www.linkedin.com/in/yasmin-salvador-0057a1141
Jacob Kantor,Vincent Termini,"7/28/26, 1:41 PM",,OUTGOING,https://www.linkedin.com/in/thejacobkantor,https://www.linkedin.com/in/vincenttermini
Jacob Kantor,Amanda Swerdlow,"7/28/26, 1:41 PM",,OUTGOING,https://www.linkedin.com/in/thejacobkantor,https://www.linkedin.com/in/amanda-swerdlow-701957b7
Jacob Kantor,Daniel Johnson,"7/28/26, 1:41 PM",,OUTGOING,https://www.linkedin.com/in/thejacobkantor,https://www.linkedin.com/in/dtjohnson112
Jacob Kantor,"Elizabeth Starr, M.Ed.","7/28/26, 1:40 PM",,OUTGOING,https://www.linkedin.com/in/thejacobkantor,https://www.linkedin.com/in/elizabeth-starr-m-ed-6aa38652
Jacob Kantor,Mara Koval,"7/28/26, 1:36 PM",,OUTGOING,https://www.linkedin.com/in/thejacobkantor,https://www.linkedin.com/in/mara-koval
Jacob Kantor,Laura Clingler,"7/28/26, 7:27 AM",,OUTGOING,https://www.linkedin.com/in/thejacobkantor,https://www.linkedin.com/in/lauraclingler
Jacob Kantor,Chuck Kalender,"7/28/26, 7:26 AM",,OUTGOING,https://www.linkedin.com/in/thejacobkantor,https://www.linkedin.com/in/chuck-kalender-b819b827
Jacob Kantor,Christopher S.,"7/28/26, 7:27 AM",,OUTGOING,https://www.linkedin.com/in/thejacobkantor,https://www.linkedin.com/in/cscherban
Jacob Kantor,April Ivery Ed.D,"7/28/26, 7:26 AM",,OUTGOING,https://www.linkedin.com/in/thejacobkantor,https://www.linkedin.com/in/april-ivery-ed-d-461210132
Jacob Kantor,Jason Yeung,"7/27/26, 9:22 PM",,OUTGOING,https://www.linkedin.com/in/thejacobkantor,https://www.linkedin.com/in/jason-yeung-printlab
Jacob Kantor,David Magill,"7/27/26, 8:54 PM",,OUTGOING,https://www.linkedin.com/in/thejacobkantor,https://www.linkedin.com/in/david-magill-817b88b
Jacob Kantor,Victoria Stern,"7/27/26, 8:54 PM",,OUTGOING,https://www.linkedin.com/in/thejacobkantor,https://www.linkedin.com/in/victoria-stern-234354405
Jacob Kantor,Lynne Beros-Lincoln,"7/27/26, 7:25 PM",,OUTGOING,https://www.linkedin.com/in/thejacobkantor,https://www.linkedin.com/in/lynne-beros-lincoln-389187163
Jacob Kantor,Jessica Jacobson ,"7/27/26, 7:25 PM",,OUTGOING,https://www.linkedin.com/in/thejacobkantor,https://www.linkedin.com/in/jessica-jacobson-43b03359
Jacob Kantor,"Greg Corack, Ed.D.","7/27/26, 7:25 PM",,OUTGOING,https://www.linkedin.com/in/thejacobkantor,https://www.linkedin.com/in/greg-corack
Jacob Kantor,Mehran Abjar,"7/27/26, 6:45 PM",,OUTGOING,https://www.linkedin.com/in/thejacobkantor,https://www.linkedin.com/in/mehran-abjar-73bb06122
Jacob Kantor,Jon-Paul Mitchom,"7/27/26, 6:44 PM",,OUTGOING,https://www.linkedin.com/in/thejacobkantor,https://www.linkedin.com/in/jon-paul-mitchom-5b9297423
Jacob Kantor,Emanuele Marangio,"7/27/26, 6:44 PM",,OUTGOING,https://www.linkedin.com/in/thejacobkantor,https://www.linkedin.com/in/emanuele-marangio-9a6a8552
Jacob Kantor,Susana Tomaz,"7/27/26, 2:43 PM",,OUTGOING,https://www.linkedin.com/in/thejacobkantor,https://www.linkedin.com/in/susana-tomaz
Jacob Kantor,Jarod Rocco M.A.T,"7/27/26, 11:42 AM",,OUTGOING,https://www.linkedin.com/in/thejacobkantor,https://www.linkedin.com/in/jarod-rocco
Jacob Kantor,Geoffrey Fenelus,"7/27/26, 11:42 AM",,OUTGOING,https://www.linkedin.com/in/thejacobkantor,https://www.linkedin.com/in/geoffrey-fenelus
Jacob Kantor,Simeon Frang,"7/27/26, 11:42 AM",,OUTGOING,https://www.linkedin.com/in/thejacobkantor,https://www.linkedin.com/in/simeon-frang-b8821224
Jacob Kantor,Carmen Araoz (D.P.A),"7/27/26, 11:42 AM",,OUTGOING,https://www.linkedin.com/in/thejacobkantor,https://www.linkedin.com/in/carmen-araoz-dpa
Jacob Kantor,Joseph Anderson,"7/27/26, 11:42 AM",,OUTGOING,https://www.linkedin.com/in/thejacobkantor,https://www.linkedin.com/in/joseph-anderson-90a703183
Jacob Kantor,Nicholas Travis,"7/27/26, 6:46 AM",,OUTGOING,https://www.linkedin.com/in/thejacobkantor,https://www.linkedin.com/in/nicholas-travis-ba96091a0
Jacob Kantor,Ron Jones,"7/27/26, 6:46 AM",,OUTGOING,https://www.linkedin.com/in/thejacobkantor,https://www.linkedin.com/in/ronjonesbusdev
Jacob Kantor,Kristan Peavy,"7/26/26, 8:13 PM",,OUTGOING,https://www.linkedin.com/in/thejacobkantor,https://www.linkedin.com/in/kristan-peavy-christianedguru
Jacob Kantor,"Jillian Diffee, RID, IIDA","7/26/26, 8:13 PM",,OUTGOING,https://www.linkedin.com/in/thejacobkantor,https://www.linkedin.com/in/jillian-diffee
Jacob Kantor,Arnulfo Cumbe Vallejo,"7/26/26, 8:13 PM",,OUTGOING,https://www.linkedin.com/in/thejacobkantor,https://www.linkedin.com/in/arnulfo-cumbe-vallejo-a03678111
Jacob Kantor,Vance Mattis,"7/26/26, 8:13 PM",,OUTGOING,https://www.linkedin.com/in/thejacobkantor,https://www.linkedin.com/in/vance-mattis
Jacob Kantor,Daniel Park,"7/26/26, 8:13 PM",,OUTGOING,https://www.linkedin.com/in/thejacobkantor,https://www.linkedin.com/in/dpark28
Jacob Kantor,Cody Gates,"7/26/26, 8:12 PM",,OUTGOING,https://www.linkedin.com/in/thejacobkantor,https://www.linkedin.com/in/cody-gates-23896365
Jacob Kantor,Lindsay Haldeman,"7/26/26, 8:13 PM",,OUTGOING,https://www.linkedin.com/in/thejacobkantor,https://www.linkedin.com/in/lindsay-haldeman-88670a3
Jacob Kantor,Tiffany Mullin,"7/26/26, 8:13 PM",,OUTGOING,https://www.linkedin.com/in/thejacobkantor,https://www.linkedin.com/in/mullint
Jacob Kantor,Samantha Tomacruz,"7/26/26, 8:13 PM",,OUTGOING,https://www.linkedin.com/in/thejacobkantor,https://www.linkedin.com/in/samantha-tomacruz
Jacob Kantor,Elen Gabrielyan,"7/26/26, 6:55 PM",,OUTGOING,https://www.linkedin.com/in/thejacobkantor,https://www.linkedin.com/in/elen-gabrielyan-407b03128
Jacob Kantor,Robert Perez Garcia,"7/26/26, 6:55 PM",,OUTGOING,https://www.linkedin.com/in/thejacobkantor,https://www.linkedin.com/in/robertperezgarcia
Jacob Kantor,Antonio Melé,"7/26/26, 6:55 PM",,OUTGOING,https://www.linkedin.com/in/thejacobkantor,https://www.linkedin.com/in/amele
Jacob Kantor,George Dekermenjian,"7/26/26, 6:55 PM",,OUTGOING,https://www.linkedin.com/in/thejacobkantor,https://www.linkedin.com/in/gdekermenjian
Jacob Kantor,Muneeb Ahmad,"7/26/26, 9:05 AM",,OUTGOING,https://www.linkedin.com/in/thejacobkantor,https://www.linkedin.com/in/muneeb-ahmad-a729b6392
Jacob Kantor,Bryan Hough,"7/26/26, 9:05 AM",,OUTGOING,https://www.linkedin.com/in/thejacobkantor,https://www.linkedin.com/in/bryanmhough
Jacob Kantor,Dayanne Goncalves,"7/25/26, 10:13 PM",,OUTGOING,https://www.linkedin.com/in/thejacobkantor,https://www.linkedin.com/in/dayanne-goncalves-a26947241
Jacob Kantor,Kevin Campbell,"7/25/26, 10:13 PM",,OUTGOING,https://www.linkedin.com/in/thejacobkantor,https://www.linkedin.com/in/kevin-c-3b165a1
Jacob Kantor,Nicole Anderson,"7/25/26, 10:13 PM",,OUTGOING,https://www.linkedin.com/in/thejacobkantor,https://www.linkedin.com/in/nicole-anderson-62311510
Jacob Kantor,Steven D'Agustino,"7/25/26, 9:35 PM",,OUTGOING,https://www.linkedin.com/in/thejacobkantor,https://www.linkedin.com/in/dagustino
Jacob Kantor,Eric Lawson,"7/25/26, 9:08 PM",,OUTGOING,https://www.linkedin.com/in/thejacobkantor,https://www.linkedin.com/in/eric-lawson-78562825
Jacob Kantor,Sean Cronin,"7/25/26, 4:44 PM",,OUTGOING,https://www.linkedin.com/in/thejacobkantor,https://www.linkedin.com/in/seandcronin
Jacob Kantor,Elise Ecoff,"7/25/26, 4:44 PM",,OUTGOING,https://www.linkedin.com/in/thejacobkantor,https://www.linkedin.com/in/elise-ecoff-75135050
Jacob Kantor,Kawanna Jones,"7/25/26, 1:08 PM",,OUTGOING,https://www.linkedin.com/in/thejacobkantor,https://www.linkedin.com/in/kawjones
Jacob Kantor,Adam Cohen,"7/25/26, 11:51 AM",,OUTGOING,https://www.linkedin.com/in/thejacobkantor,https://www.linkedin.com/in/adam-cohen-60280050
Jacob Kantor,Tyler Van Bussum,"7/25/26, 11:50 AM",,OUTGOING,https://www.linkedin.com/in/thejacobkantor,https://www.linkedin.com/in/tlvanbussum
Jacob Kantor,Cristina Cubelos,"7/25/26, 8:13 AM",,OUTGOING,https://www.linkedin.com/in/thejacobkantor,https://www.linkedin.com/in/cristina-cubelos-a99457109
Jacob Kantor,"Erica Hix, M.S.","7/24/26, 9:19 PM",,OUTGOING,https://www.linkedin.com/in/thejacobkantor,https://www.linkedin.com/in/erica-hix-m-s-0a0280182
Jacob Kantor,Jordan Thomas,"7/24/26, 9:14 PM",,OUTGOING,https://www.linkedin.com/in/thejacobkantor,https://www.linkedin.com/in/jordyinindy
Jacob Kantor,"Justin Faulkner, EdD","7/24/26, 8:30 PM",,OUTGOING,https://www.linkedin.com/in/thejacobkantor,https://www.linkedin.com/in/justinfaulkner1
Jacob Kantor,"Yvonne Borkowski, Ed.D.","7/24/26, 7:07 PM",,OUTGOING,https://www.linkedin.com/in/thejacobkantor,https://www.linkedin.com/in/yvonne-borkowski-ed-d-a56755160
Jacob Kantor,Kimberly Hargrove,"7/24/26, 7:07 PM",,OUTGOING,https://www.linkedin.com/in/thejacobkantor,https://www.linkedin.com/in/kimberlymmason
Jacob Kantor,Musa Yaseeen,"7/24/26, 7:07 PM",,OUTGOING,https://www.linkedin.com/in/thejacobkantor,https://www.linkedin.com/in/musa-yaseeen-247547290
Jacob Kantor,Luca Bianco,"7/24/26, 7:07 PM",,OUTGOING,https://www.linkedin.com/in/thejacobkantor,https://www.linkedin.com/in/luca-bianco-561558343
Jacob Kantor,Awais Ahsan,"7/24/26, 7:07 PM",,OUTGOING,https://www.linkedin.com/in/thejacobkantor,https://www.linkedin.com/in/berkeleymba
Jacob Kantor,Paul Miller,"7/24/26, 2:01 AM",,OUTGOING,https://www.linkedin.com/in/thejacobkantor,https://www.linkedin.com/in/paulmillered
Jacob Kantor,"Angela Brown, MBA","7/23/26, 7:51 PM",,OUTGOING,https://www.linkedin.com/in/thejacobkantor,https://www.linkedin.com/in/angelambrown
Jacob Kantor,"Brian Dabney, MBA, QKA","7/23/26, 7:52 PM",,OUTGOING,https://www.linkedin.com/in/thejacobkantor,https://www.linkedin.com/in/brian-dabney-mba-qka-a581281b
Jacob Kantor,"Anne Pasco, MCSE, CETL","7/23/26, 7:51 PM",,OUTGOING,https://www.linkedin.com/in/thejacobkantor,https://www.linkedin.com/in/annehpasco
Jacob Kantor,"Danielle Pricer, NCSP","7/23/26, 7:51 PM",,OUTGOING,https://www.linkedin.com/in/thejacobkantor,https://www.linkedin.com/in/danipricer412
Jacob Kantor,Ruben G.,"7/23/26, 7:51 PM",,OUTGOING,https://www.linkedin.com/in/thejacobkantor,https://www.linkedin.com/in/rubengarzaiii
Jacob Kantor,Priscilla Guerra,"7/23/26, 7:02 PM",,OUTGOING,https://www.linkedin.com/in/thejacobkantor,https://www.linkedin.com/in/priscillaguerra
Jacob Kantor,Stefan van Eerde,"7/23/26, 7:02 PM",,OUTGOING,https://www.linkedin.com/in/thejacobkantor,https://www.linkedin.com/in/stefanvaneerde
Jacob Kantor,Chris Balik,"7/23/26, 2:13 PM",,OUTGOING,https://www.linkedin.com/in/thejacobkantor,https://www.linkedin.com/in/chrisbalik
Jacob Kantor,Brittney Andrade,"7/23/26, 2:13 PM",,OUTGOING,https://www.linkedin.com/in/thejacobkantor,https://www.linkedin.com/in/brittney-andrade-9947b91a7
Jacob Kantor,Peter Moore,"7/23/26, 2:13 PM",,OUTGOING,https://www.linkedin.com/in/thejacobkantor,https://www.linkedin.com/in/peter-moore-437412192
Jacob Kantor,Max Pavlov,"7/23/26, 5:12 AM",,OUTGOING,https://www.linkedin.com/in/thejacobkantor,https://www.linkedin.com/in/max-pavlov-96644931
Jacob Kantor,Abby Fisch,"7/22/26, 9:49 PM",,OUTGOING,https://www.linkedin.com/in/thejacobkantor,https://www.linkedin.com/in/abbyrfisch
Jacob Kantor,Marc Rufa,"7/22/26, 7:39 PM",,OUTGOING,https://www.linkedin.com/in/thejacobkantor,https://www.linkedin.com/in/marc-rufa-7b3592bb
Jacob Kantor,Richard Downes,"7/22/26, 7:38 PM",,OUTGOING,https://www.linkedin.com/in/thejacobkantor,https://www.linkedin.com/in/richardadownes
Jacob Kantor,Aneesh Pandoh,"7/22/26, 7:38 PM",,OUTGOING,https://www.linkedin.com/in/thejacobkantor,https://www.linkedin.com/in/anpandoh
Jacob Kantor,Mark Erlenwein,"7/22/26, 7:38 PM",,OUTGOING,https://www.linkedin.com/in/thejacobkantor,https://www.linkedin.com/in/mark-erlenwein-41170162
Jacob Kantor,"Mary Bevan, RDN, MPH","7/22/26, 7:38 PM",,OUTGOING,https://www.linkedin.com/in/thejacobkantor,https://www.linkedin.com/in/mary-bevan-rdn-mph-648566207
Jacob Kantor,Jason Rardin,"7/21/26, 10:00 PM",,OUTGOING,https://www.linkedin.com/in/thejacobkantor,https://www.linkedin.com/in/jason-rardin-sales
Jacob Kantor,Lera Maslova,"7/21/26, 10:00 PM",,OUTGOING,https://www.linkedin.com/in/thejacobkantor,https://www.linkedin.com/in/lera-maslova
Jacob Kantor,Dr. Ryan Sherman,"7/21/26, 10:00 PM",,OUTGOING,https://www.linkedin.com/in/thejacobkantor,https://www.linkedin.com/in/ryan-sherman-dbh
Jacob Kantor,Sahithi Padidela,"7/21/26, 10:00 PM",,OUTGOING,https://www.linkedin.com/in/thejacobkantor,https://www.linkedin.com/in/sahithi-padidela
Jacob Kantor,Abhishek Senapati,"7/21/26, 10:00 PM",,OUTGOING,https://www.linkedin.com/in/thejacobkantor,https://www.linkedin.com/in/abhishek-senapati94
Jacob Kantor,Josh Sumption,"7/21/26, 10:00 PM",,OUTGOING,https://www.linkedin.com/in/thejacobkantor,https://www.linkedin.com/in/joshsumption
Jacob Kantor,Matthew Pomara (MMP),"7/21/26, 9:59 PM",,OUTGOING,https://www.linkedin.com/in/thejacobkantor,https://www.linkedin.com/in/matthew-pomara-mmp-69273014
Jacob Kantor,Maddy Solomon,"7/21/26, 6:57 PM",,OUTGOING,https://www.linkedin.com/in/thejacobkantor,https://www.linkedin.com/in/maddy-solomon-37a029175
Jacob Kantor,Kapil Sharma,"7/20/26, 10:17 PM",,OUTGOING,https://www.linkedin.com/in/thejacobkantor,https://www.linkedin.com/in/kapil-sharma-5a409720a
Jacob Kantor,Robert Mayfield,"7/20/26, 10:17 PM",,OUTGOING,https://www.linkedin.com/in/thejacobkantor,https://www.linkedin.com/in/rmayfieldedu
Jacob Kantor,Guido Cristofori,"7/20/26, 10:16 PM",,OUTGOING,https://www.linkedin.com/in/thejacobkantor,https://www.linkedin.com/in/gcristofori
Jacob Kantor,Arfah Abad,"7/20/26, 10:16 PM",,OUTGOING,https://www.linkedin.com/in/thejacobkantor,https://www.linkedin.com/in/arfah-abad-a15a64282
Jacob Kantor,Chad Leptich,"7/20/26, 10:16 PM",,OUTGOING,https://www.linkedin.com/in/thejacobkantor,https://www.linkedin.com/in/chad-leptich-54aaa566
Jacob Kantor,Xander Peck,"7/20/26, 10:16 PM",,OUTGOING,https://www.linkedin.com/in/thejacobkantor,https://www.linkedin.com/in/xander-peck
Jacob Kantor,Omer Rabin,"7/20/26, 10:16 PM",,OUTGOING,https://www.linkedin.com/in/thejacobkantor,https://www.linkedin.com/in/omer-r
Jacob Kantor,Upendo Nawire,"7/20/26, 10:16 PM",,OUTGOING,https://www.linkedin.com/in/thejacobkantor,https://www.linkedin.com/in/upendonawire
Jacob Kantor,Katie Driscoll,"7/20/26, 10:16 PM",,OUTGOING,https://www.linkedin.com/in/thejacobkantor,https://www.linkedin.com/in/katie-driscoll-3a63a9a2
Jacob Kantor,KAREN EGAN,"7/20/26, 10:16 PM",,OUTGOING,https://www.linkedin.com/in/thejacobkantor,https://www.linkedin.com/in/getfundedwithkarenegan
Jacob Kantor,"Ryan Fisk, Ed.D.","7/20/26, 10:16 PM",,OUTGOING,https://www.linkedin.com/in/thejacobkantor,https://www.linkedin.com/in/ryanfisk83
Jacob Kantor,Marisa Burkhart,"7/20/26, 10:16 PM",,OUTGOING,https://www.linkedin.com/in/thejacobkantor,https://www.linkedin.com/in/marisa-burkhart-a6213135
Jacob Kantor,Jack Powell,"7/19/26, 11:59 PM",,OUTGOING,https://www.linkedin.com/in/thejacobkantor,https://www.linkedin.com/in/jack-powell-02b07b184
Jacob Kantor,Curtis Mason,"7/19/26, 11:58 PM",,OUTGOING,https://www.linkedin.com/in/thejacobkantor,https://www.linkedin.com/in/curtis-mason-729376156
Jacob Kantor,Sean Doherty,"7/19/26, 11:58 PM",,OUTGOING,https://www.linkedin.com/in/thejacobkantor,https://www.linkedin.com/in/sean-m-doherty
Jacob Kantor,Akim J.,"7/19/26, 11:58 PM",,OUTGOING,https://www.linkedin.com/in/thejacobkantor,https://www.linkedin.com/in/ajc530
Jacob Kantor,Ashley Fedor,"7/19/26, 11:58 PM",,OUTGOING,https://www.linkedin.com/in/thejacobkantor,https://www.linkedin.com/in/ashleyfedor
Jacob Kantor,Nora Hasrat,"7/19/26, 11:58 PM",,OUTGOING,https://www.linkedin.com/in/thejacobkantor,https://www.linkedin.com/in/nora-hasrat-196a2315a
Jacob Kantor,Cydney Chai,"7/19/26, 11:58 PM",,OUTGOING,https://www.linkedin.com/in/thejacobkantor,https://www.linkedin.com/in/cydchai
Jacob Kantor,"Molly Ryan, M. Ed","7/19/26, 11:58 PM",,OUTGOING,https://www.linkedin.com/in/thejacobkantor,https://www.linkedin.com/in/mollykryan
Jacob Kantor,Ryan Manthy,"7/19/26, 11:58 PM",,OUTGOING,https://www.linkedin.com/in/thejacobkantor,https://www.linkedin.com/in/ryanmanthy
Jacob Kantor,Meredith Williams,"7/19/26, 7:52 PM",,OUTGOING,https://www.linkedin.com/in/thejacobkantor,https://www.linkedin.com/in/meredith-williams-7974b23a
Jacob Kantor,Jewlana S.,"7/19/26, 5:31 PM",,OUTGOING,https://www.linkedin.com/in/thejacobkantor,https://www.linkedin.com/in/jewlana-s-a99a7b1a1
Jacob Kantor,Michal Avera Samuel M.Ed.,"7/19/26, 5:31 PM",,OUTGOING,https://www.linkedin.com/in/thejacobkantor,https://www.linkedin.com/in/michal-avera-samuel
Jacob Kantor,Chris Hopper,"7/19/26, 5:31 PM",,OUTGOING,https://www.linkedin.com/in/thejacobkantor,https://www.linkedin.com/in/chris-hopper-b072a6300
Jacob Kantor,Marisa Silver,"7/19/26, 5:30 PM",,OUTGOING,https://www.linkedin.com/in/thejacobkantor,https://www.linkedin.com/in/marisa-silver
Jacob Kantor,"Shakeatha Butler, Ed.D.","7/19/26, 5:30 PM",,OUTGOING,https://www.linkedin.com/in/thejacobkantor,https://www.linkedin.com/in/shakeatha-butler-ed-d-3aa8a9114
Jacob Kantor,Valentina Devid,"7/19/26, 5:30 PM",,OUTGOING,https://www.linkedin.com/in/thejacobkantor,https://www.linkedin.com/in/valentina-devid-99192529
Jacob Kantor,PRANAV DAS,"7/19/26, 5:30 PM",,OUTGOING,https://www.linkedin.com/in/thejacobkantor,https://www.linkedin.com/in/pranavdas-niaeduskills
Jacob Kantor,SID Sharadh A Dixith,"7/19/26, 5:29 PM",,OUTGOING,https://www.linkedin.com/in/thejacobkantor,https://www.linkedin.com/in/sharadhadixith
Jacob Kantor,Laurietta Goosen,"7/19/26, 5:29 PM",,OUTGOING,https://www.linkedin.com/in/thejacobkantor,https://www.linkedin.com/in/laurietta-goosen-38b97959
Jacob Kantor,Arinjoy Basak,"7/19/26, 4:49 PM",,OUTGOING,https://www.linkedin.com/in/thejacobkantor,https://www.linkedin.com/in/arinjoy-basak-a5341796
Jacob Kantor,Shane Heifferon,"7/19/26, 4:49 PM",,OUTGOING,https://www.linkedin.com/in/thejacobkantor,https://www.linkedin.com/in/shaneheifferon
Jacob Kantor,Rishi Narang,"7/19/26, 7:21 AM",,OUTGOING,https://www.linkedin.com/in/thejacobkantor,https://www.linkedin.com/in/rishi-narang-7b3239296
Jacob Kantor,Laura Orozco,"7/19/26, 12:41 AM",,OUTGOING,https://www.linkedin.com/in/thejacobkantor,https://www.linkedin.com/in/laura-orozco-936718b7
Jacob Kantor,Tony Fynn,"7/19/26, 12:11 AM",,OUTGOING,https://www.linkedin.com/in/thejacobkantor,https://www.linkedin.com/in/tony-fynn-41849184
Jacob Kantor,Cerys Dyke,"7/18/26, 11:49 PM",,OUTGOING,https://www.linkedin.com/in/thejacobkantor,https://www.linkedin.com/in/cerys-dyke-66657b19b
Jacob Kantor,"Jason Breslin, NBCT","7/18/26, 10:55 PM",,OUTGOING,https://www.linkedin.com/in/thejacobkantor,https://www.linkedin.com/in/jason-breslin-nbct
Jacob Kantor,"Martha Vega, M.Ed","7/18/26, 10:55 PM",,OUTGOING,https://www.linkedin.com/in/thejacobkantor,https://www.linkedin.com/in/marthavega22
Jacob Kantor,Thomas Filshill,"7/18/26, 8:50 PM",,OUTGOING,https://www.linkedin.com/in/thejacobkantor,https://www.linkedin.com/in/thomasfilshill
Jacob Kantor,Michael Marino,"7/18/26, 8:48 PM",,OUTGOING,https://www.linkedin.com/in/thejacobkantor,https://www.linkedin.com/in/michaelsmarino
Jacob Kantor,"Thomas ""T.D."" Dickson","7/18/26, 4:27 PM",,OUTGOING,https://www.linkedin.com/in/thejacobkantor,https://www.linkedin.com/in/thomas-t-d-dickson-3185371b
Jacob Kantor,Tim Altpeter,"7/18/26, 1:43 PM",,OUTGOING,https://www.linkedin.com/in/thejacobkantor,https://www.linkedin.com/in/tim-altpeter-19019b57
Jacob Kantor,Tristan Deschler,"7/18/26, 1:42 PM",,OUTGOING,https://www.linkedin.com/in/thejacobkantor,https://www.linkedin.com/in/tristandeschler
Jacob Kantor,Maximilian Lang,"7/18/26, 1:42 PM",,OUTGOING,https://www.linkedin.com/in/thejacobkantor,https://www.linkedin.com/in/lang-software
Jacob Kantor,Beili Chou,"7/18/26, 1:41 PM",,OUTGOING,https://www.linkedin.com/in/thejacobkantor,https://www.linkedin.com/in/beilichou
Jacob Kantor,"Joshua G. Scott, PhD","7/18/26, 1:41 PM",,OUTGOING,https://www.linkedin.com/in/thejacobkantor,https://www.linkedin.com/in/joshuascott2022
Jacob Kantor,Kaan Sirin,"7/18/26, 1:40 PM",,OUTGOING,https://www.linkedin.com/in/thejacobkantor,https://www.linkedin.com/in/kaan-sirin
Jacob Kantor,Jackie S Olsen,"7/18/26, 7:09 AM",,OUTGOING,https://www.linkedin.com/in/thejacobkantor,https://www.linkedin.com/in/jackie-s-olsen-79398253
Jacob Kantor,Rishi S.,"7/17/26, 8:18 PM",,OUTGOING,https://www.linkedin.com/in/thejacobkantor,https://www.linkedin.com/in/rishi-singh
Jacob Kantor,"Tianna Lucas, MBA","7/17/26, 8:17 PM",,OUTGOING,https://www.linkedin.com/in/thejacobkantor,https://www.linkedin.com/in/tiannalucas
Jacob Kantor,"Edward Lai, MPH","7/17/26, 8:17 PM",,OUTGOING,https://www.linkedin.com/in/thejacobkantor,https://www.linkedin.com/in/edwarddlai
Jacob Kantor,Abbas Manjee,"7/17/26, 8:10 PM",,OUTGOING,https://www.linkedin.com/in/thejacobkantor,https://www.linkedin.com/in/abbasmanjee
Jacob Kantor,Chavonne Graham,"7/17/26, 3:07 PM",,OUTGOING,https://www.linkedin.com/in/thejacobkantor,https://www.linkedin.com/in/chavonne-graham-28a60499
Jacob Kantor,"Richard K. Ramos, Ed.D.","7/17/26, 3:06 PM",,OUTGOING,https://www.linkedin.com/in/thejacobkantor,https://www.linkedin.com/in/richard-k-ramos-ed-d-2347b0144
Jacob Kantor,Ronald Banner,"7/17/26, 2:51 PM",,OUTGOING,https://www.linkedin.com/in/thejacobkantor,https://www.linkedin.com/in/ronald-banner-120989b
Jacob Kantor,Sonali Chandmal (Lamot),"7/17/26, 2:39 PM",,OUTGOING,https://www.linkedin.com/in/thejacobkantor,https://www.linkedin.com/in/sonali-chandmal-lamot-7702844
Jacob Kantor,Brian Beedenbender,"7/17/26, 7:27 AM",,OUTGOING,https://www.linkedin.com/in/thejacobkantor,https://www.linkedin.com/in/brianbeedenbender
Jacob Kantor,Erreick Stewart,"7/17/26, 6:21 AM",,OUTGOING,https://www.linkedin.com/in/thejacobkantor,https://www.linkedin.com/in/erreickstewart
Jacob Kantor,Michael Nitti,"7/17/26, 6:20 AM",,OUTGOING,https://www.linkedin.com/in/thejacobkantor,https://www.linkedin.com/in/michael-nitti-941ba91b6
Jacob Kantor,Keith Dennison M.Ed.,"7/17/26, 6:20 AM",,OUTGOING,https://www.linkedin.com/in/thejacobkantor,https://www.linkedin.com/in/keithdennison
Jacob Kantor,Christopher Callanan,"7/17/26, 6:04 AM",,OUTGOING,https://www.linkedin.com/in/thejacobkantor,https://www.linkedin.com/in/callanan
Jacob Kantor,Theresa Pogach,"7/17/26, 6:04 AM",,OUTGOING,https://www.linkedin.com/in/thejacobkantor,https://www.linkedin.com/in/theresa-pogach-152848100
Jacob Kantor,"Michelle CarneyRay-Yoder, Ed.D.","7/17/26, 6:04 AM",,OUTGOING,https://www.linkedin.com/in/thejacobkantor,https://www.linkedin.com/in/mcarneyray71
Jacob Kantor,Gina Marie Frasca Ed.D,"7/17/26, 6:04 AM",,OUTGOING,https://www.linkedin.com/in/thejacobkantor,https://www.linkedin.com/in/gina-marie-frasca-ed-d-9256b4b2
Jacob Kantor,Monica Schroeder,"7/16/26, 9:24 PM",,OUTGOING,https://www.linkedin.com/in/thejacobkantor,https://www.linkedin.com/in/monica-schroeder-36167ab4
Jacob Kantor,Nate Kilburn,"7/16/26, 8:48 PM",,OUTGOING,https://www.linkedin.com/in/thejacobkantor,https://www.linkedin.com/in/natekilburn
Jacob Kantor,Tammy Jones,"7/16/26, 5:53 PM",,OUTGOING,https://www.linkedin.com/in/thejacobkantor,https://www.linkedin.com/in/tammy-jones-303a51b5
Jacob Kantor,Dan Corrao,"7/16/26, 5:53 PM",,OUTGOING,https://www.linkedin.com/in/thejacobkantor,https://www.linkedin.com/in/dan-corrao
Jacob Kantor,Stephanie Beagle,"7/16/26, 5:52 PM",,OUTGOING,https://www.linkedin.com/in/thejacobkantor,https://www.linkedin.com/in/stephanie-beagle-bb56a0244
Jacob Kantor,"Robin Carnick, M.Ed., CCSM","7/16/26, 5:52 PM",,OUTGOING,https://www.linkedin.com/in/thejacobkantor,https://www.linkedin.com/in/robincarnick
Jacob Kantor,Melissa Strum,"7/16/26, 5:52 PM",,OUTGOING,https://www.linkedin.com/in/thejacobkantor,https://www.linkedin.com/in/melissastrum
Jacob Kantor,George Stern,"7/15/26, 7:21 PM",,OUTGOING,https://www.linkedin.com/in/thejacobkantor,https://www.linkedin.com/in/george-stern
Jacob Kantor,Brian Bouchard,"7/15/26, 6:59 PM",,OUTGOING,https://www.linkedin.com/in/thejacobkantor,https://www.linkedin.com/in/brian-bouchard
Jacob Kantor,Trent Johnstone,"7/15/26, 5:37 PM",,OUTGOING,https://www.linkedin.com/in/thejacobkantor,https://www.linkedin.com/in/trent-johnstone-13061311
Jacob Kantor,Carlos Serra,"7/15/26, 4:11 PM",,OUTGOING,https://www.linkedin.com/in/thejacobkantor,https://www.linkedin.com/in/cdserra
Jacob Kantor,Morgan Paese,"7/15/26, 4:11 PM",,OUTGOING,https://www.linkedin.com/in/thejacobkantor,https://www.linkedin.com/in/morganpaese
Jacob Kantor,Neelam Naugain,"7/15/26, 4:11 PM",,OUTGOING,https://www.linkedin.com/in/thejacobkantor,https://www.linkedin.com/in/neelam-naugain-a05a7123a
Jacob Kantor,Andrew Grant,"7/15/26, 4:11 PM",,OUTGOING,https://www.linkedin.com/in/thejacobkantor,https://www.linkedin.com/in/andrew-grant-isu
Jacob Kantor,Dave Elder,"7/15/26, 4:11 PM",,OUTGOING,https://www.linkedin.com/in/thejacobkantor,https://www.linkedin.com/in/davidelder11
Jacob Kantor,Ryals Parker,"7/15/26, 11:52 AM",,OUTGOING,https://www.linkedin.com/in/thejacobkantor,https://www.linkedin.com/in/ryalsparker
Jacob Kantor,"Damarco Lampkin, MBA","7/15/26, 11:52 AM",,OUTGOING,https://www.linkedin.com/in/thejacobkantor,https://www.linkedin.com/in/damarcolampkin
Jacob Kantor,Harsha Dodani,"7/15/26, 11:52 AM",,OUTGOING,https://www.linkedin.com/in/thejacobkantor,https://www.linkedin.com/in/harsha-dodani-aab585114
Jacob Kantor,Lauren Cienfuegos,"7/15/26, 11:52 AM",,OUTGOING,https://www.linkedin.com/in/thejacobkantor,https://www.linkedin.com/in/lauren-cienfuegos-520b72132
Jacob Kantor,Serena Huynh,"7/15/26, 11:52 AM",,OUTGOING,https://www.linkedin.com/in/thejacobkantor,https://www.linkedin.com/in/serena-huynh-305963196
Jacob Kantor,Dr. Kristen Campbell,"7/15/26, 11:52 AM",,OUTGOING,https://www.linkedin.com/in/thejacobkantor,https://www.linkedin.com/in/dr-kristen-campbell-7b366a27
Jacob Kantor,Richard Yoes,"7/15/26, 11:52 AM",,OUTGOING,https://www.linkedin.com/in/thejacobkantor,https://www.linkedin.com/in/richard-yoes-052bb4bb
Jacob Kantor,Shane Fisher,"7/15/26, 9:42 AM",,OUTGOING,https://www.linkedin.com/in/thejacobkantor,https://www.linkedin.com/in/shanefisher-edtech
Jacob Kantor,Kelly Steele,"7/15/26, 9:42 AM",,OUTGOING,https://www.linkedin.com/in/thejacobkantor,https://www.linkedin.com/in/kelly-steele-1160a456
Jacob Kantor,Erica Johnson,"7/15/26, 9:42 AM",,OUTGOING,https://www.linkedin.com/in/thejacobkantor,https://www.linkedin.com/in/erica-johnson-5b25b217a
Jacob Kantor,"Victor Black, Ed.D.","7/15/26, 9:42 AM",,OUTGOING,https://www.linkedin.com/in/thejacobkantor,https://www.linkedin.com/in/victor-black-ed-d-8b728062
Jacob Kantor,Dr. Amy Mathews-Perez,"7/15/26, 9:21 AM",,OUTGOING,https://www.linkedin.com/in/thejacobkantor,https://www.linkedin.com/in/dr-amp-learn-with-me
Jacob Kantor,Colleen Sommer,"7/15/26, 9:21 AM",,OUTGOING,https://www.linkedin.com/in/thejacobkantor,https://www.linkedin.com/in/colleenjaneschafer
Jacob Kantor,Maureen Young,"7/15/26, 7:30 AM",,OUTGOING,https://www.linkedin.com/in/thejacobkantor,https://www.linkedin.com/in/maureen-young-tech-coach
Jacob Kantor,Kelsey McLaughlin,"7/15/26, 7:31 AM",,OUTGOING,https://www.linkedin.com/in/thejacobkantor,https://www.linkedin.com/in/kelsey-mclaughlin-96770069
Jacob Kantor,Matthew Adamski,"7/15/26, 7:30 AM",,OUTGOING,https://www.linkedin.com/in/thejacobkantor,https://www.linkedin.com/in/mattadamski
Jacob Kantor,Michael Beattie,"7/15/26, 7:31 AM",,OUTGOING,https://www.linkedin.com/in/thejacobkantor,https://www.linkedin.com/in/beattiemichael
Jacob Kantor,Prerna (Penny) Gupta,"7/14/26, 10:27 PM",,OUTGOING,https://www.linkedin.com/in/thejacobkantor,https://www.linkedin.com/in/prernapgupta
Jacob Kantor,Nicholas Brunner,"7/14/26, 9:38 PM",,OUTGOING,https://www.linkedin.com/in/thejacobkantor,https://www.linkedin.com/in/nicholas-brunner-5466b226
Jacob Kantor,Vikki Hutto,"7/14/26, 9:38 PM",,OUTGOING,https://www.linkedin.com/in/thejacobkantor,https://www.linkedin.com/in/vikki-hutto
Jacob Kantor,Ann Baum,"7/14/26, 9:38 PM",,OUTGOING,https://www.linkedin.com/in/thejacobkantor,https://www.linkedin.com/in/annbaum
Jacob Kantor,Cesar Flores,"7/14/26, 9:38 PM",,OUTGOING,https://www.linkedin.com/in/thejacobkantor,https://www.linkedin.com/in/cesar-flores-68b14758
Jacob Kantor,Juan Ramirez,"7/14/26, 9:38 PM",,OUTGOING,https://www.linkedin.com/in/thejacobkantor,https://www.linkedin.com/in/juanramirez-
Jacob Kantor,"Emma Goldberg, Ed.D","7/14/26, 9:38 PM",,OUTGOING,https://www.linkedin.com/in/thejacobkantor,https://www.linkedin.com/in/emmagoldberg417
Jacob Kantor,Sean Strathy,"7/14/26, 9:11 AM",,OUTGOING,https://www.linkedin.com/in/thejacobkantor,https://www.linkedin.com/in/sean-strathy
Jacob Kantor,Benjamin Smith,"7/14/26, 9:11 AM",,OUTGOING,https://www.linkedin.com/in/thejacobkantor,https://www.linkedin.com/in/benjamin-smith-12a8893
Jacob Kantor,Sheena Butler,"7/14/26, 9:11 AM",,OUTGOING,https://www.linkedin.com/in/thejacobkantor,https://www.linkedin.com/in/sheena-butler-61530794
Jacob Kantor,Arvind K. Somani,"7/14/26, 9:11 AM",,OUTGOING,https://www.linkedin.com/in/thejacobkantor,https://www.linkedin.com/in/arvindsomani
Jacob Kantor,Patty Kimmel,"7/13/26, 8:12 PM",,OUTGOING,https://www.linkedin.com/in/thejacobkantor,https://www.linkedin.com/in/pattykimmel
Jacob Kantor,Danielle McClary,"7/13/26, 8:12 PM",,OUTGOING,https://www.linkedin.com/in/thejacobkantor,https://www.linkedin.com/in/danielle-mcclary-3b87462b8
Jacob Kantor,Thomas R Baker,"7/13/26, 5:29 PM",,OUTGOING,https://www.linkedin.com/in/thejacobkantor,https://www.linkedin.com/in/trbaker
Jacob Kantor,Sandra (Gonzalez) Pepicelli,"7/13/26, 4:46 PM",,OUTGOING,https://www.linkedin.com/in/thejacobkantor,https://www.linkedin.com/in/sandra-gonzalez-pepicelli
Jacob Kantor,Cole Levis,"7/13/26, 4:46 PM",,OUTGOING,https://www.linkedin.com/in/thejacobkantor,https://www.linkedin.com/in/cole-levis
Jacob Kantor,Brendan Egan,"7/13/26, 4:45 PM",,OUTGOING,https://www.linkedin.com/in/thejacobkantor,https://www.linkedin.com/in/brendan-egan-22742329
Jacob Kantor,"Allison Scott, Ph.D.","7/13/26, 11:10 AM",,OUTGOING,https://www.linkedin.com/in/thejacobkantor,https://www.linkedin.com/in/allison-scott-ph-d-483b9027
Jacob Kantor,"Leo Bradley Jr., Ed.D., PHR, RTSBA ","7/13/26, 11:05 AM",,OUTGOING,https://www.linkedin.com/in/thejacobkantor,https://www.linkedin.com/in/leobradley
Jacob Kantor,"Treasure West, MBA","7/13/26, 11:05 AM",,OUTGOING,https://www.linkedin.com/in/thejacobkantor,https://www.linkedin.com/in/treasure-west-mba-0479153a3
Jacob Kantor,"Carlos Blair, Ed.D.","7/13/26, 11:05 AM",,OUTGOING,https://www.linkedin.com/in/thejacobkantor,https://www.linkedin.com/in/carlos-blair-ed-d-2149b342
Jacob Kantor,Patricia LeCompte,"7/13/26, 6:53 AM",,OUTGOING,https://www.linkedin.com/in/thejacobkantor,https://www.linkedin.com/in/patricialecompte
Jacob Kantor,Brock Hanney,"7/13/26, 6:52 AM",,OUTGOING,https://www.linkedin.com/in/thejacobkantor,https://www.linkedin.com/in/brock-hanney-592b192b0
Jacob Kantor,Kelly Drecourt,"7/13/26, 6:52 AM",,OUTGOING,https://www.linkedin.com/in/thejacobkantor,https://www.linkedin.com/in/kelly-drecourt
Jacob Kantor,Jillian Stackhouse-Frechette,"7/13/26, 6:52 AM",,OUTGOING,https://www.linkedin.com/in/thejacobkantor,https://www.linkedin.com/in/jillian-stackhouse-frechette
Jacob Kantor,Kyle McFarland,"7/12/26, 7:51 PM",,OUTGOING,https://www.linkedin.com/in/thejacobkantor,https://www.linkedin.com/in/kyle-h-mcfarland
Jacob Kantor,Lana Barros,"7/12/26, 7:34 PM",,OUTGOING,https://www.linkedin.com/in/thejacobkantor,https://www.linkedin.com/in/lana-barros-711391288
Jacob Kantor,Emily Nelson,"7/12/26, 7:35 PM",,OUTGOING,https://www.linkedin.com/in/thejacobkantor,https://www.linkedin.com/in/emily-nelson-a48847b9
Jacob Kantor,Joseph kwofie,"7/12/26, 7:28 PM",,OUTGOING,https://www.linkedin.com/in/thejacobkantor,https://www.linkedin.com/in/joseph-kwofie-31020a166
Jacob Kantor,Chris Avila,"7/12/26, 7:28 PM",,OUTGOING,https://www.linkedin.com/in/thejacobkantor,https://www.linkedin.com/in/chris-avila-335b68172
Jacob Kantor,Michael Holden,"7/12/26, 7:28 PM",,OUTGOING,https://www.linkedin.com/in/thejacobkantor,https://www.linkedin.com/in/michael-holden-950aa0218
Jacob Kantor,Kristen Kayser,"7/12/26, 7:25 PM",,OUTGOING,https://www.linkedin.com/in/thejacobkantor,https://www.linkedin.com/in/kristen-kayser
Jacob Kantor,Keith Wynne,"7/12/26, 5:30 PM",,OUTGOING,https://www.linkedin.com/in/thejacobkantor,https://www.linkedin.com/in/keith-wynne-a3798b8
Jacob Kantor,Adam Kulaas,"7/12/26, 5:25 PM",,OUTGOING,https://www.linkedin.com/in/thejacobkantor,https://www.linkedin.com/in/adam-kulaas-0b40b3297
Jacob Kantor,Stephen W. McCanless,"7/12/26, 5:24 PM",,OUTGOING,https://www.linkedin.com/in/thejacobkantor,https://www.linkedin.com/in/stephen-w-mccanless-3072b744
Jacob Kantor,Gigi Goodall,"7/12/26, 5:24 PM",,OUTGOING,https://www.linkedin.com/in/thejacobkantor,https://www.linkedin.com/in/gigi-goodall
Jacob Kantor,Randall Smith,"7/12/26, 5:24 PM",,OUTGOING,https://www.linkedin.com/in/thejacobkantor,https://www.linkedin.com/in/randalldavidsmith
Jacob Kantor,Shereen Ahlers,"7/12/26, 5:24 PM",,OUTGOING,https://www.linkedin.com/in/thejacobkantor,https://www.linkedin.com/in/shereen-ahlers-913736212
Jacob Kantor,Trent Lira,"7/12/26, 5:21 PM",,OUTGOING,https://www.linkedin.com/in/thejacobkantor,https://www.linkedin.com/in/trent-lira-670705122
Jacob Kantor,Amanda Juren,"7/12/26, 5:21 PM",,OUTGOING,https://www.linkedin.com/in/thejacobkantor,https://www.linkedin.com/in/amanda-juren
Jacob Kantor,Julio Munguia,"7/12/26, 5:22 PM",,OUTGOING,https://www.linkedin.com/in/thejacobkantor,https://www.linkedin.com/in/juliomunguia12
Jacob Kantor,Chyenne Roan-Santini,"7/12/26, 5:21 PM",,OUTGOING,https://www.linkedin.com/in/thejacobkantor,https://www.linkedin.com/in/chyenne-roan-santini-6774b6321
Jacob Kantor,Montgomery Collier,"7/12/26, 5:21 PM",,OUTGOING,https://www.linkedin.com/in/thejacobkantor,https://www.linkedin.com/in/montgomery-collier
Jacob Kantor,Gabriel K Leung,"7/12/26, 5:21 PM",,OUTGOING,https://www.linkedin.com/in/thejacobkantor,https://www.linkedin.com/in/gabeleung
Jacob Kantor,Tegan Bombard,"7/12/26, 5:21 PM",,OUTGOING,https://www.linkedin.com/in/thejacobkantor,https://www.linkedin.com/in/tegan-bombard-04996a1b2
Jacob Kantor,Thomas Dean,"7/12/26, 5:21 PM",,OUTGOING,https://www.linkedin.com/in/thejacobkantor,https://www.linkedin.com/in/thomasadean
Jacob Kantor,"Kyle Perri, M.Ed.","7/12/26, 5:21 PM",,OUTGOING,https://www.linkedin.com/in/thejacobkantor,https://www.linkedin.com/in/kyleperri
Jacob Kantor,Prashant Singh,"7/12/26, 5:21 PM",,OUTGOING,https://www.linkedin.com/in/thejacobkantor,https://www.linkedin.com/in/pbsingh
Jacob Kantor,"Carolyn Petrosian, M.S.","7/12/26, 5:21 PM",,OUTGOING,https://www.linkedin.com/in/thejacobkantor,https://www.linkedin.com/in/carolynpetrosian
Jacob Kantor,Edward Kelly,"7/12/26, 5:21 PM",,OUTGOING,https://www.linkedin.com/in/thejacobkantor,https://www.linkedin.com/in/edward-kelly-a83813b8
Jacob Kantor,"Danielle Schurman, M.Ed","7/12/26, 5:21 PM",,OUTGOING,https://www.linkedin.com/in/thejacobkantor,https://www.linkedin.com/in/danielleschurman
Jacob Kantor,"Lindsey Neff, M.Ed, CCSM","7/12/26, 5:21 PM",,OUTGOING,https://www.linkedin.com/in/thejacobkantor,https://www.linkedin.com/in/lindsey-neff
Jacob Kantor,Robert B.J. Mattingly,"7/12/26, 5:21 PM",,OUTGOING,https://www.linkedin.com/in/thejacobkantor,https://www.linkedin.com/in/robertbjmattingly
Jacob Kantor,Thomas Schultze,"7/12/26, 5:20 PM",,OUTGOING,https://www.linkedin.com/in/thejacobkantor,https://www.linkedin.com/in/thomasschultze
Jacob Kantor,Arianne Garner,"7/12/26, 5:21 PM",,OUTGOING,https://www.linkedin.com/in/thejacobkantor,https://www.linkedin.com/in/ariannegarner4
Jacob Kantor,Kimberley Gore Bridgeman,"7/12/26, 5:21 PM",,OUTGOING,https://www.linkedin.com/in/thejacobkantor,https://www.linkedin.com/in/kimgore
Jacob Kantor,Devika Toprani,"7/12/26, 5:20 PM",,OUTGOING,https://www.linkedin.com/in/thejacobkantor,https://www.linkedin.com/in/devika-toprani
Jacob Kantor,Marius Mueller,"7/12/26, 5:20 PM",,OUTGOING,https://www.linkedin.com/in/thejacobkantor,https://www.linkedin.com/in/marius-mueller-a0982a155
Jacob Kantor,Harvey V. Chism Jr,"7/12/26, 5:20 PM",,OUTGOING,https://www.linkedin.com/in/thejacobkantor,https://www.linkedin.com/in/harvey-v-chism-jr-303213102
Jacob Kantor,"Kevin Kneisley, MA","7/12/26, 5:20 PM",,OUTGOING,https://www.linkedin.com/in/thejacobkantor,https://www.linkedin.com/in/kevinkneisleyma
Jacob Kantor,Dan Restuccia,"7/12/26, 5:20 PM",,OUTGOING,https://www.linkedin.com/in/thejacobkantor,https://www.linkedin.com/in/danrestuccia
Jacob Kantor,Tracy Dignan,"7/12/26, 5:20 PM",,OUTGOING,https://www.linkedin.com/in/thejacobkantor,https://www.linkedin.com/in/tracydignan
Jacob Kantor,Caren F.,"7/12/26, 5:20 PM",,OUTGOING,https://www.linkedin.com/in/thejacobkantor,https://www.linkedin.com/in/drfernandez2020
Jacob Kantor,"Christopher Daily, Ed. S","7/12/26, 5:20 PM",,OUTGOING,https://www.linkedin.com/in/thejacobkantor,https://www.linkedin.com/in/christopher-daily-ed-s-0b306820b
Jacob Kantor,Jennifer Colman,"7/12/26, 5:20 PM",,OUTGOING,https://www.linkedin.com/in/thejacobkantor,https://www.linkedin.com/in/jennifer-colmanaustin
Jacob Kantor,Kerrilee DeHart,"7/12/26, 5:20 PM",,OUTGOING,https://www.linkedin.com/in/thejacobkantor,https://www.linkedin.com/in/kerrilee
Jacob Kantor,Dan Gross,"7/12/26, 5:20 PM",,OUTGOING,https://www.linkedin.com/in/thejacobkantor,https://www.linkedin.com/in/dangross2
Jacob Kantor,Frankie Baker,"7/12/26, 5:20 PM",,OUTGOING,https://www.linkedin.com/in/thejacobkantor,https://www.linkedin.com/in/baconedtech
Jacob Kantor,Dr. Falyn  W.,"7/12/26, 5:20 PM",,OUTGOING,https://www.linkedin.com/in/thejacobkantor,https://www.linkedin.com/in/drwiggan
Jacob Kantor,Bethany Posner,"7/12/26, 5:20 PM",,OUTGOING,https://www.linkedin.com/in/thejacobkantor,https://www.linkedin.com/in/bethanyposner
Jacob Kantor,"Elizabeth Sanchez Zelenak, MLIS","7/12/26, 5:20 PM",,OUTGOING,https://www.linkedin.com/in/thejacobkantor,https://www.linkedin.com/in/elizabeth-sanchez-zelenak
Jacob Kantor,Jessica Britton,"7/12/26, 5:20 PM",,OUTGOING,https://www.linkedin.com/in/thejacobkantor,https://www.linkedin.com/in/jessica-britton-ramed
Jacob Kantor,Marcus Walton,"7/12/26, 5:20 PM",,OUTGOING,https://www.linkedin.com/in/thejacobkantor,https://www.linkedin.com/in/marcus-walton-b7a89610
Jacob Kantor,Tessa Selch,"7/12/26, 5:20 PM",,OUTGOING,https://www.linkedin.com/in/thejacobkantor,https://www.linkedin.com/in/tessa-selch-2019
Jacob Kantor,Krystle Favreau,"7/12/26, 5:20 PM",,OUTGOING,https://www.linkedin.com/in/thejacobkantor,https://www.linkedin.com/in/krystle-favreau
Jacob Kantor,"Robin Clausen, PhD","7/12/26, 5:20 PM",,OUTGOING,https://www.linkedin.com/in/thejacobkantor,https://www.linkedin.com/in/robinlclausen
Jacob Kantor,Tabatha Ritch,"7/12/26, 5:18 PM",,OUTGOING,https://www.linkedin.com/in/thejacobkantor,https://www.linkedin.com/in/tabatharitch
Jacob Kantor,Ana Ortega,"7/9/26, 4:20 PM",,OUTGOING,https://www.linkedin.com/in/thejacobkantor,https://www.linkedin.com/in/ana-ortega-belen
Jacob Kantor,Allison Escobar,"7/9/26, 4:20 PM",,OUTGOING,https://www.linkedin.com/in/thejacobkantor,https://www.linkedin.com/in/allison-escobar-30b2142b1
Jacob Kantor,Lonyah Flowers,"7/9/26, 4:20 PM",,OUTGOING,https://www.linkedin.com/in/thejacobkantor,https://www.linkedin.com/in/lonyah-flowers-7141402ba
Jacob Kantor,Uriah Blackwell,"7/9/26, 4:20 PM",,OUTGOING,https://www.linkedin.com/in/thejacobkantor,https://www.linkedin.com/in/uriah-blackwell-4b12a8159
Jacob Kantor,"Wendy Martinez, MSW","7/9/26, 4:19 PM",,OUTGOING,https://www.linkedin.com/in/thejacobkantor,https://www.linkedin.com/in/wendym11
Jacob Kantor,Jeanny Marroquin ,"7/9/26, 4:19 PM",,OUTGOING,https://www.linkedin.com/in/thejacobkantor,https://www.linkedin.com/in/jeanny-marroquin
Jacob Kantor,Cait McHugh,"7/9/26, 4:19 PM",,OUTGOING,https://www.linkedin.com/in/thejacobkantor,https://www.linkedin.com/in/cait-mchugh-481aa315
Jacob Kantor,Melissa Beseda,"7/9/26, 3:42 PM",,OUTGOING,https://www.linkedin.com/in/thejacobkantor,https://www.linkedin.com/in/mbeseda
Jacob Kantor,Chris Ee,"7/9/26, 3:42 PM",,OUTGOING,https://www.linkedin.com/in/thejacobkantor,https://www.linkedin.com/in/chriseesh
Jacob Kantor,"Rebecca Sheeley, M. Ed. STEM","7/9/26, 3:42 PM",,OUTGOING,https://www.linkedin.com/in/thejacobkantor,https://www.linkedin.com/in/rebecca-sheeley
Jacob Kantor,Joseph Lloyd Selby,"7/9/26, 3:42 PM",,OUTGOING,https://www.linkedin.com/in/thejacobkantor,https://www.linkedin.com/in/joeselby
Jacob Kantor,"Elisa Garcia, Ed.D.","7/9/26, 3:42 PM",,OUTGOING,https://www.linkedin.com/in/thejacobkantor,https://www.linkedin.com/in/elisa-garcia-ed-d-40a3a358
Jacob Kantor,Tim Metcalfe,"7/9/26, 3:42 PM",,OUTGOING,https://www.linkedin.com/in/thejacobkantor,https://www.linkedin.com/in/timmetcalfe1
Jacob Kantor,Lupe Ochoa,"7/9/26, 3:42 PM",,OUTGOING,https://www.linkedin.com/in/thejacobkantor,https://www.linkedin.com/in/lupe-ochoa
Jacob Kantor,Alex DeJoy,"7/9/26, 3:42 PM",,OUTGOING,https://www.linkedin.com/in/thejacobkantor,https://www.linkedin.com/in/alexdejoy
Jacob Kantor,John D. Phillips,"7/9/26, 3:42 PM",,OUTGOING,https://www.linkedin.com/in/thejacobkantor,https://www.linkedin.com/in/john-d-phillips-24615a132
Jacob Kantor,Leslie J Fabian,"7/9/26, 3:41 PM",,OUTGOING,https://www.linkedin.com/in/thejacobkantor,https://www.linkedin.com/in/leslie-j-fabian-36758384
Jacob Kantor,Ashraf Zhairy,"7/9/26, 3:41 PM",,OUTGOING,https://www.linkedin.com/in/thejacobkantor,https://www.linkedin.com/in/ashraf-zhairy-a4a334393
Jacob Kantor,Joshua Bloodworth,"7/9/26, 3:41 PM",,OUTGOING,https://www.linkedin.com/in/thejacobkantor,https://www.linkedin.com/in/joshuabloodworthai
Jacob Kantor,Jace Rodammer,"7/9/26, 3:41 PM",,OUTGOING,https://www.linkedin.com/in/thejacobkantor,https://www.linkedin.com/in/jacerodammer23
Jacob Kantor,Guido Zoboli,"7/9/26, 3:41 PM",,OUTGOING,https://www.linkedin.com/in/thejacobkantor,https://www.linkedin.com/in/guidozoboli
Jacob Kantor,Nendy Fernandy,"7/9/26, 3:41 PM",,OUTGOING,https://www.linkedin.com/in/thejacobkantor,https://www.linkedin.com/in/nendy-fernandy
Jacob Kantor,Amy Vanden Boogart,"7/9/26, 3:41 PM",,OUTGOING,https://www.linkedin.com/in/thejacobkantor,https://www.linkedin.com/in/amyvandenboogart
Jacob Kantor,Perri Robinson,"7/9/26, 3:41 PM",,OUTGOING,https://www.linkedin.com/in/thejacobkantor,https://www.linkedin.com/in/perri-robinson-8218a0a
Jacob Kantor,Lydia Doyle,"7/9/26, 3:41 PM",,OUTGOING,https://www.linkedin.com/in/thejacobkantor,https://www.linkedin.com/in/lydia-doyle-a81a5244
Jacob Kantor,"Andra Bostic, M.Ed","7/9/26, 3:40 PM",,OUTGOING,https://www.linkedin.com/in/thejacobkantor,https://www.linkedin.com/in/andra-bostic
Jacob Kantor,Lori Merfogel,"7/9/26, 3:40 PM",,OUTGOING,https://www.linkedin.com/in/thejacobkantor,https://www.linkedin.com/in/lori-merfogel-1a129a44
Jacob Kantor,Deena Overstreet,"7/9/26, 3:40 PM",,OUTGOING,https://www.linkedin.com/in/thejacobkantor,https://www.linkedin.com/in/deena-overstreet-379479225
Jacob Kantor,"Meagan Treadway, PhD","7/9/26, 3:40 PM",,OUTGOING,https://www.linkedin.com/in/thejacobkantor,https://www.linkedin.com/in/meagan-treadway-phd-4626a584
Jacob Kantor,Joe Ferraro,"7/9/26, 3:40 PM",,OUTGOING,https://www.linkedin.com/in/thejacobkantor,https://www.linkedin.com/in/josephmferraro
Jacob Kantor,Micah Granger,"7/9/26, 3:40 PM",,OUTGOING,https://www.linkedin.com/in/thejacobkantor,https://www.linkedin.com/in/micah-granger-470818160
Jacob Kantor,Kate Mateer Weber,"7/9/26, 3:40 PM",,OUTGOING,https://www.linkedin.com/in/thejacobkantor,https://www.linkedin.com/in/kate-mateer-weber-2621b515
Jacob Kantor,Oliver Nicholas Patrona,"7/9/26, 3:40 PM",,OUTGOING,https://www.linkedin.com/in/thejacobkantor,https://www.linkedin.com/in/oliver-nicholas-patrona-042a3514b
Jacob Kantor,David Wise,"7/9/26, 3:40 PM",,OUTGOING,https://www.linkedin.com/in/thejacobkantor,https://www.linkedin.com/in/david-t-wise
Jacob Kantor,Spencer Riehl,"7/9/26, 3:40 PM",,OUTGOING,https://www.linkedin.com/in/thejacobkantor,https://www.linkedin.com/in/spencer-riehl
Jacob Kantor,Jillian Mendoza,"7/9/26, 3:39 PM",,OUTGOING,https://www.linkedin.com/in/thejacobkantor,https://www.linkedin.com/in/jillian-mendoza-1602a9366
Jacob Kantor,Christopher Brida,"7/9/26, 3:39 PM",,OUTGOING,https://www.linkedin.com/in/thejacobkantor,https://www.linkedin.com/in/christopherbrida
Jacob Kantor,Lisa Bejarano,"7/9/26, 3:39 PM",,OUTGOING,https://www.linkedin.com/in/thejacobkantor,https://www.linkedin.com/in/lisa-bejarano-20359a287
Jacob Kantor,Derek Brenner,"7/9/26, 3:39 PM",,OUTGOING,https://www.linkedin.com/in/thejacobkantor,https://www.linkedin.com/in/derek-brenner-729724112
Jacob Kantor,Ethan Dancy,"7/9/26, 3:39 PM",,OUTGOING,https://www.linkedin.com/in/thejacobkantor,https://www.linkedin.com/in/ethan-dancy
Jacob Kantor,Zachary Nilsen,"7/9/26, 3:39 PM",,OUTGOING,https://www.linkedin.com/in/thejacobkantor,https://www.linkedin.com/in/znilsen
Jacob Kantor,"Jessica Duff, APR","7/9/26, 3:39 PM",,OUTGOING,https://www.linkedin.com/in/thejacobkantor,https://www.linkedin.com/in/jessicaduff1984
Jacob Kantor,Danielle Ross,"7/9/26, 3:39 PM",,OUTGOING,https://www.linkedin.com/in/thejacobkantor,https://www.linkedin.com/in/danielle-r-18007243
Jacob Kantor,"Alyssa Bunch, M.Ed.","7/9/26, 3:39 PM",,OUTGOING,https://www.linkedin.com/in/thejacobkantor,https://www.linkedin.com/in/alyssa-bunch-m-ed-a89b97233
Jacob Kantor,"Emily Saraniti, M.Ed","7/9/26, 3:39 PM",,OUTGOING,https://www.linkedin.com/in/thejacobkantor,https://www.linkedin.com/in/emily-saraniti-m-ed-65a458415
Jacob Kantor,Lilith De La Cruz,"7/9/26, 3:39 PM",,OUTGOING,https://www.linkedin.com/in/thejacobkantor,https://www.linkedin.com/in/lilith-40e42
Jacob Kantor,Bryanna Fenton Hanson,"7/9/26, 3:39 PM",,OUTGOING,https://www.linkedin.com/in/thejacobkantor,https://www.linkedin.com/in/bryanna-hanson
Jacob Kantor,Melissa Bailey,"7/9/26, 3:39 PM",,OUTGOING,https://www.linkedin.com/in/thejacobkantor,https://www.linkedin.com/in/melissa-bailey-b9063b273
Jacob Kantor,Michael Rosenkrantz,"7/9/26, 3:39 PM",,OUTGOING,https://www.linkedin.com/in/thejacobkantor,https://www.linkedin.com/in/michaelrosenkrantz
Jacob Kantor,Jesse Lovejoy,"7/9/26, 2:06 PM",,OUTGOING,https://www.linkedin.com/in/thejacobkantor,https://www.linkedin.com/in/jesse-lovejoy-26ba745
Jacob Kantor,Noël Street  M.Ed.,"7/9/26, 11:22 AM",,OUTGOING,https://www.linkedin.com/in/thejacobkantor,https://www.linkedin.com/in/noel-street
Jacob Kantor,Michael S. Wickenhauser,"7/9/26, 8:20 AM",,OUTGOING,https://www.linkedin.com/in/thejacobkantor,https://www.linkedin.com/in/michael-s-wickenhauser-02b5a695
Jacob Kantor,Jonathan Garcia,"7/9/26, 8:20 AM",,OUTGOING,https://www.linkedin.com/in/thejacobkantor,https://www.linkedin.com/in/garciajonathan
Jacob Kantor,Steph Tanner,"7/8/26, 9:40 PM",,OUTGOING,https://www.linkedin.com/in/thejacobkantor,https://www.linkedin.com/in/steph-tanner
Jacob Kantor,Nadeem Bari,"7/8/26, 9:39 PM",,OUTGOING,https://www.linkedin.com/in/thejacobkantor,https://www.linkedin.com/in/nadeembari75
Jacob Kantor,Tammy Shaw,"7/8/26, 8:52 PM",,OUTGOING,https://www.linkedin.com/in/thejacobkantor,https://www.linkedin.com/in/theassist
Jacob Kantor,Dr. Natalie Kagan Blasingame,"7/8/26, 8:52 PM",,OUTGOING,https://www.linkedin.com/in/thejacobkantor,https://www.linkedin.com/in/dr-natalie-kagan-blasingame
Jacob Kantor,Jorge Escobar,"7/8/26, 8:52 PM",,OUTGOING,https://www.linkedin.com/in/thejacobkantor,https://www.linkedin.com/in/esfoobar
Jacob Kantor,Lauren Albert,"7/8/26, 8:52 PM",,OUTGOING,https://www.linkedin.com/in/thejacobkantor,https://www.linkedin.com/in/lauren-albert-fl
Jacob Kantor,Preeti Pangasa,"7/8/26, 8:51 PM",,OUTGOING,https://www.linkedin.com/in/thejacobkantor,https://www.linkedin.com/in/preeti-pangasa-947aa91
Jacob Kantor,"Gavi Emunah, PE","7/8/26, 8:52 PM",,OUTGOING,https://www.linkedin.com/in/thejacobkantor,https://www.linkedin.com/in/gabriel-emunah
Jacob Kantor,Ariella Racco,"7/8/26, 8:52 PM",,OUTGOING,https://www.linkedin.com/in/thejacobkantor,https://www.linkedin.com/in/ariella-racco
Jacob Kantor,Nicholas Schultz,"7/8/26, 7:34 PM",,OUTGOING,https://www.linkedin.com/in/thejacobkantor,https://www.linkedin.com/in/nicholas-schultz-923662194
Jacob Kantor,Laura Parker,"7/8/26, 7:34 PM",,OUTGOING,https://www.linkedin.com/in/thejacobkantor,https://www.linkedin.com/in/parkerlaura
Jacob Kantor,Michael Kontomanolis,"7/8/26, 6:30 PM",,OUTGOING,https://www.linkedin.com/in/thejacobkantor,https://www.linkedin.com/in/mkontomanolis
Jacob Kantor,Scott Johnston,"7/8/26, 6:30 PM",,OUTGOING,https://www.linkedin.com/in/thejacobkantor,https://www.linkedin.com/in/scott-johnston-80a567109
Jacob Kantor,Cassandra Haines-Riiska,"7/8/26, 6:30 PM",,OUTGOING,https://www.linkedin.com/in/thejacobkantor,https://www.linkedin.com/in/cassandra-haines-riiska
Jacob Kantor,Natasha Husein,"7/8/26, 6:30 PM",,OUTGOING,https://www.linkedin.com/in/thejacobkantor,https://www.linkedin.com/in/natashahusein
Jacob Kantor,Deserae Richards,"7/8/26, 6:30 PM",,OUTGOING,https://www.linkedin.com/in/thejacobkantor,https://www.linkedin.com/in/deserae-richards-28228a179
Jacob Kantor,Dr. Jennifer Andrews-Cox,"7/8/26, 6:29 PM",,OUTGOING,https://www.linkedin.com/in/thejacobkantor,https://www.linkedin.com/in/dr-jennifer-andrews-cox-a76704141
Jacob Kantor,Amber Stewart,"7/8/26, 6:29 PM",,OUTGOING,https://www.linkedin.com/in/thejacobkantor,https://www.linkedin.com/in/amber-trout-stewart
Jacob Kantor,Dave Kavlick,"7/8/26, 6:30 PM",,OUTGOING,https://www.linkedin.com/in/thejacobkantor,https://www.linkedin.com/in/davidkavlick
Jacob Kantor,"Nermeen Dashoush, PhD","7/8/26, 2:50 PM",,OUTGOING,https://www.linkedin.com/in/thejacobkantor,https://www.linkedin.com/in/nermeen-dashoush-phd-67491ab4
Jacob Kantor,Chris Marvin,"7/8/26, 11:52 AM",,OUTGOING,https://www.linkedin.com/in/thejacobkantor,https://www.linkedin.com/in/chris-marvin
Jacob Kantor,Roberto Vega,"7/8/26, 11:52 AM",,OUTGOING,https://www.linkedin.com/in/thejacobkantor,https://www.linkedin.com/in/roberto-vega12
Jacob Kantor,Michael M.,"7/8/26, 10:09 AM",,OUTGOING,https://www.linkedin.com/in/thejacobkantor,https://www.linkedin.com/in/michael-m-85048047
Jacob Kantor,Arnie Ayala,"7/8/26, 8:52 AM",,OUTGOING,https://www.linkedin.com/in/thejacobkantor,https://www.linkedin.com/in/arnie-ayalaomsdmariposa
Jacob Kantor,"Jack Mitchell, Ed.D., SFO","7/8/26, 7:14 AM",,OUTGOING,https://www.linkedin.com/in/thejacobkantor,https://www.linkedin.com/in/jack-mitchell-ed-d-sfo-1670091
Jacob Kantor,Jill McInerney Graham,"7/8/26, 7:14 AM",,OUTGOING,https://www.linkedin.com/in/thejacobkantor,https://www.linkedin.com/in/jill-mcinerney-graham-965427250
Jacob Kantor,Rafael Plascencia,"7/8/26, 7:14 AM",,OUTGOING,https://www.linkedin.com/in/thejacobkantor,https://www.linkedin.com/in/rafael-plascencia-206a8b121
Jacob Kantor,Sabrina Ramonov 🍄,"7/7/26, 10:45 PM",,OUTGOING,https://www.linkedin.com/in/thejacobkantor,https://www.linkedin.com/in/sabrinaramonov
Jacob Kantor,Charles Martin III,"7/7/26, 10:13 PM",,OUTGOING,https://www.linkedin.com/in/thejacobkantor,https://www.linkedin.com/in/charles-martin-iii-b3227735a
Jacob Kantor,Samantha Stahl,"7/7/26, 10:12 PM",,OUTGOING,https://www.linkedin.com/in/thejacobkantor,https://www.linkedin.com/in/sam-lauren-stahl
Jacob Kantor,"Cheryl Tice, EdD","7/7/26, 6:23 PM",,OUTGOING,https://www.linkedin.com/in/thejacobkantor,https://www.linkedin.com/in/cheryltice
Jacob Kantor,Colleen Galvin Labbe,"7/7/26, 6:23 PM",,OUTGOING,https://www.linkedin.com/in/thejacobkantor,https://www.linkedin.com/in/colleen-galvin-labbe-530bb744
Jacob Kantor,"LaTanya C. Franklin, Ed.D.","7/7/26, 6:23 PM",,OUTGOING,https://www.linkedin.com/in/thejacobkantor,https://www.linkedin.com/in/latanya-c-franklin-ed-d-36a03877
Jacob Kantor,Linda Bernard Pile,"7/7/26, 6:23 PM",,OUTGOING,https://www.linkedin.com/in/thejacobkantor,https://www.linkedin.com/in/lindybernard
Jacob Kantor,Ileana Kiriakos M.S.Ed.,"7/7/26, 5:50 PM",,OUTGOING,https://www.linkedin.com/in/thejacobkantor,https://www.linkedin.com/in/ileana-kiriakos-1bbb5386
Jacob Kantor,"Sharlene Pinto, Ed.D.","7/7/26, 5:50 PM",,OUTGOING,https://www.linkedin.com/in/thejacobkantor,https://www.linkedin.com/in/sharlene-pinto-ed-d-b1a352199
Jacob Kantor,"Jennifer Farmer, Ph.D.","7/7/26, 5:50 PM",,OUTGOING,https://www.linkedin.com/in/thejacobkantor,https://www.linkedin.com/in/jennifer-farmer-phd
Jacob Kantor,Kelsey Bowers Ed.D,"7/7/26, 5:50 PM",,OUTGOING,https://www.linkedin.com/in/thejacobkantor,https://www.linkedin.com/in/kelsey-bowers-ed-d-7033391a5
Jacob Kantor,Michael Novak,"7/7/26, 5:50 PM",,OUTGOING,https://www.linkedin.com/in/thejacobkantor,https://www.linkedin.com/in/michael-novak-nh
Jacob Kantor,Dr. Zachary Wilson,"7/7/26, 5:49 PM",,OUTGOING,https://www.linkedin.com/in/thejacobkantor,https://www.linkedin.com/in/dr-zachary-wilson-661563176
Jacob Kantor,Neil Katz,"7/7/26, 5:50 PM",,OUTGOING,https://www.linkedin.com/in/thejacobkantor,https://www.linkedin.com/in/neil-katz-39002867
Jacob Kantor,"Frank Mauriello, Ed.D.","7/7/26, 5:50 PM",,OUTGOING,https://www.linkedin.com/in/thejacobkantor,https://www.linkedin.com/in/frank-mauriello-ed-d-6044177a
Jacob Kantor,Dr. Ursula Estrada-Reveles,"7/7/26, 5:49 PM",,OUTGOING,https://www.linkedin.com/in/thejacobkantor,https://www.linkedin.com/in/dr-ursula-estrada-reveles-006122122
Jacob Kantor,"Shawn K. Wightman, Ed.D.","7/7/26, 5:50 PM",,OUTGOING,https://www.linkedin.com/in/thejacobkantor,https://www.linkedin.com/in/shawn-k-wightman-ed-d-274a2493
Jacob Kantor,Mike Straka,"7/7/26, 5:02 PM",,OUTGOING,https://www.linkedin.com/in/thejacobkantor,https://www.linkedin.com/in/mike-straka-0263b111
Jacob Kantor,Robert Barbee,"7/7/26, 10:54 AM",,OUTGOING,https://www.linkedin.com/in/thejacobkantor,https://www.linkedin.com/in/robert-barbee-61080a77
Jacob Kantor,Stephanie Blair,"7/7/26, 10:54 AM",,OUTGOING,https://www.linkedin.com/in/thejacobkantor,https://www.linkedin.com/in/stephanie-blair-056b49227
Jacob Kantor,James Fester,"7/7/26, 10:54 AM",,OUTGOING,https://www.linkedin.com/in/thejacobkantor,https://www.linkedin.com/in/james-fester-72668010a
Jacob Kantor,Daniel Azouelos-Hirsch,"7/7/26, 9:06 AM",,OUTGOING,https://www.linkedin.com/in/thejacobkantor,https://www.linkedin.com/in/djah93
Jacob Kantor,Steven Lamb,"7/7/26, 9:06 AM",,OUTGOING,https://www.linkedin.com/in/thejacobkantor,https://www.linkedin.com/in/steven-lamb-aa098a11
Jacob Kantor,Dr. Elizabeth Maldonado-Rios ,"7/7/26, 9:05 AM",,OUTGOING,https://www.linkedin.com/in/thejacobkantor,https://www.linkedin.com/in/dr-elizabeth-maldonado-rios-098609190
Jacob Kantor,Jack Newton,"7/7/26, 7:54 AM",,OUTGOING,https://www.linkedin.com/in/thejacobkantor,https://www.linkedin.com/in/penta-jacknewton
Jacob Kantor,Gary Kral,"7/7/26, 7:54 AM",,OUTGOING,https://www.linkedin.com/in/thejacobkantor,https://www.linkedin.com/in/gary-kral-7517036
Jacob Kantor,Liam Andrews,"7/7/26, 7:54 AM",,OUTGOING,https://www.linkedin.com/in/thejacobkantor,https://www.linkedin.com/in/liam-andrews-249444382
Jacob Kantor,Ayyaz  Talat,"7/7/26, 7:54 AM",,OUTGOING,https://www.linkedin.com/in/thejacobkantor,https://www.linkedin.com/in/ayyaz-talat-16a7403a7
Jacob Kantor,Audrey Stillwagen Crum,"7/6/26, 11:15 PM",,OUTGOING,https://www.linkedin.com/in/thejacobkantor,https://www.linkedin.com/in/audreykcrum
Jacob Kantor,"Caleb Wiggins, Licensed Agent","7/6/26, 9:18 PM",,OUTGOING,https://www.linkedin.com/in/thejacobkantor,https://www.linkedin.com/in/caleb-wiggins-licensed-agent-aab287233
Jacob Kantor,Madhav Thaker,"7/6/26, 9:18 PM",,OUTGOING,https://www.linkedin.com/in/thejacobkantor,https://www.linkedin.com/in/madhavthaker
Jacob Kantor,Larry Brown,"7/6/26, 8:26 PM",,OUTGOING,https://www.linkedin.com/in/thejacobkantor,https://www.linkedin.com/in/larry-brown-7093266
Jacob Kantor,"Gregory Guest, MBA","7/6/26, 8:26 PM",,OUTGOING,https://www.linkedin.com/in/thejacobkantor,https://www.linkedin.com/in/gregguest
Jacob Kantor,Christopher Sanfilippo,"7/6/26, 8:26 PM",,OUTGOING,https://www.linkedin.com/in/thejacobkantor,https://www.linkedin.com/in/christopher-sanfilippo
Jacob Kantor,David Osuna Azcona,"7/6/26, 8:27 PM",,OUTGOING,https://www.linkedin.com/in/thejacobkantor,https://www.linkedin.com/in/davidoad
Jacob Kantor,Shannon Haish,"7/6/26, 8:26 PM",,OUTGOING,https://www.linkedin.com/in/thejacobkantor,https://www.linkedin.com/in/shannonhaish
Jacob Kantor,Eric Ross,"7/6/26, 8:26 PM",,OUTGOING,https://www.linkedin.com/in/thejacobkantor,https://www.linkedin.com/in/eric-ross-12405aa
Jacob Kantor,Pablo Lecuona Gómez,"7/6/26, 8:26 PM",,OUTGOING,https://www.linkedin.com/in/thejacobkantor,https://www.linkedin.com/in/lecuonapablo
Jacob Kantor,Joseph Burke,"7/6/26, 8:26 PM",,OUTGOING,https://www.linkedin.com/in/thejacobkantor,https://www.linkedin.com/in/burke-joseph
Jacob Kantor,🔥Julianne Zuber,"7/6/26, 8:06 PM",,OUTGOING,https://www.linkedin.com/in/thejacobkantor,https://www.linkedin.com/in/jzuber
Jacob Kantor,Tommy Benizio,"7/6/26, 5:42 PM",,OUTGOING,https://www.linkedin.com/in/thejacobkantor,https://www.linkedin.com/in/tommy-benizio-489504162
Jacob Kantor,Matt Carabajal,"7/6/26, 5:04 PM",,OUTGOING,https://www.linkedin.com/in/thejacobkantor,https://www.linkedin.com/in/matt-carabajal
Jacob Kantor,Lianne Yang,"7/6/26, 5:03 PM",,OUTGOING,https://www.linkedin.com/in/thejacobkantor,https://www.linkedin.com/in/lianne-yang
Jacob Kantor,Cameron Pettifor,"7/6/26, 5:03 PM",,OUTGOING,https://www.linkedin.com/in/thejacobkantor,https://www.linkedin.com/in/cameron-pettifor
Jacob Kantor,Kristian F.,"7/6/26, 5:04 PM",,OUTGOING,https://www.linkedin.com/in/thejacobkantor,https://www.linkedin.com/in/kristianfisk
Jacob Kantor,Craig DePriester,"7/6/26, 5:03 PM",,OUTGOING,https://www.linkedin.com/in/thejacobkantor,https://www.linkedin.com/in/craigdepriester
Jacob Kantor,"Jennifer DiMaio, Ed.D.","7/6/26, 5:03 PM",,OUTGOING,https://www.linkedin.com/in/thejacobkantor,https://www.linkedin.com/in/jennifer-dimaio-ed-d-b7043572
Jacob Kantor,Liran Braun,"7/6/26, 5:03 PM",,OUTGOING,https://www.linkedin.com/in/thejacobkantor,https://www.linkedin.com/in/liran-braun-42a93ba5
Jacob Kantor,robert sinke,"7/6/26, 5:03 PM",,OUTGOING,https://www.linkedin.com/in/thejacobkantor,https://www.linkedin.com/in/robert-sinke
Jacob Kantor,Sophie Lord,"7/6/26, 3:21 PM",,OUTGOING,https://www.linkedin.com/in/thejacobkantor,https://www.linkedin.com/in/sophie-lord-761208264
Jacob Kantor,Shanthi Purushotham,"7/6/26, 3:00 PM",,OUTGOING,https://www.linkedin.com/in/thejacobkantor,https://www.linkedin.com/in/shanthipurushotham
Jacob Kantor,Wes M.,"7/6/26, 1:55 PM",,OUTGOING,https://www.linkedin.com/in/thejacobkantor,https://www.linkedin.com/in/wmedford
Jacob Kantor,Hannah Roberts,"7/6/26, 1:55 PM",,OUTGOING,https://www.linkedin.com/in/thejacobkantor,https://www.linkedin.com/in/hannah-milstein
Jacob Kantor,Donald Litner,"7/6/26, 1:55 PM",,OUTGOING,https://www.linkedin.com/in/thejacobkantor,https://www.linkedin.com/in/donald-litner-113bb92
Jacob Kantor,Matthew Simpson,"7/6/26, 1:55 PM",,OUTGOING,https://www.linkedin.com/in/thejacobkantor,https://www.linkedin.com/in/matthew-simpson-b8804713
Jacob Kantor,Rob McFeeley,"7/6/26, 1:55 PM",,OUTGOING,https://www.linkedin.com/in/thejacobkantor,https://www.linkedin.com/in/robmcfeeley
Jacob Kantor,Stephen Wallace,"7/6/26, 1:55 PM",,OUTGOING,https://www.linkedin.com/in/thejacobkantor,https://www.linkedin.com/in/stephen-wallace-39444840
Jacob Kantor,Jonathan Woodcome,"7/6/26, 1:54 PM",,OUTGOING,https://www.linkedin.com/in/thejacobkantor,https://www.linkedin.com/in/jonathan-woodcome-60b91112
Jacob Kantor,Ed Jones,"7/6/26, 1:55 PM",,OUTGOING,https://www.linkedin.com/in/thejacobkantor,https://www.linkedin.com/in/ed-jones-5133361
Jacob Kantor,Abhi Maheshwari,"7/6/26, 1:54 PM",,OUTGOING,https://www.linkedin.com/in/thejacobkantor,https://www.linkedin.com/in/abhi-maheshwari-3742b96
Jacob Kantor,Evgenii Ignatev,"7/6/26, 10:59 AM",,OUTGOING,https://www.linkedin.com/in/thejacobkantor,https://www.linkedin.com/in/evgenii-ignatev
Jacob Kantor,Abigale McDermott,"7/6/26, 10:59 AM",,OUTGOING,https://www.linkedin.com/in/thejacobkantor,https://www.linkedin.com/in/abigale-mcdermott-448873314
Jacob Kantor,Jason Zhang,"7/6/26, 10:59 AM",,OUTGOING,https://www.linkedin.com/in/thejacobkantor,https://www.linkedin.com/in/jasonjzhang1
Jacob Kantor,Raymond Lui,"7/6/26, 10:59 AM",,OUTGOING,https://www.linkedin.com/in/thejacobkantor,https://www.linkedin.com/in/raymondlui
Jacob Kantor,Alan R.,"7/6/26, 10:59 AM",,OUTGOING,https://www.linkedin.com/in/thejacobkantor,https://www.linkedin.com/in/alanwrosenthal
Jacob Kantor,"Jonathan Loop MBA, CISSP","7/6/26, 10:59 AM",,OUTGOING,https://www.linkedin.com/in/thejacobkantor,https://www.linkedin.com/in/jonathanloop
Jacob Kantor,Jamie Hinchey,"7/6/26, 10:59 AM",,OUTGOING,https://www.linkedin.com/in/thejacobkantor,https://www.linkedin.com/in/jhinchey
Jacob Kantor,Ryan Waltz,"7/6/26, 10:58 AM",,OUTGOING,https://www.linkedin.com/in/thejacobkantor,https://www.linkedin.com/in/ryanjwaltz
Jacob Kantor,Christopher Kalna,"7/6/26, 10:59 AM",,OUTGOING,https://www.linkedin.com/in/thejacobkantor,https://www.linkedin.com/in/christopherkalna
Jacob Kantor,Denis Prekrat,"7/6/26, 10:59 AM",,OUTGOING,https://www.linkedin.com/in/thejacobkantor,https://www.linkedin.com/in/denisprekrat
Jacob Kantor,Curt Williams,"7/6/26, 10:59 AM",,OUTGOING,https://www.linkedin.com/in/thejacobkantor,https://www.linkedin.com/in/curt-williams-6294a4225
Jacob Kantor,James White,"7/6/26, 10:58 AM",,OUTGOING,https://www.linkedin.com/in/thejacobkantor,https://www.linkedin.com/in/jameswhite7
Jacob Kantor,Glenn Stempeck,"7/6/26, 10:59 AM",,OUTGOING,https://www.linkedin.com/in/thejacobkantor,https://www.linkedin.com/in/glenn-stempeck
Jacob Kantor,Sheryl Bass,"7/6/26, 10:59 AM",,OUTGOING,https://www.linkedin.com/in/thejacobkantor,https://www.linkedin.com/in/sheryl-bass
Jacob Kantor,Anthony Russo,"7/6/26, 10:59 AM",,OUTGOING,https://www.linkedin.com/in/thejacobkantor,https://www.linkedin.com/in/anthony-russo-a45a66146
Jacob Kantor,Alex Harrison,"7/6/26, 10:58 AM",,OUTGOING,https://www.linkedin.com/in/thejacobkantor,https://www.linkedin.com/in/aharrison93
Jacob Kantor,"Paula Gant, MBA-Acc/HR, SPHR, SHRM-SCP, CPSP","7/6/26, 7:07 AM",,OUTGOING,https://www.linkedin.com/in/thejacobkantor,https://www.linkedin.com/in/paula-gant-accountingandhrprofessional
Jacob Kantor,"Miguel Losa, M.A. ","7/6/26, 7:06 AM",,OUTGOING,https://www.linkedin.com/in/thejacobkantor,https://www.linkedin.com/in/miguellosa18
Jacob Kantor,Garrett Parson,"7/6/26, 7:07 AM",,OUTGOING,https://www.linkedin.com/in/thejacobkantor,https://www.linkedin.com/in/gparson
Jacob Kantor,Andrew Rowland,"7/6/26, 7:06 AM",,OUTGOING,https://www.linkedin.com/in/thejacobkantor,https://www.linkedin.com/in/andrewrowland
Jacob Kantor,Ranjani  Krishnamurthy,"7/6/26, 7:06 AM",,OUTGOING,https://www.linkedin.com/in/thejacobkantor,https://www.linkedin.com/in/ranjanikrishnamurthy
Jacob Kantor,Gabriel C.,"7/6/26, 7:06 AM",,OUTGOING,https://www.linkedin.com/in/thejacobkantor,https://www.linkedin.com/in/gabricc
Jacob Kantor,Alex Hardee,"7/6/26, 7:06 AM",,OUTGOING,https://www.linkedin.com/in/thejacobkantor,https://www.linkedin.com/in/alex-hardee-3788a7107
Jacob Kantor,John Phillips,"7/5/26, 8:11 PM",,OUTGOING,https://www.linkedin.com/in/thejacobkantor,https://www.linkedin.com/in/jphillipsbc
Jacob Kantor,Ivan Oliinyk,"7/5/26, 8:11 PM",,OUTGOING,https://www.linkedin.com/in/thejacobkantor,https://www.linkedin.com/in/ivan-oliinyk
Jacob Kantor,"Toby Castillo Walters, Ed.D.","7/5/26, 8:11 PM",,OUTGOING,https://www.linkedin.com/in/thejacobkantor,https://www.linkedin.com/in/drtobywalters
Jacob Kantor,"David Faltys, Ed. D.","7/5/26, 8:11 PM",,OUTGOING,https://www.linkedin.com/in/thejacobkantor,https://www.linkedin.com/in/david-faltys-ed-d-08792727
Jacob Kantor,Darin Case,"7/5/26, 8:11 PM",,OUTGOING,https://www.linkedin.com/in/thejacobkantor,https://www.linkedin.com/in/darin-case-99753a195
Jacob Kantor,Wendy Warren,"7/5/26, 8:11 PM",,OUTGOING,https://www.linkedin.com/in/thejacobkantor,https://www.linkedin.com/in/wendy-warren-11248413
Jacob Kantor,Renee Benson,"7/5/26, 8:10 PM",,OUTGOING,https://www.linkedin.com/in/thejacobkantor,https://www.linkedin.com/in/reneebenson
Jacob Kantor,Austin Hegele,"7/5/26, 8:11 PM",,OUTGOING,https://www.linkedin.com/in/thejacobkantor,https://www.linkedin.com/in/austinhegele
Jacob Kantor,Christopher DeWitt,"7/5/26, 8:11 PM",,OUTGOING,https://www.linkedin.com/in/thejacobkantor,https://www.linkedin.com/in/christopher-dewitt-1a6a1472
Jacob Kantor,ERIC C.,"7/5/26, 8:10 PM",,OUTGOING,https://www.linkedin.com/in/thejacobkantor,https://www.linkedin.com/in/ercheng
Jacob Kantor,Dr. Brian Johnson,"7/5/26, 8:11 PM",,OUTGOING,https://www.linkedin.com/in/thejacobkantor,https://www.linkedin.com/in/dr-brian-johnson-36882594
Jacob Kantor,"Joshua Dwyer, MPP, MSJ","7/5/26, 8:11 PM",,OUTGOING,https://www.linkedin.com/in/thejacobkantor,https://www.linkedin.com/in/joshua-dwyer-mpp-msj-558b1b9
Jacob Kantor,Jenn Sheehey,"7/5/26, 8:10 PM",,OUTGOING,https://www.linkedin.com/in/thejacobkantor,https://www.linkedin.com/in/jenn-sheehey-excel
Jacob Kantor,Dr. Lupita Ley Hightower,"7/5/26, 8:09 PM",,OUTGOING,https://www.linkedin.com/in/thejacobkantor,https://www.linkedin.com/in/dr-lupita-ley-hightower-0a849088
Jacob Kantor,Caitlan Sheehan,"7/5/26, 7:57 PM",,OUTGOING,https://www.linkedin.com/in/thejacobkantor,https://www.linkedin.com/in/caitlan-sheehan
Jacob Kantor,William Jeffreys,"7/5/26, 7:49 PM",,OUTGOING,https://www.linkedin.com/in/thejacobkantor,https://www.linkedin.com/in/william-jeffreys-27b08532
Jacob Kantor,Dr. Todd Keruskin,"7/5/26, 7:48 PM",,OUTGOING,https://www.linkedin.com/in/thejacobkantor,https://www.linkedin.com/in/dr-todd-keruskin-34925440
Jacob Kantor,"Jennifer Benjamin, Ed.D.","7/5/26, 7:49 PM",,OUTGOING,https://www.linkedin.com/in/thejacobkantor,https://www.linkedin.com/in/jenben80
Jacob Kantor,Kristy LaPorte Ed.D,"7/5/26, 6:04 PM",,OUTGOING,https://www.linkedin.com/in/thejacobkantor,https://www.linkedin.com/in/kristy-laporte-ed-d-6387739a
Jacob Kantor,Dr. Chris Hobbs,"7/5/26, 6:04 PM",,OUTGOING,https://www.linkedin.com/in/thejacobkantor,https://www.linkedin.com/in/dr-chris-hobbs
Jacob Kantor,Rick Calloway ,"7/5/26, 6:04 PM",,OUTGOING,https://www.linkedin.com/in/thejacobkantor,https://www.linkedin.com/in/rick-calloway-3577783a
Jacob Kantor,Mark Hansen,"7/5/26, 5:22 PM",,OUTGOING,https://www.linkedin.com/in/thejacobkantor,https://www.linkedin.com/in/mark-h-a434089
Jacob Kantor,Nathan Hanson (Ed.D.),"7/5/26, 5:22 PM",,OUTGOING,https://www.linkedin.com/in/thejacobkantor,https://www.linkedin.com/in/nathankhanson
Jacob Kantor,"Charles Murphy, Ed.D.","7/5/26, 5:16 PM",,OUTGOING,https://www.linkedin.com/in/thejacobkantor,https://www.linkedin.com/in/charles-murphy-ed-d-45b38248
Jacob Kantor,"Vanessa Lujan, Ph.D.","7/5/26, 5:11 PM",,OUTGOING,https://www.linkedin.com/in/thejacobkantor,https://www.linkedin.com/in/vlujan
Jacob Kantor,"Valerie Park, Ed.D.","7/5/26, 5:12 PM",,OUTGOING,https://www.linkedin.com/in/thejacobkantor,https://www.linkedin.com/in/valerie-park-ed-d-953a5133
Jacob Kantor,"Randy R. Bertin, Ed.D.","7/5/26, 5:11 PM",,OUTGOING,https://www.linkedin.com/in/thejacobkantor,https://www.linkedin.com/in/randyrbertin
Jacob Kantor,Denise Thorne,"7/5/26, 5:11 PM",,OUTGOING,https://www.linkedin.com/in/thejacobkantor,https://www.linkedin.com/in/denise-thorne
Jacob Kantor,Dr. Denise Spirou,"7/5/26, 5:11 PM",,OUTGOING,https://www.linkedin.com/in/thejacobkantor,https://www.linkedin.com/in/dr-denise-spirou
Jacob Kantor,Randy Mahlerwein Ed.D,"7/5/26, 5:11 PM",,OUTGOING,https://www.linkedin.com/in/thejacobkantor,https://www.linkedin.com/in/rmahlerwein
Jacob Kantor,Dr. Lisa Caparelli-Ruff,"7/5/26, 5:11 PM",,OUTGOING,https://www.linkedin.com/in/thejacobkantor,https://www.linkedin.com/in/dr-lisa-caparelli-ruff-785917104
Jacob Kantor,Heather Touchberry,"7/5/26, 5:11 PM",,OUTGOING,https://www.linkedin.com/in/thejacobkantor,https://www.linkedin.com/in/heather-touchberry-594a63289
Jacob Kantor,Daniel McCormick,"7/3/26, 9:39 PM",,OUTGOING,https://www.linkedin.com/in/thejacobkantor,https://www.linkedin.com/in/daniel-mccormick-637245127
Jacob Kantor,Keith A. Brown Ed.D.,"7/3/26, 9:39 PM",,OUTGOING,https://www.linkedin.com/in/thejacobkantor,https://www.linkedin.com/in/keith-a-brown-studentcenteredfocus
Jacob Kantor,"Julius Monk, Ed.D.","7/3/26, 9:39 PM",,OUTGOING,https://www.linkedin.com/in/thejacobkantor,https://www.linkedin.com/in/julius-monk-ed-d-62657321
Jacob Kantor,Rick Cohen,"7/3/26, 9:38 PM",,OUTGOING,https://www.linkedin.com/in/thejacobkantor,https://www.linkedin.com/in/richardkcohen
Jacob Kantor,Dave Kline,"7/3/26, 9:39 PM",,OUTGOING,https://www.linkedin.com/in/thejacobkantor,https://www.linkedin.com/in/dave-kline-3184b772
Jacob Kantor,Scott Holcomb,"7/3/26, 9:39 PM",,OUTGOING,https://www.linkedin.com/in/thejacobkantor,https://www.linkedin.com/in/scottchristopherholcomb
Jacob Kantor,Christine Ackerman,"7/3/26, 9:39 PM",,OUTGOING,https://www.linkedin.com/in/thejacobkantor,https://www.linkedin.com/in/christine-ackerman-8a37033a
Jacob Kantor,"John Nash, Ed.D.","7/3/26, 9:38 PM",,OUTGOING,https://www.linkedin.com/in/thejacobkantor,https://www.linkedin.com/in/john-nash-ed-d-100330135
Jacob Kantor,"Lisha Cabral, EdD","7/3/26, 8:55 PM",,OUTGOING,https://www.linkedin.com/in/thejacobkantor,https://www.linkedin.com/in/lisha-cabral-edd-1817abbb
Jacob Kantor,Jared Ryan,"7/3/26, 8:55 PM",,OUTGOING,https://www.linkedin.com/in/thejacobkantor,https://www.linkedin.com/in/jared-ryan-739b8941
Jacob Kantor,Edward Mathews,"7/3/26, 8:55 PM",,OUTGOING,https://www.linkedin.com/in/thejacobkantor,https://www.linkedin.com/in/edward-mathews-170241280
Jacob Kantor,Troy Long,"7/3/26, 8:55 PM",,OUTGOING,https://www.linkedin.com/in/thejacobkantor,https://www.linkedin.com/in/troy-long-cte
Jacob Kantor,Eric Ripley,"7/3/26, 8:55 PM",,OUTGOING,https://www.linkedin.com/in/thejacobkantor,https://www.linkedin.com/in/eripley
Jacob Kantor,Zach Moore M.Ed,"7/3/26, 8:55 PM",,OUTGOING,https://www.linkedin.com/in/thejacobkantor,https://www.linkedin.com/in/zach-moore-m-ed-9928b7359
Jacob Kantor,Shanda Wood,"7/3/26, 8:46 PM",,OUTGOING,https://www.linkedin.com/in/thejacobkantor,https://www.linkedin.com/in/shandawood
Jacob Kantor,John Banks,"7/3/26, 8:17 PM",,OUTGOING,https://www.linkedin.com/in/thejacobkantor,https://www.linkedin.com/in/jpenbanks
Jacob Kantor,Michael Faught,"7/3/26, 8:17 PM",,OUTGOING,https://www.linkedin.com/in/thejacobkantor,https://www.linkedin.com/in/michael-faught-756094b7
Jacob Kantor,"Jodi A. Takats, Ph.D.","7/3/26, 8:16 PM",,OUTGOING,https://www.linkedin.com/in/thejacobkantor,https://www.linkedin.com/in/jodi-a-takats-ph-d-16686b118
Jacob Kantor,"Fran Thompson, Ed.D.","7/3/26, 8:16 PM",,OUTGOING,https://www.linkedin.com/in/thejacobkantor,https://www.linkedin.com/in/franthompson
Jacob Kantor,Derek Smith,"7/3/26, 8:17 PM",,OUTGOING,https://www.linkedin.com/in/thejacobkantor,https://www.linkedin.com/in/derek-smith-95aa38b0
Jacob Kantor,Dr. Daniel Antonio Hyliard,"7/3/26, 8:16 PM",,OUTGOING,https://www.linkedin.com/in/thejacobkantor,https://www.linkedin.com/in/dr-daniel-antonio-hyliard-85016a265
Jacob Kantor,"Jennifer Frye, M. Ed. ","7/3/26, 8:16 PM",,OUTGOING,https://www.linkedin.com/in/thejacobkantor,https://www.linkedin.com/in/jennifer-frye-m-ed-7a4a65b2
Jacob Kantor,Mary-Anne Sheppard,"7/3/26, 8:16 PM",,OUTGOING,https://www.linkedin.com/in/thejacobkantor,https://www.linkedin.com/in/mary-anne-sheppard
Jacob Kantor,Jorden Schiff,"7/3/26, 8:16 PM",,OUTGOING,https://www.linkedin.com/in/thejacobkantor,https://www.linkedin.com/in/jorden-schiff-a93b201a
Jacob Kantor,"Lori Romano, Ph.D.","7/3/26, 8:16 PM",,OUTGOING,https://www.linkedin.com/in/thejacobkantor,https://www.linkedin.com/in/lori-marie-romano
Jacob Kantor,"Kenneth Vogel, Ed.D.","7/3/26, 8:16 PM",,OUTGOING,https://www.linkedin.com/in/thejacobkantor,https://www.linkedin.com/in/kenneth-vogel-ed-d-b80b64287
Jacob Kantor,Bodie Carroll,"7/3/26, 8:16 PM",,OUTGOING,https://www.linkedin.com/in/thejacobkantor,https://www.linkedin.com/in/bodiecarroll
Jacob Kantor,Justin Stok,"7/3/26, 8:16 PM",,OUTGOING,https://www.linkedin.com/in/thejacobkantor,https://www.linkedin.com/in/justinstok
Jacob Kantor,Reilly Harmeyer,"7/3/26, 8:15 PM",,OUTGOING,https://www.linkedin.com/in/thejacobkantor,https://www.linkedin.com/in/reilly-harmeyer-22573763
Jacob Kantor,"Chuck Maddox, Ed.D.","7/3/26, 8:14 PM",,OUTGOING,https://www.linkedin.com/in/thejacobkantor,https://www.linkedin.com/in/chuck-maddox
Jacob Kantor,"J.A. Gonzalez, Ed. D.","7/3/26, 8:15 PM",,OUTGOING,https://www.linkedin.com/in/thejacobkantor,https://www.linkedin.com/in/j-a-gonzalez-ed-d-b5278874
Jacob Kantor,Jey Buno,"7/3/26, 8:14 PM",,OUTGOING,https://www.linkedin.com/in/thejacobkantor,https://www.linkedin.com/in/jey-buno-51b53649
Jacob Kantor,Lauren Labitue M.Ed,"7/3/26, 8:14 PM",,OUTGOING,https://www.linkedin.com/in/thejacobkantor,https://www.linkedin.com/in/lauren-labitue-m-ed-57b17695
Jacob Kantor,Cari Buehler M.Ed.,"7/3/26, 8:14 PM",,OUTGOING,https://www.linkedin.com/in/thejacobkantor,https://www.linkedin.com/in/cari-buehler-m-ed-673aa4143
Jacob Kantor,"John Balmer, Ed.D.","7/3/26, 8:14 PM",,OUTGOING,https://www.linkedin.com/in/thejacobkantor,https://www.linkedin.com/in/john-balmer-ed-d-bb0a85224
Jacob Kantor,JOSEPH DICAPRIO,"7/3/26, 8:14 PM",,OUTGOING,https://www.linkedin.com/in/thejacobkantor,https://www.linkedin.com/in/joseph-dicaprio-374686306
Jacob Kantor,Wendy Copen,"7/3/26, 8:14 PM",,OUTGOING,https://www.linkedin.com/in/thejacobkantor,https://www.linkedin.com/in/wendy-copen-a2ab36176
Jacob Kantor,Kelly Doyle,"7/3/26, 8:14 PM",,OUTGOING,https://www.linkedin.com/in/thejacobkantor,https://www.linkedin.com/in/kelly-doyle-64ba1396
Jacob Kantor,Dr. Scott J. Hunt,"7/3/26, 8:14 PM",,OUTGOING,https://www.linkedin.com/in/thejacobkantor,https://www.linkedin.com/in/dr-scott-j-hunt
Jacob Kantor,Dr. Al Darby,"7/3/26, 8:14 PM",,OUTGOING,https://www.linkedin.com/in/thejacobkantor,https://www.linkedin.com/in/dr-al-darby-26409335
Jacob Kantor,Brad Polanin,"7/3/26, 8:14 PM",,OUTGOING,https://www.linkedin.com/in/thejacobkantor,https://www.linkedin.com/in/brad-polanin
Jacob Kantor,Scott Reeves,"7/3/26, 8:14 PM",,OUTGOING,https://www.linkedin.com/in/thejacobkantor,https://www.linkedin.com/in/mscottreeves
Jacob Kantor,Celia Lawrence,"7/3/26, 8:14 PM",,OUTGOING,https://www.linkedin.com/in/thejacobkantor,https://www.linkedin.com/in/celia-lawrence-89160450
Jacob Kantor,Dr. TJ McCray,"7/3/26, 8:14 PM",,OUTGOING,https://www.linkedin.com/in/thejacobkantor,https://www.linkedin.com/in/dr-tj-mccray-84558360
Jacob Kantor,"Nathan Williamson, Ph.D.","7/3/26, 8:14 PM",,OUTGOING,https://www.linkedin.com/in/thejacobkantor,https://www.linkedin.com/in/nathan-williamson
Jacob Kantor,"Jimmy Chism, Ed.D.","7/3/26, 8:14 PM",,OUTGOING,https://www.linkedin.com/in/thejacobkantor,https://www.linkedin.com/in/jimmy-chism
Jacob Kantor,Dontayo Gage,"7/3/26, 3:29 PM",,OUTGOING,https://www.linkedin.com/in/thejacobkantor,https://www.linkedin.com/in/dontayogage
Jacob Kantor,"Rachel H. Monarrez, PhD","7/3/26, 3:30 PM",,OUTGOING,https://www.linkedin.com/in/thejacobkantor,https://www.linkedin.com/in/rachel-h-monarrez-phd-12037418
Jacob Kantor,Trevor Jones,"7/3/26, 3:30 PM",,OUTGOING,https://www.linkedin.com/in/thejacobkantor,https://www.linkedin.com/in/trevor-jones-510a6750
Jacob Kantor,"Amy Williams, M. Ed.","7/3/26, 3:30 PM",,OUTGOING,https://www.linkedin.com/in/thejacobkantor,https://www.linkedin.com/in/amy-williams-m-ed
Jacob Kantor,"Stephen Bigelow, PhD","7/3/26, 3:30 PM",,OUTGOING,https://www.linkedin.com/in/thejacobkantor,https://www.linkedin.com/in/stephen-bigelow
Jacob Kantor,G. Elgin Card,"7/3/26, 3:30 PM",,OUTGOING,https://www.linkedin.com/in/thejacobkantor,https://www.linkedin.com/in/g-elgin-card-12538044
Jacob Kantor,David Lewis,"7/3/26, 3:30 PM",,OUTGOING,https://www.linkedin.com/in/thejacobkantor,https://www.linkedin.com/in/davidlewis2336
Jacob Kantor,"Dave Hurst, Ph.D.","7/3/26, 3:30 PM",,OUTGOING,https://www.linkedin.com/in/thejacobkantor,https://www.linkedin.com/in/dave-hurst-phd
Jacob Kantor,Janell Decker,"7/3/26, 3:30 PM",,OUTGOING,https://www.linkedin.com/in/thejacobkantor,https://www.linkedin.com/in/janell-decker-01942b74
Jacob Kantor,Ravneet Singh,"7/3/26, 2:57 PM",,OUTGOING,https://www.linkedin.com/in/thejacobkantor,https://www.linkedin.com/in/ravneetsk
Jacob Kantor,"Juan Ramirez, Jr","7/3/26, 12:08 PM",,OUTGOING,https://www.linkedin.com/in/thejacobkantor,https://www.linkedin.com/in/juan-ramirez-jr-98909590
Jacob Kantor,Molly Mojden,"7/3/26, 12:08 PM",,OUTGOING,https://www.linkedin.com/in/thejacobkantor,https://www.linkedin.com/in/molly-mojden-54a952a9
Jacob Kantor,Charles K. (Kenny) Garland,"7/3/26, 12:08 PM",,OUTGOING,https://www.linkedin.com/in/thejacobkantor,https://www.linkedin.com/in/charles-k-kenny-garland-b4550469
Jacob Kantor,Monica Waltman,"7/3/26, 12:09 PM",,OUTGOING,https://www.linkedin.com/in/thejacobkantor,https://www.linkedin.com/in/monica-waltman-72730855
Jacob Kantor,"Megan Peugeot, Ed.D.","7/3/26, 12:09 PM",,OUTGOING,https://www.linkedin.com/in/thejacobkantor,https://www.linkedin.com/in/megan-peugeot-ed-d-1216211ab
Jacob Kantor,Vickie Maruniak,"7/3/26, 12:08 PM",,OUTGOING,https://www.linkedin.com/in/thejacobkantor,https://www.linkedin.com/in/vickie-maruniak-303baa182
Jacob Kantor,Nathan Swenson,"7/3/26, 12:08 PM",,OUTGOING,https://www.linkedin.com/in/thejacobkantor,https://www.linkedin.com/in/nathan-swenson-nasa
Jacob Kantor,Hugh Broomall,"7/3/26, 12:09 PM",,OUTGOING,https://www.linkedin.com/in/thejacobkantor,https://www.linkedin.com/in/hughbroomall
Jacob Kantor,Kyle Beauchamp,"7/3/26, 12:08 PM",,OUTGOING,https://www.linkedin.com/in/thejacobkantor,https://www.linkedin.com/in/kyle-beauchamp-02b0ab122
Jacob Kantor,"Vincent Hamm, Ed.D.","7/3/26, 12:09 PM",,OUTGOING,https://www.linkedin.com/in/thejacobkantor,https://www.linkedin.com/in/vincent-hamm-ed-d-908873133
Jacob Kantor,Dr. Paul Milcetich,"7/3/26, 12:08 PM",,OUTGOING,https://www.linkedin.com/in/thejacobkantor,https://www.linkedin.com/in/dr-paul-milcetich-14573027
Jacob Kantor,"Lindsay A. Whitley, Ed.D.","7/3/26, 12:08 PM",,OUTGOING,https://www.linkedin.com/in/thejacobkantor,https://www.linkedin.com/in/lindsayawhitleyedd
Jacob Kantor,Mark Smith,"7/3/26, 12:08 PM",,OUTGOING,https://www.linkedin.com/in/thejacobkantor,https://www.linkedin.com/in/mark-smith-42562572
Jacob Kantor,"Jayson Snyder, PhD","7/3/26, 12:08 PM",,OUTGOING,https://www.linkedin.com/in/thejacobkantor,https://www.linkedin.com/in/jayson-snyder-phd-94703665
Jacob Kantor,Jackie Westerfield,"7/3/26, 12:08 PM",,OUTGOING,https://www.linkedin.com/in/thejacobkantor,https://www.linkedin.com/in/jackie-westerfield-544b0821
Jacob Kantor,"ToniJo Niccoli, Ed.S.","7/3/26, 12:08 PM",,OUTGOING,https://www.linkedin.com/in/thejacobkantor,https://www.linkedin.com/in/tonijo-niccoli-ed-s-233a17160
Jacob Kantor,"Leigh Ann Bradshaw, Ed.D.","7/3/26, 12:08 PM",,OUTGOING,https://www.linkedin.com/in/thejacobkantor,https://www.linkedin.com/in/leigh-ann-bradshaw-ed-d-0aa98a115
Jacob Kantor,Rita Tarullo,"7/3/26, 12:08 PM",,OUTGOING,https://www.linkedin.com/in/thejacobkantor,https://www.linkedin.com/in/rita-tarullo-45220875
Jacob Kantor,Gregg Rosann,"7/3/26, 9:06 AM",,OUTGOING,https://www.linkedin.com/in/thejacobkantor,https://www.linkedin.com/in/skipow
Jacob Kantor,Ryan Atwood,"7/3/26, 9:06 AM",,OUTGOING,https://www.linkedin.com/in/thejacobkantor,https://www.linkedin.com/in/ryan-atwood-a42478a0
Jacob Kantor,Joel Herbst,"7/3/26, 9:05 AM",,OUTGOING,https://www.linkedin.com/in/thejacobkantor,https://www.linkedin.com/in/joel-herbst-876a1a20
Jacob Kantor,Gina Gamnis,"7/3/26, 9:05 AM",,OUTGOING,https://www.linkedin.com/in/thejacobkantor,https://www.linkedin.com/in/gina-gamnis-bb7048b6
Jacob Kantor,"David L. Dimmett, EdD","7/3/26, 9:05 AM",,OUTGOING,https://www.linkedin.com/in/thejacobkantor,https://www.linkedin.com/in/daviddimmett
Jacob Kantor,Zachary Arenz,"7/3/26, 9:05 AM",,OUTGOING,https://www.linkedin.com/in/thejacobkantor,https://www.linkedin.com/in/zacharenz2024
Jacob Kantor,Raymorris Barnes,"7/3/26, 9:05 AM",,OUTGOING,https://www.linkedin.com/in/thejacobkantor,https://www.linkedin.com/in/raymorris-barnes-644b23419
Jacob Kantor,Dustin Bosshart,"7/3/26, 9:05 AM",,OUTGOING,https://www.linkedin.com/in/thejacobkantor,https://www.linkedin.com/in/dustin-bosshart
Jacob Kantor,Steve Popper,"7/3/26, 9:05 AM",,OUTGOING,https://www.linkedin.com/in/thejacobkantor,https://www.linkedin.com/in/steve-popper-47b54219a
Jacob Kantor,Anthony C. Teti,"7/3/26, 9:05 AM",,OUTGOING,https://www.linkedin.com/in/thejacobkantor,https://www.linkedin.com/in/anthonycteti
Jacob Kantor,RJ Hartwell,"7/3/26, 9:05 AM",,OUTGOING,https://www.linkedin.com/in/thejacobkantor,https://www.linkedin.com/in/rj-hartwell-188615208
Jacob Kantor,Donna Clements,"7/3/26, 9:05 AM",,OUTGOING,https://www.linkedin.com/in/thejacobkantor,https://www.linkedin.com/in/donna-clements-0732a2a6
Jacob Kantor,Daniel Ross,"7/3/26, 9:05 AM",,OUTGOING,https://www.linkedin.com/in/thejacobkantor,https://www.linkedin.com/in/daniel-ross-ab007063
Jacob Kantor,Dr. Kellie Finnie ,"7/3/26, 9:05 AM",,OUTGOING,https://www.linkedin.com/in/thejacobkantor,https://www.linkedin.com/in/dr-kellie-finnie-1094623a
Jacob Kantor,David Pfaehler,"7/3/26, 9:05 AM",,OUTGOING,https://www.linkedin.com/in/thejacobkantor,https://www.linkedin.com/in/david-pfaehler-92118742
Jacob Kantor,RJ Webber,"7/3/26, 9:05 AM",,OUTGOING,https://www.linkedin.com/in/thejacobkantor,https://www.linkedin.com/in/rj-webber-a5452642
Jacob Kantor,Christopher Krebs,"7/3/26, 9:05 AM",,OUTGOING,https://www.linkedin.com/in/thejacobkantor,https://www.linkedin.com/in/christopher-krebs-35a947101
Jacob Kantor,Thomas J. Colabufo,"7/3/26, 9:05 AM",,OUTGOING,https://www.linkedin.com/in/thejacobkantor,https://www.linkedin.com/in/thomas-j-colabufo-0b265b111
Jacob Kantor,Wayne Roedel,"7/3/26, 9:05 AM",,OUTGOING,https://www.linkedin.com/in/thejacobkantor,https://www.linkedin.com/in/wayne-roedel-483a431ab
Jacob Kantor,Ben Gilpin,"7/3/26, 9:05 AM",,OUTGOING,https://www.linkedin.com/in/thejacobkantor,https://www.linkedin.com/in/ben-gilpin-70133536
Jacob Kantor,Amy Paulin,"7/3/26, 8:02 AM",,OUTGOING,https://www.linkedin.com/in/thejacobkantor,https://www.linkedin.com/in/amy-paulin-137247237
Jacob Kantor,Maria Flores,"7/3/26, 8:00 AM",,OUTGOING,https://www.linkedin.com/in/thejacobkantor,https://www.linkedin.com/in/maria-flores-5ba5b3165
Jacob Kantor,Dr. Adam Miller,"7/3/26, 8:00 AM",,OUTGOING,https://www.linkedin.com/in/thejacobkantor,https://www.linkedin.com/in/adam-miller-edu
Jacob Kantor,Aliza Zahid,"7/3/26, 7:50 AM",,OUTGOING,https://www.linkedin.com/in/thejacobkantor,https://www.linkedin.com/in/alizazahid
Jacob Kantor,Jessica Johnson,"7/2/26, 8:03 PM",,OUTGOING,https://www.linkedin.com/in/thejacobkantor,https://www.linkedin.com/in/jessica-johnson-15652a22b
Jacob Kantor,"Jessica Fry, CPM","7/2/26, 6:12 PM",,OUTGOING,https://www.linkedin.com/in/thejacobkantor,https://www.linkedin.com/in/jessica-fry-las-vegas
Jacob Kantor,"Ingrid Hidalgo -Lin, Ed.D.","7/2/26, 4:42 PM",,OUTGOING,https://www.linkedin.com/in/thejacobkantor,https://www.linkedin.com/in/ingrid-hidalgo-lin-ed-d-4b6b55148
Jacob Kantor,Cristina Hernandez,"7/2/26, 3:46 PM",,OUTGOING,https://www.linkedin.com/in/thejacobkantor,https://www.linkedin.com/in/cmhern
Jacob Kantor,Rajit Malhotra,"7/2/26, 2:36 PM",,OUTGOING,https://www.linkedin.com/in/thejacobkantor,https://www.linkedin.com/in/rajitm
Jacob Kantor,Kaleb Haddish,"7/2/26, 2:33 PM",,OUTGOING,https://www.linkedin.com/in/thejacobkantor,https://www.linkedin.com/in/kaleb-haddish-164a23161
Jacob Kantor,Barry Sams,"7/2/26, 2:33 PM",,OUTGOING,https://www.linkedin.com/in/thejacobkantor,https://www.linkedin.com/in/barry-sams-422b44
Jacob Kantor,James Lee,"7/2/26, 2:33 PM",,OUTGOING,https://www.linkedin.com/in/thejacobkantor,https://www.linkedin.com/in/james-youngjin-lee
Jacob Kantor,"Quilla Graves, SPHR, SCP","7/2/26, 2:33 PM",,OUTGOING,https://www.linkedin.com/in/thejacobkantor,https://www.linkedin.com/in/quilla-graves-sphr-scp-aa86911
Jacob Kantor,Greg Vierling,"7/2/26, 2:32 PM",,OUTGOING,https://www.linkedin.com/in/thejacobkantor,https://www.linkedin.com/in/gregvierling
Jacob Kantor,Annie Provenzano,"7/2/26, 2:32 PM",,OUTGOING,https://www.linkedin.com/in/thejacobkantor,https://www.linkedin.com/in/annieprovenzano
Jacob Kantor,Kelly Carson,"7/2/26, 2:32 PM",,OUTGOING,https://www.linkedin.com/in/thejacobkantor,https://www.linkedin.com/in/kellyncarson
Jacob Kantor,"Antonio García, Ed.D","7/2/26, 1:47 PM",,OUTGOING,https://www.linkedin.com/in/thejacobkantor,https://www.linkedin.com/in/antonio-garcia-edleader
Jacob Kantor,Aquila Leon-Soon,"7/2/26, 11:39 AM",,OUTGOING,https://www.linkedin.com/in/thejacobkantor,https://www.linkedin.com/in/aleonsoon
Jacob Kantor,"Rayna Glumac, J.D., M.Ed.","7/2/26, 10:32 AM",,OUTGOING,https://www.linkedin.com/in/thejacobkantor,https://www.linkedin.com/in/raynayaker
Jacob Kantor,David Neville,"7/2/26, 8:31 AM",,OUTGOING,https://www.linkedin.com/in/thejacobkantor,https://www.linkedin.com/in/doktorfrag
Jacob Kantor,Crystal Meyer,"7/1/26, 9:16 PM",,OUTGOING,https://www.linkedin.com/in/thejacobkantor,https://www.linkedin.com/in/crysnico
Jacob Kantor,Mark Redemske,"7/1/26, 9:16 PM",,OUTGOING,https://www.linkedin.com/in/thejacobkantor,https://www.linkedin.com/in/mark-redemske-51a935419
Jacob Kantor,"Leigh Arnold, M.Ed","7/1/26, 9:16 PM",,OUTGOING,https://www.linkedin.com/in/thejacobkantor,https://www.linkedin.com/in/leigh-arnold
Jacob Kantor,"Stephanie Chapman, M. Ed.","7/1/26, 9:16 PM",,OUTGOING,https://www.linkedin.com/in/thejacobkantor,https://www.linkedin.com/in/stephanie-chapman-m-ed-a94b95232
Jacob Kantor,Michael Maine,"7/1/26, 8:43 PM",,OUTGOING,https://www.linkedin.com/in/thejacobkantor,https://www.linkedin.com/in/michaelmaine
Jacob Kantor,Paul Johansen,"7/1/26, 8:42 PM",,OUTGOING,https://www.linkedin.com/in/thejacobkantor,https://www.linkedin.com/in/pauldjohansen
Jacob Kantor,Allison Mesang,"7/1/26, 8:41 PM",,OUTGOING,https://www.linkedin.com/in/thejacobkantor,https://www.linkedin.com/in/allison-mesang-8bb66862
Jacob Kantor,Matt Stepnowsky,"7/1/26, 8:19 PM",,OUTGOING,https://www.linkedin.com/in/thejacobkantor,https://www.linkedin.com/in/matt-stepnowsky-aa07024
Jacob Kantor,James Garnett,"7/1/26, 8:17 PM",,OUTGOING,https://www.linkedin.com/in/thejacobkantor,https://www.linkedin.com/in/jamesmgarnett
Jacob Kantor,Laura Geringer,"7/1/26, 8:16 PM",,OUTGOING,https://www.linkedin.com/in/thejacobkantor,https://www.linkedin.com/in/laurageringer
Jacob Kantor,Cathy Lacey,"7/1/26, 8:16 PM",,OUTGOING,https://www.linkedin.com/in/thejacobkantor,https://www.linkedin.com/in/cathleenlacey
Jacob Kantor,Stephen Cappello,"7/1/26, 8:15 PM",,OUTGOING,https://www.linkedin.com/in/thejacobkantor,https://www.linkedin.com/in/smcappello
Jacob Kantor,"Jason Bailey, PhD","7/1/26, 8:14 PM",,OUTGOING,https://www.linkedin.com/in/thejacobkantor,https://www.linkedin.com/in/jasonbailey626
Jacob Kantor,Amie Bourn,"7/1/26, 8:14 PM",,OUTGOING,https://www.linkedin.com/in/thejacobkantor,https://www.linkedin.com/in/amiebourn
Jacob Kantor,Carley Hunt,"7/1/26, 7:09 PM",,OUTGOING,https://www.linkedin.com/in/thejacobkantor,https://www.linkedin.com/in/carley-hunt-885939406
Jacob Kantor,"Jaycie Homer, M.Ed.","7/1/26, 6:13 PM",,OUTGOING,https://www.linkedin.com/in/thejacobkantor,https://www.linkedin.com/in/homerjb
Jacob Kantor,"Nick Damico, Ed.D.","7/1/26, 6:13 PM",,OUTGOING,https://www.linkedin.com/in/thejacobkantor,https://www.linkedin.com/in/nick-damico-ed-d-643a0b14b
Jacob Kantor,Benjamin Harrison,"7/1/26, 6:13 PM",,OUTGOING,https://www.linkedin.com/in/thejacobkantor,https://www.linkedin.com/in/edtechben
Jacob Kantor,Zoe Evans,"7/1/26, 6:13 PM",,OUTGOING,https://www.linkedin.com/in/thejacobkantor,https://www.linkedin.com/in/zoe-evans-97344936
Jacob Kantor,Brianna Reilly Oliveira,"7/1/26, 6:13 PM",,OUTGOING,https://www.linkedin.com/in/thejacobkantor,https://www.linkedin.com/in/briannaro
Jacob Kantor,Eileen Marks-DiFabio M.S.Ed.,"7/1/26, 6:13 PM",,OUTGOING,https://www.linkedin.com/in/thejacobkantor,https://www.linkedin.com/in/eileenmarksdifabio
Jacob Kantor,Jeremy Peacock,"7/1/26, 5:41 PM",,OUTGOING,https://www.linkedin.com/in/thejacobkantor,https://www.linkedin.com/in/jeremy-peacock-georgia
Jacob Kantor,Carrie Hahnel,"7/1/26, 3:36 PM",,OUTGOING,https://www.linkedin.com/in/thejacobkantor,https://www.linkedin.com/in/carrie-hahnel-5967a03
Jacob Kantor,Jason Willis,"7/1/26, 3:36 PM",,OUTGOING,https://www.linkedin.com/in/thejacobkantor,https://www.linkedin.com/in/jason-david-willis
Jacob Kantor,Holly Martin ,"7/1/26, 1:24 PM",,OUTGOING,https://www.linkedin.com/in/thejacobkantor,https://www.linkedin.com/in/holly-martin-aa6a781b5
Jacob Kantor,Kristina Lee,"7/1/26, 12:38 PM",,OUTGOING,https://www.linkedin.com/in/thejacobkantor,https://www.linkedin.com/in/kristinawlee
Jacob Kantor,Carlos Sandrea,"7/1/26, 11:47 AM",,OUTGOING,https://www.linkedin.com/in/thejacobkantor,https://www.linkedin.com/in/carlossandrea01
Jacob Kantor,Anthony J. DiValerio III,"7/1/26, 11:47 AM",,OUTGOING,https://www.linkedin.com/in/thejacobkantor,https://www.linkedin.com/in/ajdivalerio
Jacob Kantor,Folu Ogunyeye,"7/1/26, 11:47 AM",,OUTGOING,https://www.linkedin.com/in/thejacobkantor,https://www.linkedin.com/in/folu-ogunyeye
Jacob Kantor,Helen Zou,"6/30/26, 9:40 PM",,OUTGOING,https://www.linkedin.com/in/thejacobkantor,https://www.linkedin.com/in/helen-zou-b09a267b
Jacob Kantor,Connor Molloy,"6/30/26, 9:39 PM",,OUTGOING,https://www.linkedin.com/in/thejacobkantor,https://www.linkedin.com/in/connor-molloy-291652264
Jacob Kantor,Salman Khan (PhD),"6/30/26, 9:38 PM",,OUTGOING,https://www.linkedin.com/in/thejacobkantor,https://www.linkedin.com/in/salman-khan-phd
Jacob Kantor,Jessica Milton,"6/30/26, 9:38 PM",,OUTGOING,https://www.linkedin.com/in/thejacobkantor,https://www.linkedin.com/in/jessica-milton-a3b5a367
Jacob Kantor,Morris Williams,"6/30/26, 11:56 AM",,OUTGOING,https://www.linkedin.com/in/thejacobkantor,https://www.linkedin.com/in/morris-williams-50bb1015
Jacob Kantor,Rob Miller,"6/30/26, 11:23 AM",,OUTGOING,https://www.linkedin.com/in/thejacobkantor,https://www.linkedin.com/in/rob-miller-61199a3
Jacob Kantor,Narender Ramireddy,"6/30/26, 11:24 AM",,OUTGOING,https://www.linkedin.com/in/thejacobkantor,https://www.linkedin.com/in/narender-ramireddy-cto
Jacob Kantor,Laura Fisher,"6/30/26, 11:07 AM",,OUTGOING,https://www.linkedin.com/in/thejacobkantor,https://www.linkedin.com/in/laura-fisher-08537092
Jacob Kantor,Tomoko Matsukawa,"6/30/26, 8:46 AM",,OUTGOING,https://www.linkedin.com/in/thejacobkantor,https://www.linkedin.com/in/tomokomatsukawa
Jacob Kantor,"Venissia Garcia, Ed.D.","6/30/26, 6:27 AM",,OUTGOING,https://www.linkedin.com/in/thejacobkantor,https://www.linkedin.com/in/venissia-garcia-ed-d-ba207914a
Jacob Kantor,Michelle Martinello,"6/30/26, 6:27 AM",,OUTGOING,https://www.linkedin.com/in/thejacobkantor,https://www.linkedin.com/in/michelle-martinello-4b2603318
Jacob Kantor,John Della Fortuna,"6/30/26, 6:27 AM",,OUTGOING,https://www.linkedin.com/in/thejacobkantor,https://www.linkedin.com/in/john-della-fortuna-4a1b945a
Jacob Kantor,Bryan Phillips,"6/30/26, 6:26 AM",,OUTGOING,https://www.linkedin.com/in/thejacobkantor,https://www.linkedin.com/in/bryanphillips
Jacob Kantor,"Rosalinda Nava,MBA,SPHR,SHRM-CP,PCC","6/30/26, 6:26 AM",,OUTGOING,https://www.linkedin.com/in/thejacobkantor,https://www.linkedin.com/in/rose-nava
Jacob Kantor,Jill Grace,"6/29/26, 10:00 PM",,OUTGOING,https://www.linkedin.com/in/thejacobkantor,https://www.linkedin.com/in/jill-grace-51223927a
Jacob Kantor,"Anna Phillips, M. Ed.","6/29/26, 10:00 PM",,OUTGOING,https://www.linkedin.com/in/thejacobkantor,https://www.linkedin.com/in/anna-phillips-m-ed-a20178115
Jacob Kantor,John  Austin,"6/29/26, 10:00 PM",,OUTGOING,https://www.linkedin.com/in/thejacobkantor,https://www.linkedin.com/in/john-austin-a894983a7
Jacob Kantor,Deborah Ruddock,"6/29/26, 10:00 PM",,OUTGOING,https://www.linkedin.com/in/thejacobkantor,https://www.linkedin.com/in/deborah-ruddock-66971516
Jacob Kantor,Chris Prince,"6/29/26, 10:00 PM",,OUTGOING,https://www.linkedin.com/in/thejacobkantor,https://www.linkedin.com/in/chris-prince-8316385
Jacob Kantor,Scott Turnbull,"6/29/26, 10:00 PM",,OUTGOING,https://www.linkedin.com/in/thejacobkantor,https://www.linkedin.com/in/scott-turnbull-70878762
Jacob Kantor,Heather Vennes,"6/29/26, 10:00 PM",,OUTGOING,https://www.linkedin.com/in/thejacobkantor,https://www.linkedin.com/in/heather-vennes-627b6147
Jacob Kantor,Javier  Hernandez,"6/29/26, 10:00 PM",,OUTGOING,https://www.linkedin.com/in/thejacobkantor,https://www.linkedin.com/in/javier-hernandez-21a858255
Jacob Kantor,Camille Alshaer,"6/29/26, 10:00 PM",,OUTGOING,https://www.linkedin.com/in/thejacobkantor,https://www.linkedin.com/in/camille-alshaer-0b05243b2
Jacob Kantor,Aaron Heinz,"6/29/26, 10:00 PM",,OUTGOING,https://www.linkedin.com/in/thejacobkantor,https://www.linkedin.com/in/aaron-heinz-8b2b682a8
Jacob Kantor,Jesse M Najera,"6/29/26, 10:00 PM",,OUTGOING,https://www.linkedin.com/in/thejacobkantor,https://www.linkedin.com/in/jesse-m-najera-a06a26295
Jacob Kantor,Kerry Raczka,"6/29/26, 10:00 PM",,OUTGOING,https://www.linkedin.com/in/thejacobkantor,https://www.linkedin.com/in/kerry-raczka-41009499
Jacob Kantor,Frank D'Amico  CD1,"6/29/26, 9:59 PM",,OUTGOING,https://www.linkedin.com/in/thejacobkantor,https://www.linkedin.com/in/frank-d-amico-cd1-084b1747
Jacob Kantor,Luis Alonso Ubillas,"6/29/26, 9:34 PM",,OUTGOING,https://www.linkedin.com/in/thejacobkantor,https://www.linkedin.com/in/lubillas
Jacob Kantor,Kevin Moran,"6/29/26, 9:23 PM",,OUTGOING,https://www.linkedin.com/in/thejacobkantor,https://www.linkedin.com/in/kevinmmoran
Jacob Kantor,John Kruthoffer,"6/29/26, 6:04 PM",,OUTGOING,https://www.linkedin.com/in/thejacobkantor,https://www.linkedin.com/in/john-kruthoffer-8383844
Jacob Kantor,Kimberly Russell,"6/29/26, 4:58 PM",,OUTGOING,https://www.linkedin.com/in/thejacobkantor,https://www.linkedin.com/in/kimberly-russell-a57878b
Jacob Kantor,"Amanda Leich, M.Ed","6/29/26, 4:33 PM",,OUTGOING,https://www.linkedin.com/in/thejacobkantor,https://www.linkedin.com/in/amandaleich
Jacob Kantor,Kimia Hamidi,"6/29/26, 9:51 AM",,OUTGOING,https://www.linkedin.com/in/thejacobkantor,https://www.linkedin.com/in/hkimia
Jacob Kantor,Mae Hwee Teo,"6/29/26, 9:51 AM",,OUTGOING,https://www.linkedin.com/in/thejacobkantor,https://www.linkedin.com/in/mae-hwee-teo
Jacob Kantor,Mitchell Stockwell,"6/29/26, 9:51 AM",,OUTGOING,https://www.linkedin.com/in/thejacobkantor,https://www.linkedin.com/in/mitchell-stockwell-179108194
Jacob Kantor,Josh Keding,"6/29/26, 9:51 AM",,OUTGOING,https://www.linkedin.com/in/thejacobkantor,https://www.linkedin.com/in/josh-keding-80b12549
Jacob Kantor,Jonathan Hulbert,"6/29/26, 9:33 AM",,OUTGOING,https://www.linkedin.com/in/thejacobkantor,https://www.linkedin.com/in/hulbertjonathan
Jacob Kantor,Kimberly Gudinas,"6/29/26, 9:33 AM",,OUTGOING,https://www.linkedin.com/in/thejacobkantor,https://www.linkedin.com/in/kimberly-gudinas-b7a2684a
Jacob Kantor,"Levi Robinson, Ed. S.","6/29/26, 9:33 AM",,OUTGOING,https://www.linkedin.com/in/thejacobkantor,https://www.linkedin.com/in/levi-robinson-ed-s-4b6b0670
Jacob Kantor,Taylor Watkins,"6/29/26, 9:30 AM",,OUTGOING,https://www.linkedin.com/in/thejacobkantor,https://www.linkedin.com/in/taylor-watkins-0140ab194
Jacob Kantor,"Roberta Roth Lenarz,  MBA","6/29/26, 9:29 AM",,OUTGOING,https://www.linkedin.com/in/thejacobkantor,https://www.linkedin.com/in/robertalenarz
Jacob Kantor,"Maria Athanasiou, M.Ed., OCT","6/29/26, 9:28 AM",,OUTGOING,https://www.linkedin.com/in/thejacobkantor,https://www.linkedin.com/in/maria-athanasiou-m-ed-oct-769ab920a
Jacob Kantor,Lindsay Powers,"6/29/26, 9:28 AM",,OUTGOING,https://www.linkedin.com/in/thejacobkantor,https://www.linkedin.com/in/powerslindsay
Jacob Kantor,Kate Broughton M.Ed.,"6/29/26, 9:27 AM",,OUTGOING,https://www.linkedin.com/in/thejacobkantor,https://www.linkedin.com/in/kate-broughton-m-ed-3891054
Jacob Kantor,"John Gartin, MOL, MA","6/29/26, 9:27 AM",,OUTGOING,https://www.linkedin.com/in/thejacobkantor,https://www.linkedin.com/in/john-g-gartin
Jacob Kantor,David Parrish,"6/29/26, 9:27 AM",,OUTGOING,https://www.linkedin.com/in/thejacobkantor,https://www.linkedin.com/in/david-parrish-767a35b1
Jacob Kantor,Charbel Haddad - Learning Guide and Technologist,"6/29/26, 9:27 AM",,OUTGOING,https://www.linkedin.com/in/thejacobkantor,https://www.linkedin.com/in/charbsinfo
Jacob Kantor,Cecilia Fernandez,"6/29/26, 9:26 AM",,OUTGOING,https://www.linkedin.com/in/thejacobkantor,https://www.linkedin.com/in/cecilia-fernandez-9b6736141
Jacob Kantor,Cal Armstrong,"6/29/26, 9:26 AM",,OUTGOING,https://www.linkedin.com/in/thejacobkantor,https://www.linkedin.com/in/calarmstrong
Jacob Kantor,C. Harun Böke,"6/29/26, 9:26 AM",,OUTGOING,https://www.linkedin.com/in/thejacobkantor,https://www.linkedin.com/in/charunboke
Jacob Kantor,Amanda Brougham-Pickard,"6/29/26, 9:25 AM",,OUTGOING,https://www.linkedin.com/in/thejacobkantor,https://www.linkedin.com/in/amanda-brougham-pickard-77635131
Jacob Kantor,"Tom Semko, Ed.D","6/29/26, 9:25 AM",,OUTGOING,https://www.linkedin.com/in/thejacobkantor,https://www.linkedin.com/in/thomas-semko
Jacob Kantor,Leslie Bondaryk,"6/29/26, 7:21 AM",,OUTGOING,https://www.linkedin.com/in/thejacobkantor,https://www.linkedin.com/in/lbondaryk
Jacob Kantor,Randy Rininger Kline,"6/29/26, 12:06 AM",,OUTGOING,https://www.linkedin.com/in/thejacobkantor,https://www.linkedin.com/in/randy-rininger
Jacob Kantor,Jim Mayers,"6/29/26, 12:06 AM",,OUTGOING,https://www.linkedin.com/in/thejacobkantor,https://www.linkedin.com/in/mayersjim
Jacob Kantor,Kristin Wilson,"6/28/26, 9:44 PM",,OUTGOING,https://www.linkedin.com/in/thejacobkantor,https://www.linkedin.com/in/kristin-wilson-35066386
Jacob Kantor,"Christopher Murphy, Ed.D ","6/28/26, 2:08 PM",,OUTGOING,https://www.linkedin.com/in/thejacobkantor,https://www.linkedin.com/in/drchrismurphy
Jacob Kantor,Sharhonda Bossier,"6/28/26, 9:53 AM",,OUTGOING,https://www.linkedin.com/in/thejacobkantor,https://www.linkedin.com/in/sharhonda-bossier-92a40a65
Jacob Kantor,"Kristie Clements, M.A., C-SLCT","6/28/26, 8:38 AM",,OUTGOING,https://www.linkedin.com/in/thejacobkantor,https://www.linkedin.com/in/kristie-literacy-advocate
Jacob Kantor,José Viana,"6/28/26, 8:38 AM",,OUTGOING,https://www.linkedin.com/in/thejacobkantor,https://www.linkedin.com/in/josé-viana-edd
Jacob Kantor,Brian DeRose,"6/28/26, 8:38 AM",,OUTGOING,https://www.linkedin.com/in/thejacobkantor,https://www.linkedin.com/in/brian-derose-a4058377
Jacob Kantor,Royce Avery,"6/28/26, 8:38 AM",,OUTGOING,https://www.linkedin.com/in/thejacobkantor,https://www.linkedin.com/in/roycedavery
Jacob Kantor,Nicole Ossenfort,"6/28/26, 8:38 AM",,OUTGOING,https://www.linkedin.com/in/thejacobkantor,https://www.linkedin.com/in/nicole-ossenfort
Jacob Kantor,Steve Isaacs,"6/27/26, 10:36 PM",,OUTGOING,https://www.linkedin.com/in/thejacobkantor,https://www.linkedin.com/in/steve-isaacs
Jacob Kantor,"Angela Ritchie, M.Ed.","6/27/26, 7:53 PM",,OUTGOING,https://www.linkedin.com/in/thejacobkantor,https://www.linkedin.com/in/angela-ritchie-m-ed-28282a14
Jacob Kantor,"Jess Wilkinson, M.Ed.L.","6/27/26, 7:53 PM",,OUTGOING,https://www.linkedin.com/in/thejacobkantor,https://www.linkedin.com/in/jessicalwilkinson
Jacob Kantor,Will Juarez,"6/27/26, 7:53 PM",,OUTGOING,https://www.linkedin.com/in/thejacobkantor,https://www.linkedin.com/in/willj6
Jacob Kantor,Kelsey Putney,"6/27/26, 7:53 PM",,OUTGOING,https://www.linkedin.com/in/thejacobkantor,https://www.linkedin.com/in/kelsey-putney-b01245417
Jacob Kantor,Kavan Edwards,"6/27/26, 7:53 PM",,OUTGOING,https://www.linkedin.com/in/thejacobkantor,https://www.linkedin.com/in/kavan-edwards
Jacob Kantor,Mark Driscoll,"6/27/26, 7:53 PM",,OUTGOING,https://www.linkedin.com/in/thejacobkantor,https://www.linkedin.com/in/mark-driscoll-b93643164
Jacob Kantor,Katherine León Childress,"6/27/26, 6:54 PM",,OUTGOING,https://www.linkedin.com/in/thejacobkantor,https://www.linkedin.com/in/klchildress
Jacob Kantor,Andy Xiong,"6/27/26, 5:44 PM",,OUTGOING,https://www.linkedin.com/in/thejacobkantor,https://www.linkedin.com/in/andyxiong
Jacob Kantor,Paul Eckert,"6/27/26, 5:44 PM",,OUTGOING,https://www.linkedin.com/in/thejacobkantor,https://www.linkedin.com/in/paul-eckert-6a2a8a418
Jacob Kantor,John Malloy,"6/27/26, 5:43 PM",,OUTGOING,https://www.linkedin.com/in/thejacobkantor,https://www.linkedin.com/in/john-malloy-334b5828
Jacob Kantor,Elizabeth St. Onge,"6/27/26, 5:43 PM",,OUTGOING,https://www.linkedin.com/in/thejacobkantor,https://www.linkedin.com/in/elizabeth-st-onge
Jacob Kantor,Noelle Ng,"6/27/26, 4:57 PM",,OUTGOING,https://www.linkedin.com/in/thejacobkantor,https://www.linkedin.com/in/noelle-ng-422a328
Jacob Kantor,Rick Oser,"6/27/26, 10:33 AM",,OUTGOING,https://www.linkedin.com/in/thejacobkantor,https://www.linkedin.com/in/rick-oser-a252041ba
Jacob Kantor,Nate Leslie,"6/26/26, 2:49 PM",,OUTGOING,https://www.linkedin.com/in/thejacobkantor,https://www.linkedin.com/in/nate-leslie-565844245
Jacob Kantor,RJ Zablotny,"6/26/26, 2:49 PM",,OUTGOING,https://www.linkedin.com/in/thejacobkantor,https://www.linkedin.com/in/rjzablotny
Jacob Kantor,Elaine Reichert,"6/26/26, 1:49 PM",,OUTGOING,https://www.linkedin.com/in/thejacobkantor,https://www.linkedin.com/in/elaine-reichert-53902712
Jacob Kantor,Sergio Molina,"6/26/26, 1:48 PM",,OUTGOING,https://www.linkedin.com/in/thejacobkantor,https://www.linkedin.com/in/sergio-molina-0b5302113
Jacob Kantor,Dinithi Ahinsa,"6/26/26, 9:38 AM",,OUTGOING,https://www.linkedin.com/in/thejacobkantor,https://www.linkedin.com/in/dinithi-ahinsa-60681a218
Jacob Kantor,Chris Bogie,"6/26/26, 8:36 AM",,OUTGOING,https://www.linkedin.com/in/thejacobkantor,https://www.linkedin.com/in/bogiechris
Jacob Kantor,Rob Semos,"6/26/26, 8:36 AM",,OUTGOING,https://www.linkedin.com/in/thejacobkantor,https://www.linkedin.com/in/rob-s-9b1a1470
Jacob Kantor,Lauren Meek,"6/26/26, 8:36 AM",,OUTGOING,https://www.linkedin.com/in/thejacobkantor,https://www.linkedin.com/in/lauren-m-32b411210
Jacob Kantor,Kate Swistowicz,"6/26/26, 8:36 AM",,OUTGOING,https://www.linkedin.com/in/thejacobkantor,https://www.linkedin.com/in/kate-swistowicz-9795b415
Jacob Kantor,Dylan Stowell,"6/26/26, 8:36 AM",,OUTGOING,https://www.linkedin.com/in/thejacobkantor,https://www.linkedin.com/in/dylanstowell
Jacob Kantor,Mark Alvarado,"6/26/26, 8:35 AM",,OUTGOING,https://www.linkedin.com/in/thejacobkantor,https://www.linkedin.com/in/mark-a-84a64b1a7
Jacob Kantor,Paige Mitchell,"6/25/26, 10:25 PM",,OUTGOING,https://www.linkedin.com/in/thejacobkantor,https://www.linkedin.com/in/paigedmitchell
Jacob Kantor,Katie McCormick,"6/25/26, 10:25 PM",,OUTGOING,https://www.linkedin.com/in/thejacobkantor,https://www.linkedin.com/in/katie-mccormick-845b36308
Jacob Kantor,Kendall Slaughter,"6/25/26, 10:24 PM",,OUTGOING,https://www.linkedin.com/in/thejacobkantor,https://www.linkedin.com/in/kendall-slaughter
Jacob Kantor,Chris Bullock,"6/25/26, 9:24 PM",,OUTGOING,https://www.linkedin.com/in/thejacobkantor,https://www.linkedin.com/in/cjbullock
Jacob Kantor,Natalia Knop,"6/25/26, 9:24 PM",,OUTGOING,https://www.linkedin.com/in/thejacobkantor,https://www.linkedin.com/in/natalia-knop
Jacob Kantor,Jewel Sy Dominguez,"6/25/26, 9:24 PM",,OUTGOING,https://www.linkedin.com/in/thejacobkantor,https://www.linkedin.com/in/jewel-sy-dominguez-1220a92a9
Jacob Kantor,Bence Kovács,"6/25/26, 9:24 PM",,OUTGOING,https://www.linkedin.com/in/thejacobkantor,https://www.linkedin.com/in/kovbe11
Jacob Kantor,  Mohammed Faizaan,"6/25/26, 9:24 PM",,OUTGOING,https://www.linkedin.com/in/thejacobkantor,https://www.linkedin.com/in/aulisius
Jacob Kantor,Michael Robinson,"6/25/26, 9:24 PM",,OUTGOING,https://www.linkedin.com/in/thejacobkantor,https://www.linkedin.com/in/michael-robinson-93221659
Jacob Kantor,Zach Mahone 💫,"6/25/26, 9:24 PM",,OUTGOING,https://www.linkedin.com/in/thejacobkantor,https://www.linkedin.com/in/zach-mahone-💫-42babb46
Jacob Kantor,Lasha Shubitidze,"6/25/26, 9:24 PM",,OUTGOING,https://www.linkedin.com/in/thejacobkantor,https://www.linkedin.com/in/lasha-shubitidze
Jacob Kantor,Luke Murray,"6/25/26, 9:24 PM",,OUTGOING,https://www.linkedin.com/in/thejacobkantor,https://www.linkedin.com/in/luke-murray-39b661174
Jacob Kantor,Florian  Wüest,"6/25/26, 9:24 PM",,OUTGOING,https://www.linkedin.com/in/thejacobkantor,https://www.linkedin.com/in/florian-wüest-099b42134
Jacob Kantor,Mary Beth Lutz,"6/25/26, 9:24 PM",,OUTGOING,https://www.linkedin.com/in/thejacobkantor,https://www.linkedin.com/in/mary-beth-lutz-9a1044186
Jacob Kantor,Patrick O'Neill,"6/25/26, 9:24 PM",,OUTGOING,https://www.linkedin.com/in/thejacobkantor,https://www.linkedin.com/in/oneillpa
Jacob Kantor,Max Rampulla,"6/25/26, 9:24 PM",,OUTGOING,https://www.linkedin.com/in/thejacobkantor,https://www.linkedin.com/in/max-rampulla
Jacob Kantor,Helen J.,"6/25/26, 9:24 PM",,OUTGOING,https://www.linkedin.com/in/thejacobkantor,https://www.linkedin.com/in/helenjoel
Jacob Kantor,Morgan Nicolao,"6/25/26, 9:23 PM",,OUTGOING,https://www.linkedin.com/in/thejacobkantor,https://www.linkedin.com/in/morgan-nicolao918
Jacob Kantor,Hagel Alejandro,"6/25/26, 9:24 PM",,OUTGOING,https://www.linkedin.com/in/thejacobkantor,https://www.linkedin.com/in/hagel-alejandro-62a0663b3
Jacob Kantor,Aaron Bhatt,"6/25/26, 9:24 PM",,OUTGOING,https://www.linkedin.com/in/thejacobkantor,https://www.linkedin.com/in/aaron-b-a30a8961
Jacob Kantor,Talia Ramella,"6/25/26, 9:24 PM",,OUTGOING,https://www.linkedin.com/in/thejacobkantor,https://www.linkedin.com/in/talia-ramella
Jacob Kantor,Jordan Kindler,"6/25/26, 9:24 PM",,OUTGOING,https://www.linkedin.com/in/thejacobkantor,https://www.linkedin.com/in/jkind7
Jacob Kantor,Dmytro Mozolevskyi,"6/25/26, 9:23 PM",,OUTGOING,https://www.linkedin.com/in/thejacobkantor,https://www.linkedin.com/in/dmytro-mozolevskyi-02385556
Jacob Kantor,Charlene Hwang,"6/25/26, 9:23 PM",,OUTGOING,https://www.linkedin.com/in/thejacobkantor,https://www.linkedin.com/in/charlene-hwang
Jacob Kantor,James Cantor,"6/25/26, 9:23 PM",,OUTGOING,https://www.linkedin.com/in/thejacobkantor,https://www.linkedin.com/in/james-cantor
Jacob Kantor,Kusal Kithul-Godage,"6/25/26, 9:23 PM",,OUTGOING,https://www.linkedin.com/in/thejacobkantor,https://www.linkedin.com/in/kusal-kithul-godage
Jacob Kantor,John X. Lor,"6/25/26, 9:23 PM",,OUTGOING,https://www.linkedin.com/in/thejacobkantor,https://www.linkedin.com/in/johnxlor
Jacob Kantor,"Brooke Southern, M. Ed. Leadership","6/25/26, 9:23 PM",,OUTGOING,https://www.linkedin.com/in/thejacobkantor,https://www.linkedin.com/in/brooke-southern-m-ed-leadership-177757418
Jacob Kantor,Gregg Kelley,"6/25/26, 9:23 PM",,OUTGOING,https://www.linkedin.com/in/thejacobkantor,https://www.linkedin.com/in/greggkelleyepm
Jacob Kantor,Allison Slater Tate,"6/25/26, 9:23 PM",,OUTGOING,https://www.linkedin.com/in/thejacobkantor,https://www.linkedin.com/in/allison-slater-tate
Jacob Kantor,Emily Scudiere,"6/25/26, 8:32 PM",,OUTGOING,https://www.linkedin.com/in/thejacobkantor,https://www.linkedin.com/in/emilyscudiere
Jacob Kantor,Aidan Butler,"6/25/26, 7:39 PM",,OUTGOING,https://www.linkedin.com/in/thejacobkantor,https://www.linkedin.com/in/aidan-butler-4096a8132
Jacob Kantor,Chris Peluso,"6/25/26, 7:39 PM",,OUTGOING,https://www.linkedin.com/in/thejacobkantor,https://www.linkedin.com/in/chrispeluso
Jacob Kantor,Emily De Roche,"6/25/26, 7:39 PM",,OUTGOING,https://www.linkedin.com/in/thejacobkantor,https://www.linkedin.com/in/emily-de-roche-a5825b79
Jacob Kantor,Aryanna Mello,"6/25/26, 7:39 PM",,OUTGOING,https://www.linkedin.com/in/thejacobkantor,https://www.linkedin.com/in/aryanna-mello
Jacob Kantor,Gerardo Moreno,"6/24/26, 10:55 PM",,OUTGOING,https://www.linkedin.com/in/thejacobkantor,https://www.linkedin.com/in/gerardo-moreno-25025554
Jacob Kantor,"Krista Tate, M.Ed","6/24/26, 8:49 PM",,OUTGOING,https://www.linkedin.com/in/thejacobkantor,https://www.linkedin.com/in/kristaroxannetate11
Jacob Kantor,Jayne Tinney,"6/24/26, 5:29 PM",,OUTGOING,https://www.linkedin.com/in/thejacobkantor,https://www.linkedin.com/in/jayne-tinney-16715575
Jacob Kantor,Tim Lee,"6/24/26, 5:28 PM",,OUTGOING,https://www.linkedin.com/in/thejacobkantor,https://www.linkedin.com/in/timrlee
Jacob Kantor,Gina Schuyler,"6/24/26, 5:28 PM",,OUTGOING,https://www.linkedin.com/in/thejacobkantor,https://www.linkedin.com/in/gina-schuyler-a4700791
Jacob Kantor,Dr. Christian Sawyer,"6/24/26, 5:27 PM",,OUTGOING,https://www.linkedin.com/in/thejacobkantor,https://www.linkedin.com/in/csawyeredd
Jacob Kantor,Jon Huricks,"6/24/26, 4:19 PM",,OUTGOING,https://www.linkedin.com/in/thejacobkantor,https://www.linkedin.com/in/jon-huricks-4297811a8
Jacob Kantor,Uma Sankar Reddy,"6/24/26, 4:18 PM",,OUTGOING,https://www.linkedin.com/in/thejacobkantor,https://www.linkedin.com/in/umasankarc
Jacob Kantor,Ashish Gupta,"6/24/26, 4:18 PM",,OUTGOING,https://www.linkedin.com/in/thejacobkantor,https://www.linkedin.com/in/ashish-gupta-3b909814
Jacob Kantor,Luis Esquivel,"6/24/26, 4:18 PM",,OUTGOING,https://www.linkedin.com/in/thejacobkantor,https://www.linkedin.com/in/luisesquivelvieyra
Jacob Kantor,"Barbara Hagerty, Ed.D.","6/24/26, 4:18 PM",,OUTGOING,https://www.linkedin.com/in/thejacobkantor,https://www.linkedin.com/in/drbarbarahagerty
Jacob Kantor,Jason Laumer,"6/24/26, 4:18 PM",,OUTGOING,https://www.linkedin.com/in/thejacobkantor,https://www.linkedin.com/in/jason-laumer-5066a78
Jacob Kantor,"Lorie Squalls, Ed.D.","6/24/26, 4:18 PM",,OUTGOING,https://www.linkedin.com/in/thejacobkantor,https://www.linkedin.com/in/loriesqualls
Jacob Kantor,Dr. Stephanie L.  Amaya,"6/24/26, 4:18 PM",,OUTGOING,https://www.linkedin.com/in/thejacobkantor,https://www.linkedin.com/in/dr-stephanie-l-amaya-ba4ba796
Jacob Kantor,Jennifer Sheldon,"6/24/26, 4:18 PM",,OUTGOING,https://www.linkedin.com/in/thejacobkantor,https://www.linkedin.com/in/jennifer-sheldon-3704a829
Jacob Kantor,Michelle Pascale,"6/24/26, 4:18 PM",,OUTGOING,https://www.linkedin.com/in/thejacobkantor,https://www.linkedin.com/in/michelle-pascale
Jacob Kantor,Christina Ondaro,"6/24/26, 12:07 PM",,OUTGOING,https://www.linkedin.com/in/thejacobkantor,https://www.linkedin.com/in/christina-ondaro-74665992
Jacob Kantor,Dr. Carmen S. Concepción,"6/24/26, 12:06 PM",,OUTGOING,https://www.linkedin.com/in/thejacobkantor,https://www.linkedin.com/in/drcarmensconcepcion
Jacob Kantor,Jamie Conn,"6/24/26, 8:40 AM",,OUTGOING,https://www.linkedin.com/in/thejacobkantor,https://www.linkedin.com/in/jamie-conn-529757191
Jacob Kantor,Garth Vickers,"6/24/26, 8:40 AM",,OUTGOING,https://www.linkedin.com/in/thejacobkantor,https://www.linkedin.com/in/garthvickers
Jacob Kantor,Anthony Galgano,"6/24/26, 8:40 AM",,OUTGOING,https://www.linkedin.com/in/thejacobkantor,https://www.linkedin.com/in/anthony-galgano-69a556171
Jacob Kantor,Hannah Maruyama - Degree Free,"6/23/26, 9:06 PM",,OUTGOING,https://www.linkedin.com/in/thejacobkantor,https://www.linkedin.com/in/hannahmaruyama
Jacob Kantor,Meghan Albanese,"6/23/26, 9:04 PM",,OUTGOING,https://www.linkedin.com/in/thejacobkantor,https://www.linkedin.com/in/meghan-albanese-749a2071
Jacob Kantor,Rhianon E. Gutierrez,"6/23/26, 9:02 PM",,OUTGOING,https://www.linkedin.com/in/thejacobkantor,https://www.linkedin.com/in/rhianonelan
Jacob Kantor,Josh Tovar,"6/23/26, 9:02 PM",,OUTGOING,https://www.linkedin.com/in/thejacobkantor,https://www.linkedin.com/in/josh-tovar-a7228623b
Jacob Kantor,Sandy O'Neil,"6/23/26, 7:48 PM",,OUTGOING,https://www.linkedin.com/in/thejacobkantor,https://www.linkedin.com/in/sandy-o-neil-19061422
Jacob Kantor,Christy Wolfe,"6/23/26, 7:00 PM",,OUTGOING,https://www.linkedin.com/in/thejacobkantor,https://www.linkedin.com/in/christy-wolfe-11ab3a10
Jacob Kantor,"Timothy Purnell, EdD","6/23/26, 6:51 PM",,OUTGOING,https://www.linkedin.com/in/thejacobkantor,https://www.linkedin.com/in/drpurnell
Jacob Kantor,Lindsay Falkenberg-Mantilla,"6/23/26, 4:54 PM",,OUTGOING,https://www.linkedin.com/in/thejacobkantor,https://www.linkedin.com/in/lmfalkenberg
Jacob Kantor,Alana Colabella,"6/23/26, 3:59 PM",,OUTGOING,https://www.linkedin.com/in/thejacobkantor,https://www.linkedin.com/in/alana-colabella
Jacob Kantor,Dan Schwartzman,"6/23/26, 3:46 PM",,OUTGOING,https://www.linkedin.com/in/thejacobkantor,https://www.linkedin.com/in/dan-schwartzman
Jacob Kantor,"Elizabeth Castillo-Guajardo, Ph.D","6/23/26, 2:38 PM",,OUTGOING,https://www.linkedin.com/in/thejacobkantor,https://www.linkedin.com/in/elizabeth-castillo-guajardo
Jacob Kantor,James Whitfield Ed.D.,"6/23/26, 1:45 PM",,OUTGOING,https://www.linkedin.com/in/thejacobkantor,https://www.linkedin.com/in/jamesewhitfield
Jacob Kantor,"Clint Von Gundy, M.A.","6/23/26, 1:39 PM",,OUTGOING,https://www.linkedin.com/in/thejacobkantor,https://www.linkedin.com/in/ctvongundy
Jacob Kantor,Ashley Grayned,"6/23/26, 1:31 PM",,OUTGOING,https://www.linkedin.com/in/thejacobkantor,https://www.linkedin.com/in/ashley-grayned-690621106
Jacob Kantor,"Amber Walker, M.Ed","6/23/26, 12:56 PM",,OUTGOING,https://www.linkedin.com/in/thejacobkantor,https://www.linkedin.com/in/amber-walker-m-ed-30673053
Jacob Kantor,"Kia Tate, Ed.D.","6/23/26, 12:56 PM",,OUTGOING,https://www.linkedin.com/in/thejacobkantor,https://www.linkedin.com/in/kia-tate-ed-d-028a3949
Jacob Kantor,Steven Scraggs Ph.D.,"6/23/26, 12:56 PM",,OUTGOING,https://www.linkedin.com/in/thejacobkantor,https://www.linkedin.com/in/steven-scraggs-ph-d-53b25787
Jacob Kantor,Jeremy Lugbill,"6/23/26, 12:56 PM",,OUTGOING,https://www.linkedin.com/in/thejacobkantor,https://www.linkedin.com/in/jdlugbill
Jacob Kantor,Sean Richer,"6/23/26, 12:56 PM",,OUTGOING,https://www.linkedin.com/in/thejacobkantor,https://www.linkedin.com/in/sean-richer
Jacob Kantor,Kelly Hines,"6/23/26, 12:56 PM",,OUTGOING,https://www.linkedin.com/in/thejacobkantor,https://www.linkedin.com/in/kellyhines
Jacob Kantor,Ed Finney,"6/23/26, 12:56 PM",,OUTGOING,https://www.linkedin.com/in/thejacobkantor,https://www.linkedin.com/in/ed-finney-9167a978
Jacob Kantor,Jenny Green,"6/23/26, 12:32 PM",,OUTGOING,https://www.linkedin.com/in/thejacobkantor,https://www.linkedin.com/in/jenny-green-448614b6
Jacob Kantor,Christine Danhoff,"6/23/26, 12:32 PM",,OUTGOING,https://www.linkedin.com/in/thejacobkantor,https://www.linkedin.com/in/christine-danhoff
Jacob Kantor,Dr. Toler,"6/23/26, 12:32 PM",,OUTGOING,https://www.linkedin.com/in/thejacobkantor,https://www.linkedin.com/in/dr-toler-a3565955
Jacob Kantor,Heather Brown,"6/23/26, 12:32 PM",,OUTGOING,https://www.linkedin.com/in/thejacobkantor,https://www.linkedin.com/in/heathergbrown
Jacob Kantor,Jayson Strickland Ed. D,"6/23/26, 12:32 PM",,OUTGOING,https://www.linkedin.com/in/thejacobkantor,https://www.linkedin.com/in/jayson-strickland-ed-d-63246316
Jacob Kantor,DeAnna Bruce,"6/23/26, 12:32 PM",,OUTGOING,https://www.linkedin.com/in/thejacobkantor,https://www.linkedin.com/in/deanna-bruce-10899762
Jacob Kantor,"James L. LeBron, Ed. S.","6/23/26, 12:32 PM",,OUTGOING,https://www.linkedin.com/in/thejacobkantor,https://www.linkedin.com/in/james-l-lebron
Jacob Kantor,Dr. Tesha Isler,"6/23/26, 12:32 PM",,OUTGOING,https://www.linkedin.com/in/thejacobkantor,https://www.linkedin.com/in/dr-tesha-isler-81441069
Jacob Kantor,Traci Dougherty,"6/23/26, 9:14 AM",,OUTGOING,https://www.linkedin.com/in/thejacobkantor,https://www.linkedin.com/in/tracidougherty
Jacob Kantor,"Christian Fletcher, CEcD","6/23/26, 7:43 AM",,OUTGOING,https://www.linkedin.com/in/thejacobkantor,https://www.linkedin.com/in/christian-fletcher-cecd-6b940a26
Jacob Kantor,Ana Cortez,"6/23/26, 7:43 AM",,OUTGOING,https://www.linkedin.com/in/thejacobkantor,https://www.linkedin.com/in/ana-cortez-6294a81a
Jacob Kantor,Alejandro Delgado,"6/23/26, 7:42 AM",,OUTGOING,https://www.linkedin.com/in/thejacobkantor,https://www.linkedin.com/in/alejandro-delgado-90201535
Jacob Kantor,Andy Rodford,"6/22/26, 9:10 PM",,OUTGOING,https://www.linkedin.com/in/thejacobkantor,https://www.linkedin.com/in/andy-rodford-b8440514
Jacob Kantor,"Chele Ashley, Ed.D.","6/22/26, 9:10 PM",,OUTGOING,https://www.linkedin.com/in/thejacobkantor,https://www.linkedin.com/in/chele-ashley
Jacob Kantor,Jennifer M.,"6/22/26, 9:10 PM",,OUTGOING,https://www.linkedin.com/in/thejacobkantor,https://www.linkedin.com/in/kindermitch
Jacob Kantor,"Ronald Wales, Ed.D.","6/22/26, 9:10 PM",,OUTGOING,https://www.linkedin.com/in/thejacobkantor,https://www.linkedin.com/in/ronald-wales-ed-d-03a154147
Jacob Kantor,"Stephanie Hargens, M.A. Educational Administration","6/22/26, 9:10 PM",,OUTGOING,https://www.linkedin.com/in/thejacobkantor,https://www.linkedin.com/in/stephaniehargens
Jacob Kantor,Dr. Donna Taylor,"6/22/26, 9:10 PM",,OUTGOING,https://www.linkedin.com/in/thejacobkantor,https://www.linkedin.com/in/dr-donna-taylor-b0b75689
Jacob Kantor,Sherri Smith,"6/22/26, 9:09 PM",,OUTGOING,https://www.linkedin.com/in/thejacobkantor,https://www.linkedin.com/in/sherrilsmithsc
Jacob Kantor,"Robin E. Henderson, Ph.D.","6/22/26, 9:10 PM",,OUTGOING,https://www.linkedin.com/in/thejacobkantor,https://www.linkedin.com/in/robinehenderson
Jacob Kantor,Cara Flodmand,"6/22/26, 9:10 PM",,OUTGOING,https://www.linkedin.com/in/thejacobkantor,https://www.linkedin.com/in/cara-flodmand
Jacob Kantor,Ann Crilley,"6/22/26, 7:47 PM",,OUTGOING,https://www.linkedin.com/in/thejacobkantor,https://www.linkedin.com/in/ann-crilley-b51879130
Jacob Kantor,Dr. Heather Wieland,"6/22/26, 7:47 PM",,OUTGOING,https://www.linkedin.com/in/thejacobkantor,https://www.linkedin.com/in/dr-heather-wieland-59b85a59
Jacob Kantor,Abi O'Neal,"6/22/26, 6:34 PM",,OUTGOING,https://www.linkedin.com/in/thejacobkantor,https://www.linkedin.com/in/abi-o-neal-82085b56
Jacob Kantor,"Matthew Simmons, PhD","6/22/26, 5:30 PM",,OUTGOING,https://www.linkedin.com/in/thejacobkantor,https://www.linkedin.com/in/matthewcraigsimmons
Jacob Kantor,Terence Govender,"6/22/26, 5:30 PM",,OUTGOING,https://www.linkedin.com/in/thejacobkantor,https://www.linkedin.com/in/terence-govender
Jacob Kantor,Tracy Sockalosky,"6/22/26, 3:57 PM",,OUTGOING,https://www.linkedin.com/in/thejacobkantor,https://www.linkedin.com/in/tracy-sockalosky
Jacob Kantor,Canterra Simerly,"6/22/26, 3:33 PM",,OUTGOING,https://www.linkedin.com/in/thejacobkantor,https://www.linkedin.com/in/canterra-simerly-44711a103
Jacob Kantor,Jason Horne,"6/22/26, 3:32 PM",,OUTGOING,https://www.linkedin.com/in/thejacobkantor,https://www.linkedin.com/in/hornejason
Jacob Kantor,Celeste Migliaccio,"6/22/26, 3:32 PM",,OUTGOING,https://www.linkedin.com/in/thejacobkantor,https://www.linkedin.com/in/celeste-migliaccio-568063ab
Jacob Kantor,"Mike Hart, Ed.S.","6/22/26, 3:32 PM",,OUTGOING,https://www.linkedin.com/in/thejacobkantor,https://www.linkedin.com/in/coachmikehart
Jacob Kantor,"Tamara Campbell, M.Ed. Ed Business Administration","6/22/26, 3:32 PM",,OUTGOING,https://www.linkedin.com/in/thejacobkantor,https://www.linkedin.com/in/tamara-campbell-m-ed-ed-business-administration-411311292
Jacob Kantor,Courtney Hicks,"6/22/26, 3:32 PM",,OUTGOING,https://www.linkedin.com/in/thejacobkantor,https://www.linkedin.com/in/courtney-hicks-045a09329
Jacob Kantor,Rachel Miller ,"6/22/26, 3:32 PM",,OUTGOING,https://www.linkedin.com/in/thejacobkantor,https://www.linkedin.com/in/rachel-chouinardma
Jacob Kantor,"Kimberly Barnes Brenneman, NBCT","6/22/26, 3:32 PM",,OUTGOING,https://www.linkedin.com/in/thejacobkantor,https://www.linkedin.com/in/kimberlybarnesbrenneman
Jacob Kantor,Scott Kerwien,"6/22/26, 3:32 PM",,OUTGOING,https://www.linkedin.com/in/thejacobkantor,https://www.linkedin.com/in/scott-kerwien
Jacob Kantor,Tamara Lamb,"6/22/26, 3:32 PM",,OUTGOING,https://www.linkedin.com/in/thejacobkantor,https://www.linkedin.com/in/tamara-lamb-b1912180
Jacob Kantor,Jillian Pratt,"6/22/26, 3:32 PM",,OUTGOING,https://www.linkedin.com/in/thejacobkantor,https://www.linkedin.com/in/jillian-pratt-3642b0125
Jacob Kantor,Bryon Hanson,"6/22/26, 3:31 PM",,OUTGOING,https://www.linkedin.com/in/thejacobkantor,https://www.linkedin.com/in/bryon-hanson-2b0b487a
Jacob Kantor,Danielle Brodetsky,"6/22/26, 3:31 PM",,OUTGOING,https://www.linkedin.com/in/thejacobkantor,https://www.linkedin.com/in/daniellebrodetsky
Jacob Kantor,Scott Arneson,"6/22/26, 3:31 PM",,OUTGOING,https://www.linkedin.com/in/thejacobkantor,https://www.linkedin.com/in/scott-arneson-61799496
Jacob Kantor,Annamaria Schrimpf,"6/22/26, 3:31 PM",,OUTGOING,https://www.linkedin.com/in/thejacobkantor,https://www.linkedin.com/in/aschrimpf
Jacob Kantor,Christopher Parker,"6/22/26, 3:31 PM",,OUTGOING,https://www.linkedin.com/in/thejacobkantor,https://www.linkedin.com/in/christopher-parker-645458111
Jacob Kantor,"Erin Crisp, Ed.D.","6/22/26, 3:31 PM",,OUTGOING,https://www.linkedin.com/in/thejacobkantor,https://www.linkedin.com/in/erinacrisp
Jacob Kantor,Matthew Jung,"6/22/26, 2:09 PM",,OUTGOING,https://www.linkedin.com/in/thejacobkantor,https://www.linkedin.com/in/matthew-jung619
Jacob Kantor,"Shuanta A. Broadway, Ed.D.","6/22/26, 2:01 PM",,OUTGOING,https://www.linkedin.com/in/thejacobkantor,https://www.linkedin.com/in/shuantabroadway
Jacob Kantor,Kelly Stukus,"6/22/26, 2:01 PM",,OUTGOING,https://www.linkedin.com/in/thejacobkantor,https://www.linkedin.com/in/kelly-stukus-82aa739b
Jacob Kantor,Dr. Monifa McKnight,"6/22/26, 2:01 PM",,OUTGOING,https://www.linkedin.com/in/thejacobkantor,https://www.linkedin.com/in/dr-monifa-mcknight-097040311
Jacob Kantor,"Brian Keefer, Ed.D.","6/22/26, 2:01 PM",,OUTGOING,https://www.linkedin.com/in/thejacobkantor,https://www.linkedin.com/in/b-keefer
Jacob Kantor,Sebastian Lopez Jr.,"6/22/26, 2:00 PM",,OUTGOING,https://www.linkedin.com/in/thejacobkantor,https://www.linkedin.com/in/sebastianlopezjr
Jacob Kantor,Kevin Merges,"6/22/26, 1:27 PM",,OUTGOING,https://www.linkedin.com/in/thejacobkantor,https://www.linkedin.com/in/kevin-merges
Jacob Kantor,Eyal Feder-Levy,"6/22/26, 1:25 PM",,OUTGOING,https://www.linkedin.com/in/thejacobkantor,https://www.linkedin.com/in/eyalfeder
Jacob Kantor,Jessica Sie,"6/22/26, 1:25 PM",,OUTGOING,https://www.linkedin.com/in/thejacobkantor,https://www.linkedin.com/in/jessica-sie-17122830
Jacob Kantor,Julianna Rondina Sciolino,"6/22/26, 1:25 PM",,OUTGOING,https://www.linkedin.com/in/thejacobkantor,https://www.linkedin.com/in/julianna-rondina-sciolino
Jacob Kantor,Lauren Oliphant,"6/22/26, 1:24 PM",,OUTGOING,https://www.linkedin.com/in/thejacobkantor,https://www.linkedin.com/in/lauren-oliphant-9770a09a
Jacob Kantor,Michelle Bourgeois,"6/22/26, 1:23 PM",,OUTGOING,https://www.linkedin.com/in/thejacobkantor,https://www.linkedin.com/in/michellebourgeois
Jacob Kantor,Casey Fuentes,"6/22/26, 11:57 AM",,OUTGOING,https://www.linkedin.com/in/thejacobkantor,https://www.linkedin.com/in/caseyfuentes
Jacob Kantor,Alice Wagner Lee,"6/22/26, 11:00 AM",,OUTGOING,https://www.linkedin.com/in/thejacobkantor,https://www.linkedin.com/in/alice-wagner-lee-56a06737
Jacob Kantor,Jared Nuby,"6/22/26, 10:50 AM",,OUTGOING,https://www.linkedin.com/in/thejacobkantor,https://www.linkedin.com/in/jarednuby
Jacob Kantor,Tiffani Martin,"6/22/26, 9:25 AM",,OUTGOING,https://www.linkedin.com/in/thejacobkantor,https://www.linkedin.com/in/tiffani-martin-b80aa020
Jacob Kantor,"Dr. Matt Spivy, Ed.D.","6/22/26, 9:25 AM",,OUTGOING,https://www.linkedin.com/in/thejacobkantor,https://www.linkedin.com/in/dr-matt-spivy-ed-d-074b18107
Jacob Kantor,"Richard Mark Fowler V, Ed.D.","6/22/26, 9:17 AM",,OUTGOING,https://www.linkedin.com/in/thejacobkantor,https://www.linkedin.com/in/richard-mark-fowler-v-ed-d-bb5ab663
Jacob Kantor,Arthur DeFilippo,"6/21/26, 11:11 PM",,OUTGOING,https://www.linkedin.com/in/thejacobkantor,https://www.linkedin.com/in/arthur-defilippo-45663443
Jacob Kantor,Torrey Palmer,"6/21/26, 11:10 PM",,OUTGOING,https://www.linkedin.com/in/thejacobkantor,https://www.linkedin.com/in/torrey-palmer-870351b5
Jacob Kantor,Chris Causey,"6/21/26, 11:09 PM",,OUTGOING,https://www.linkedin.com/in/thejacobkantor,https://www.linkedin.com/in/christopherjcausey
Jacob Kantor,Dr. J. Vaglienty,"6/21/26, 11:09 PM",,OUTGOING,https://www.linkedin.com/in/thejacobkantor,https://www.linkedin.com/in/dr-j-vaglienty-32b98b337
Jacob Kantor,Josh Hannan,"6/21/26, 8:47 PM",,OUTGOING,https://www.linkedin.com/in/thejacobkantor,https://www.linkedin.com/in/josh-hannan-04a7343b7
Jacob Kantor,Lauren Day,"6/21/26, 8:47 PM",,OUTGOING,https://www.linkedin.com/in/thejacobkantor,https://www.linkedin.com/in/lauren-day-62906243
Jacob Kantor,Leo Cunha,"6/21/26, 8:47 PM",,OUTGOING,https://www.linkedin.com/in/thejacobkantor,https://www.linkedin.com/in/leocunha
Jacob Kantor,Hy Schwartz,"6/21/26, 2:34 PM",,OUTGOING,https://www.linkedin.com/in/thejacobkantor,https://www.linkedin.com/in/hy-schwartz-9862057
Jacob Kantor,Anna Turkel,"6/21/26, 2:34 PM",,OUTGOING,https://www.linkedin.com/in/thejacobkantor,https://www.linkedin.com/in/anna-turkel-7391b323a
Jacob Kantor,Alex Swan,"6/21/26, 2:34 PM",,OUTGOING,https://www.linkedin.com/in/thejacobkantor,https://www.linkedin.com/in/alexswan
Jacob Kantor,"Dawn DuBose, Ed.D.","6/21/26, 8:31 AM",,OUTGOING,https://www.linkedin.com/in/thejacobkantor,https://www.linkedin.com/in/dawn-dubose-ed-d-91398812
Jacob Kantor,Julie Galles,"6/20/26, 10:12 PM",,OUTGOING,https://www.linkedin.com/in/thejacobkantor,https://www.linkedin.com/in/julie-galles-7a608a16
Jacob Kantor,Jane Keaton,"6/20/26, 9:38 PM",,OUTGOING,https://www.linkedin.com/in/thejacobkantor,https://www.linkedin.com/in/jane-keaton
Jacob Kantor,Katie Kirsch,"6/20/26, 8:47 PM",,OUTGOING,https://www.linkedin.com/in/thejacobkantor,https://www.linkedin.com/in/kirschkatie
Jacob Kantor,Kelsey Randall,"6/20/26, 8:34 PM",,OUTGOING,https://www.linkedin.com/in/thejacobkantor,https://www.linkedin.com/in/kelsey-randall-9b9238133
Jacob Kantor,David Thomson,"6/20/26, 8:21 PM",,OUTGOING,https://www.linkedin.com/in/thejacobkantor,https://www.linkedin.com/in/dlt7265
Jacob Kantor,Marcy Levin-Epstein,"6/20/26, 8:20 PM",,OUTGOING,https://www.linkedin.com/in/thejacobkantor,https://www.linkedin.com/in/marcy-levin-epstein-12649a96
Jacob Kantor,Norman Huling,"6/20/26, 8:12 PM",,OUTGOING,https://www.linkedin.com/in/thejacobkantor,https://www.linkedin.com/in/norman-huling-4a029562
Jacob Kantor,Erica Badger,"6/20/26, 5:50 PM",,OUTGOING,https://www.linkedin.com/in/thejacobkantor,https://www.linkedin.com/in/erica-badger-a052742b1
Jacob Kantor,Rida Qurashi,"6/20/26, 5:50 PM",,OUTGOING,https://www.linkedin.com/in/thejacobkantor,https://www.linkedin.com/in/rida-qurashi-1158a963
Jacob Kantor,"Shelby Duquette, M.S.","6/20/26, 5:50 PM",,OUTGOING,https://www.linkedin.com/in/thejacobkantor,https://www.linkedin.com/in/shelby-duquette
Jacob Kantor,"Allison Doe, MBA","6/20/26, 5:49 PM",,OUTGOING,https://www.linkedin.com/in/thejacobkantor,https://www.linkedin.com/in/allison-doe-mba-5339a523
Jacob Kantor,"Mary Erica Acebu, Ed.D.","6/20/26, 5:50 PM",,OUTGOING,https://www.linkedin.com/in/thejacobkantor,https://www.linkedin.com/in/maryacebu
Jacob Kantor,Jeremy Hill,"6/20/26, 5:50 PM",,OUTGOING,https://www.linkedin.com/in/thejacobkantor,https://www.linkedin.com/in/jeremy-hill-0a3a117b
Jacob Kantor,Dr. Jacqueline Olivier,"6/20/26, 5:49 PM",,OUTGOING,https://www.linkedin.com/in/thejacobkantor,https://www.linkedin.com/in/dr-jacqueline-olivier-525812137
Jacob Kantor,Max Shannon,"6/20/26, 5:36 PM",,OUTGOING,https://www.linkedin.com/in/thejacobkantor,https://www.linkedin.com/in/max-shannon-ba9b001a5
Jacob Kantor,Dhruv Tandon,"6/20/26, 5:36 PM",,OUTGOING,https://www.linkedin.com/in/thejacobkantor,https://www.linkedin.com/in/dtandon1
Jacob Kantor,Emanuele Bardone,"6/20/26, 4:59 PM",,OUTGOING,https://www.linkedin.com/in/thejacobkantor,https://www.linkedin.com/in/emanuele-bardone-5aa2a31a
Jacob Kantor,Jasmine Wong,"6/20/26, 4:49 PM",,OUTGOING,https://www.linkedin.com/in/thejacobkantor,https://www.linkedin.com/in/wong-jasmine
Jacob Kantor,Cristina M.,"6/20/26, 4:26 PM",,OUTGOING,https://www.linkedin.com/in/thejacobkantor,https://www.linkedin.com/in/martin-cristina
Jacob Kantor,Hoi Kan Au,"6/20/26, 4:26 PM",,OUTGOING,https://www.linkedin.com/in/thejacobkantor,https://www.linkedin.com/in/hoi-kan-au-308ba9216
Jacob Kantor,Jade Lockard,"6/20/26, 4:26 PM",,OUTGOING,https://www.linkedin.com/in/thejacobkantor,https://www.linkedin.com/in/jade-lockard
Jacob Kantor,Raphaël Henríquez,"6/20/26, 4:23 PM",,OUTGOING,https://www.linkedin.com/in/thejacobkantor,https://www.linkedin.com/in/raphaël-henríquez
Jacob Kantor,Laura Da Costa,"6/20/26, 4:22 PM",,OUTGOING,https://www.linkedin.com/in/thejacobkantor,https://www.linkedin.com/in/laura-dc
Jacob Kantor,Stanislas Marchand,"6/20/26, 4:23 PM",,OUTGOING,https://www.linkedin.com/in/thejacobkantor,https://www.linkedin.com/in/stanislas-marchand-4031b738
Jacob Kantor,Alexandre Glaser,"6/20/26, 4:22 PM",,OUTGOING,https://www.linkedin.com/in/thejacobkantor,https://www.linkedin.com/in/alexandre-glaser-818ba678
Jacob Kantor,Alexandre Bartolini,"6/20/26, 4:22 PM",,OUTGOING,https://www.linkedin.com/in/thejacobkantor,https://www.linkedin.com/in/alexandrebartolini
Jacob Kantor,Andrea Santolini,"6/20/26, 4:21 PM",,OUTGOING,https://www.linkedin.com/in/thejacobkantor,https://www.linkedin.com/in/andrea-santolini
Jacob Kantor,Joaquín Martín-Calero Gastaminza,"6/20/26, 4:21 PM",,OUTGOING,https://www.linkedin.com/in/thejacobkantor,https://www.linkedin.com/in/joaquín-startups-saas
Jacob Kantor,Katelyn Melan,"6/20/26, 4:21 PM",,OUTGOING,https://www.linkedin.com/in/thejacobkantor,https://www.linkedin.com/in/katelynmelan
Jacob Kantor,Sergi BA,"6/20/26, 4:21 PM",,OUTGOING,https://www.linkedin.com/in/thejacobkantor,https://www.linkedin.com/in/sergibastardas
Jacob Kantor,Carl Madi,"6/20/26, 4:19 PM",,OUTGOING,https://www.linkedin.com/in/thejacobkantor,https://www.linkedin.com/in/carlmadi
Jacob Kantor,Maureen Kelleher,"6/20/26, 4:06 PM",,OUTGOING,https://www.linkedin.com/in/thejacobkantor,https://www.linkedin.com/in/maureenkelleher-edreporter
Jacob Kantor,Brian Siatkowski,"6/20/26, 4:06 PM",,OUTGOING,https://www.linkedin.com/in/thejacobkantor,https://www.linkedin.com/in/briansiatkowski
Jacob Kantor,Allison Trentanelli ,"6/20/26, 4:06 PM",,OUTGOING,https://www.linkedin.com/in/thejacobkantor,https://www.linkedin.com/in/allison-trentanelli-2a1663262
Jacob Kantor,Kristine L. Jones,"6/20/26, 4:06 PM",,OUTGOING,https://www.linkedin.com/in/thejacobkantor,https://www.linkedin.com/in/kristine-l-jones-b0062a8
Jacob Kantor,"Sami Al-Abdrabbuh, Ph.D.","6/20/26, 10:10 AM",,OUTGOING,https://www.linkedin.com/in/thejacobkantor,https://www.linkedin.com/in/samialabdrabbuh
Jacob Kantor,Owen Fish,"6/20/26, 9:16 AM",,OUTGOING,https://www.linkedin.com/in/thejacobkantor,https://www.linkedin.com/in/owenafish
Jacob Kantor,Thomas Fisher,"6/20/26, 9:16 AM",,OUTGOING,https://www.linkedin.com/in/thejacobkantor,https://www.linkedin.com/in/thomas-fisher-44231445
Jacob Kantor,Kevin Teasley,"6/20/26, 9:16 AM",,OUTGOING,https://www.linkedin.com/in/thejacobkantor,https://www.linkedin.com/in/kevin-teasley-55b84827
Jacob Kantor,Marc Slaton,"6/20/26, 9:16 AM",,OUTGOING,https://www.linkedin.com/in/thejacobkantor,https://www.linkedin.com/in/marc-slaton-0521306a
Jacob Kantor,Lori Zickefoose,"6/20/26, 9:16 AM",,OUTGOING,https://www.linkedin.com/in/thejacobkantor,https://www.linkedin.com/in/lori-zickefoose-a1b939184
Jacob Kantor,Katie Finnegan,"6/19/26, 10:57 PM",,OUTGOING,https://www.linkedin.com/in/thejacobkantor,https://www.linkedin.com/in/katie-m-finnegan
Jacob Kantor,"John Schmelzer, Ed.S.","6/19/26, 6:14 PM",,OUTGOING,https://www.linkedin.com/in/thejacobkantor,https://www.linkedin.com/in/john-schmelzer-education
Jacob Kantor,Roger Lin,"6/19/26, 4:18 PM",,OUTGOING,https://www.linkedin.com/in/thejacobkantor,https://www.linkedin.com/in/r0gerlin
Jacob Kantor,Daimon Hardy,"6/19/26, 2:45 PM",,OUTGOING,https://www.linkedin.com/in/thejacobkantor,https://www.linkedin.com/in/daimon-hardy-1432a379
Jacob Kantor,Drannon Ball,"6/19/26, 2:45 PM",,OUTGOING,https://www.linkedin.com/in/thejacobkantor,https://www.linkedin.com/in/drannon-ball
Jacob Kantor,"Maurice Davis, Ed.D","6/19/26, 2:44 PM",,OUTGOING,https://www.linkedin.com/in/thejacobkantor,https://www.linkedin.com/in/maurice-davis-edd
Jacob Kantor,Rob Abel EdD,"6/19/26, 1:56 PM",,OUTGOING,https://www.linkedin.com/in/thejacobkantor,https://www.linkedin.com/in/roabel
Jacob Kantor,"Anibal Soler, Jr., Ed.D.","6/19/26, 1:19 PM",,OUTGOING,https://www.linkedin.com/in/thejacobkantor,https://www.linkedin.com/in/anibalsoler
Jacob Kantor,"Reggie Thompkins, Ed.D.","6/19/26, 1:18 PM",,OUTGOING,https://www.linkedin.com/in/thejacobkantor,https://www.linkedin.com/in/reggie-thompkins-ed-d-588a2114b
Jacob Kantor,Amber Armstrong-James,"6/19/26, 11:08 AM",,OUTGOING,https://www.linkedin.com/in/thejacobkantor,https://www.linkedin.com/in/amber-armstrong-james-
Jacob Kantor,"Justin Lindsey, Ed. D.","6/19/26, 11:08 AM",,OUTGOING,https://www.linkedin.com/in/thejacobkantor,https://www.linkedin.com/in/justin-lindsey-ed-d-5a319197
Jacob Kantor,Joe Bennett,"6/19/26, 11:08 AM",,OUTGOING,https://www.linkedin.com/in/thejacobkantor,https://www.linkedin.com/in/joe-bennett-5619542a7
Jacob Kantor,Rafael Melo,"6/19/26, 11:08 AM",,OUTGOING,https://www.linkedin.com/in/thejacobkantor,https://www.linkedin.com/in/rafael-melo-b1aa4425a
Jacob Kantor,Oscar Bernal,"6/19/26, 11:08 AM",,OUTGOING,https://www.linkedin.com/in/thejacobkantor,https://www.linkedin.com/in/oscar-bernal-175b77196
Jacob Kantor,Zach Sharkey,"6/19/26, 11:08 AM",,OUTGOING,https://www.linkedin.com/in/thejacobkantor,https://www.linkedin.com/in/zach-sharkey
Jacob Kantor,Jacob Chaffin,"6/19/26, 11:08 AM",,OUTGOING,https://www.linkedin.com/in/thejacobkantor,https://www.linkedin.com/in/jacob-chaffin
Jacob Kantor,Marcus Franklin,"6/19/26, 11:08 AM",,OUTGOING,https://www.linkedin.com/in/thejacobkantor,https://www.linkedin.com/in/marcus-franklin-b8b717177
Jacob Kantor,Zach Waddicor,"6/18/26, 6:39 PM",,OUTGOING,https://www.linkedin.com/in/thejacobkantor,https://www.linkedin.com/in/zach-waddicor-567442247
Jacob Kantor,Matt Swinand,"6/18/26, 5:42 PM",,OUTGOING,https://www.linkedin.com/in/thejacobkantor,https://www.linkedin.com/in/mswinand
Jacob Kantor,Linda Frolich,"6/18/26, 5:20 PM",,OUTGOING,https://www.linkedin.com/in/thejacobkantor,https://www.linkedin.com/in/lfrolich
Jacob Kantor,Kathy Murray,"6/18/26, 4:34 PM",,OUTGOING,https://www.linkedin.com/in/thejacobkantor,https://www.linkedin.com/in/kathy-murray-08802923
Jacob Kantor,Andy Flowe,"6/18/26, 12:47 PM",,OUTGOING,https://www.linkedin.com/in/thejacobkantor,https://www.linkedin.com/in/andy-flowe
Jacob Kantor,Jude Lawrence,"6/17/26, 9:50 PM",,OUTGOING,https://www.linkedin.com/in/thejacobkantor,https://www.linkedin.com/in/jude-lawrence-67973a71
Jacob Kantor,Kyle Austin ,"6/17/26, 9:50 PM",,OUTGOING,https://www.linkedin.com/in/thejacobkantor,https://www.linkedin.com/in/kyleaustin0611
Jacob Kantor,Brian Dunleavy,"6/17/26, 9:49 PM",,OUTGOING,https://www.linkedin.com/in/thejacobkantor,https://www.linkedin.com/in/briandunleavy16
Jacob Kantor,"Beth Hutson, D.Ed.","6/17/26, 5:11 PM",,OUTGOING,https://www.linkedin.com/in/thejacobkantor,https://www.linkedin.com/in/beth-hutson-d-ed-49617a14b
Jacob Kantor,Sam Combs,"6/17/26, 3:35 PM",,OUTGOING,https://www.linkedin.com/in/thejacobkantor,https://www.linkedin.com/in/combssam
Jacob Kantor,Silvana Carrion-Palomares (ella/she/her/),"6/17/26, 3:00 PM",,OUTGOING,https://www.linkedin.com/in/thejacobkantor,https://www.linkedin.com/in/silvana-carrion-palomares-ella-she-her-76248a50
Jacob Kantor,Spenser Mix,"6/17/26, 3:00 PM",,OUTGOING,https://www.linkedin.com/in/thejacobkantor,https://www.linkedin.com/in/spenser-mix
Jacob Kantor,Kevin Trezak,"6/17/26, 3:00 PM",,OUTGOING,https://www.linkedin.com/in/thejacobkantor,https://www.linkedin.com/in/kevin-trezak-19173b44
Jacob Kantor,"Trevor Greene, EdD","6/17/26, 3:00 PM",,OUTGOING,https://www.linkedin.com/in/thejacobkantor,https://www.linkedin.com/in/trevorltgreene
Jacob Kantor,Corey Williams,"6/17/26, 3:00 PM",,OUTGOING,https://www.linkedin.com/in/thejacobkantor,https://www.linkedin.com/in/coreydwilliams1
Jacob Kantor,"Jeremy Froehlich, Ed.D","6/17/26, 3:00 PM",,OUTGOING,https://www.linkedin.com/in/thejacobkantor,https://www.linkedin.com/in/jeremy-froehlich-ed-d-833994111
Jacob Kantor,"Torie F. Gibson, Ed.D.","6/17/26, 2:18 PM",,OUTGOING,https://www.linkedin.com/in/thejacobkantor,https://www.linkedin.com/in/torie-f-gibson-ed-d-b95325b2
Jacob Kantor,Dr. Casaundra N. Johnson,"6/17/26, 12:37 PM",,OUTGOING,https://www.linkedin.com/in/thejacobkantor,https://www.linkedin.com/in/dr-casaundra-n-johnson-1455bb228
Jacob Kantor,Renee Coley,"6/17/26, 12:37 PM",,OUTGOING,https://www.linkedin.com/in/thejacobkantor,https://www.linkedin.com/in/reneecoley614740
Jacob Kantor,Jordan Floyd,"6/17/26, 12:37 PM",,OUTGOING,https://www.linkedin.com/in/thejacobkantor,https://www.linkedin.com/in/jordan-floyd-949162181
Jacob Kantor,Sara Saleem,"6/17/26, 12:37 PM",,OUTGOING,https://www.linkedin.com/in/thejacobkantor,https://www.linkedin.com/in/sara-saleem-7b25b154
Jacob Kantor,David Moss,"6/17/26, 12:36 PM",,OUTGOING,https://www.linkedin.com/in/thejacobkantor,https://www.linkedin.com/in/dmoss2025
Jacob Kantor,"Maddy Zamarripa-Kelly, M.Ed.","6/17/26, 12:36 PM",,OUTGOING,https://www.linkedin.com/in/thejacobkantor,https://www.linkedin.com/in/maddyzama
Jacob Kantor,Judy Yoo,"6/17/26, 12:36 PM",,OUTGOING,https://www.linkedin.com/in/thejacobkantor,https://www.linkedin.com/in/judyyoo726
Jacob Kantor,"Jan Olson, MBA, MEd","6/17/26, 12:36 PM",,OUTGOING,https://www.linkedin.com/in/thejacobkantor,https://www.linkedin.com/in/jan-olson-mba-med-0058b91b
Jacob Kantor,Dr. Bob Hacker,"6/17/26, 12:36 PM",,OUTGOING,https://www.linkedin.com/in/thejacobkantor,https://www.linkedin.com/in/dr-bob-hacker-bb44b69b
Jacob Kantor,Valerie Sanchez,"6/17/26, 12:36 PM",,OUTGOING,https://www.linkedin.com/in/thejacobkantor,https://www.linkedin.com/in/valerie-sanchez-12172518
Jacob Kantor,Derek Lasher,"6/17/26, 9:17 AM",,OUTGOING,https://www.linkedin.com/in/thejacobkantor,https://www.linkedin.com/in/dereklasher
Jacob Kantor,Julia G.,"6/17/26, 9:16 AM",,OUTGOING,https://www.linkedin.com/in/thejacobkantor,https://www.linkedin.com/in/julia-g-34b652223
Jacob Kantor,"Audrey Williamson, LMSW","6/17/26, 9:17 AM",,OUTGOING,https://www.linkedin.com/in/thejacobkantor,https://www.linkedin.com/in/audreywilliamson
Jacob Kantor,Cynthia Moore,"6/17/26, 7:38 AM",,OUTGOING,https://www.linkedin.com/in/thejacobkantor,https://www.linkedin.com/in/cynthia-moore
Jacob Kantor,Luke Larson,"6/16/26, 11:11 PM",,OUTGOING,https://www.linkedin.com/in/thejacobkantor,https://www.linkedin.com/in/lukelarsondesign
Jacob Kantor,Jon Taylor,"6/16/26, 9:27 PM",,OUTGOING,https://www.linkedin.com/in/thejacobkantor,https://www.linkedin.com/in/jontaylor6
Jacob Kantor,Lauren Steflik,"6/16/26, 9:26 PM",,OUTGOING,https://www.linkedin.com/in/thejacobkantor,https://www.linkedin.com/in/lauren-steflik
Jacob Kantor,Christopher Schumaker,"6/16/26, 9:27 PM",,OUTGOING,https://www.linkedin.com/in/thejacobkantor,https://www.linkedin.com/in/chris-schumaker
Jacob Kantor,Vito Perrone,"6/16/26, 9:27 PM",,OUTGOING,https://www.linkedin.com/in/thejacobkantor,https://www.linkedin.com/in/vito-perrone-662b6853
Jacob Kantor,"Kurt Johansen, Ed.D","6/16/26, 9:27 PM",,OUTGOING,https://www.linkedin.com/in/thejacobkantor,https://www.linkedin.com/in/kurt-johansen-ed-d-5188b340
Jacob Kantor,Rachael Stowe,"6/16/26, 6:38 PM",,OUTGOING,https://www.linkedin.com/in/thejacobkantor,https://www.linkedin.com/in/rachael-stowe-75ab861a4
Jacob Kantor,Jennifer Owens,"6/16/26, 5:33 PM",,OUTGOING,https://www.linkedin.com/in/thejacobkantor,https://www.linkedin.com/in/jennifer-owens-405b261
Jacob Kantor,"Michael Gill, Ed.D.","6/16/26, 4:59 PM",,OUTGOING,https://www.linkedin.com/in/thejacobkantor,https://www.linkedin.com/in/michael-gill-ed-d-3204343aa
Jacob Kantor,Alex Alvarez,"6/16/26, 4:59 PM",,OUTGOING,https://www.linkedin.com/in/thejacobkantor,https://www.linkedin.com/in/alex-alvarez-545a73107
Jacob Kantor,Ritchie Bowling,"6/16/26, 4:56 PM",,OUTGOING,https://www.linkedin.com/in/thejacobkantor,https://www.linkedin.com/in/ritchie-bowling-01610860
Jacob Kantor,"Toron Wooldridge, Ed.D","6/16/26, 4:56 PM",,OUTGOING,https://www.linkedin.com/in/thejacobkantor,https://www.linkedin.com/in/toron-wooldridge-ed-d-540459103
Jacob Kantor,Keyur Bhatt M.Ed,"6/16/26, 3:40 PM",,OUTGOING,https://www.linkedin.com/in/thejacobkantor,https://www.linkedin.com/in/krbhatt
Jacob Kantor,Omar Reyes,"6/16/26, 3:40 PM",,OUTGOING,https://www.linkedin.com/in/thejacobkantor,https://www.linkedin.com/in/omar-reyes714
Jacob Kantor,Kristie Bangali,"6/16/26, 3:40 PM",,OUTGOING,https://www.linkedin.com/in/thejacobkantor,https://www.linkedin.com/in/kristie-bangali-250625299
Jacob Kantor,Chad Holloway,"6/16/26, 3:40 PM",,OUTGOING,https://www.linkedin.com/in/thejacobkantor,https://www.linkedin.com/in/chad-holloway-a066472a4
Jacob Kantor,"Heather Ramaglia, Ph.D","6/16/26, 3:40 PM",,OUTGOING,https://www.linkedin.com/in/thejacobkantor,https://www.linkedin.com/in/heather-ramaglia-ph-d-b23b3385
Jacob Kantor,Jessy Padgett,"6/16/26, 1:50 PM",,OUTGOING,https://www.linkedin.com/in/thejacobkantor,https://www.linkedin.com/in/jessy-padgett-08109b30b
Jacob Kantor,Angela Goodin,"6/16/26, 1:50 PM",,OUTGOING,https://www.linkedin.com/in/thejacobkantor,https://www.linkedin.com/in/angelagoodin
Jacob Kantor,Khushi Singh,"6/16/26, 1:50 PM",,OUTGOING,https://www.linkedin.com/in/thejacobkantor,https://www.linkedin.com/in/khushi-singh-b89133311
Jacob Kantor,Tommy Tombridge,"6/16/26, 1:50 PM",,OUTGOING,https://www.linkedin.com/in/thejacobkantor,https://www.linkedin.com/in/tommy-tombridge-11801447
Jacob Kantor,Jennifer Sayre,"6/16/26, 9:20 AM",,OUTGOING,https://www.linkedin.com/in/thejacobkantor,https://www.linkedin.com/in/jennifer-sayre-77607a313
Jacob Kantor,Eze Campodonico,"6/16/26, 9:15 AM",,OUTGOING,https://www.linkedin.com/in/thejacobkantor,https://www.linkedin.com/in/eezee
Jacob Kantor,Blair Schneider,"6/16/26, 9:15 AM",,OUTGOING,https://www.linkedin.com/in/thejacobkantor,https://www.linkedin.com/in/blair-schneider313
Jacob Kantor,Mohammed Touseef Raza,"6/16/26, 9:14 AM",,OUTGOING,https://www.linkedin.com/in/thejacobkantor,https://www.linkedin.com/in/mohammed-touseef-raza-18ba11349
Jacob Kantor,Tracey Lamport,"6/16/26, 9:14 AM",,OUTGOING,https://www.linkedin.com/in/thejacobkantor,https://www.linkedin.com/in/tracey-lamport
Jacob Kantor,Casey Hauptman,"6/16/26, 8:56 AM",,OUTGOING,https://www.linkedin.com/in/thejacobkantor,https://www.linkedin.com/in/casey-hauptman-5a204b9a
Jacob Kantor,Jenn Thompson,"6/16/26, 7:43 AM",,OUTGOING,https://www.linkedin.com/in/thejacobkantor,https://www.linkedin.com/in/jenn-thompson-152456175
Jacob Kantor,Andrea Claver,"6/15/26, 9:55 PM",,OUTGOING,https://www.linkedin.com/in/thejacobkantor,https://www.linkedin.com/in/andreaclaver
Jacob Kantor,Brandon Stroh,"6/15/26, 4:07 PM",,OUTGOING,https://www.linkedin.com/in/thejacobkantor,https://www.linkedin.com/in/brandon-stroh-241235158
Jacob Kantor,Matthew Yena,"6/15/26, 4:07 PM",,OUTGOING,https://www.linkedin.com/in/thejacobkantor,https://www.linkedin.com/in/matthew-yena-54585a1a2
Jacob Kantor,Brice  Ntone ,"6/15/26, 4:07 PM",,OUTGOING,https://www.linkedin.com/in/thejacobkantor,https://www.linkedin.com/in/bricentone
Jacob Kantor,Derek Anderson,"6/15/26, 4:07 PM",,OUTGOING,https://www.linkedin.com/in/thejacobkantor,https://www.linkedin.com/in/derek-anderson-b67211306
Jacob Kantor,Rebecca Harris,"6/15/26, 4:07 PM",,OUTGOING,https://www.linkedin.com/in/thejacobkantor,https://www.linkedin.com/in/rebecca-harris-42377883
Jacob Kantor,Keri Dixon,"6/14/26, 10:20 PM",,OUTGOING,https://www.linkedin.com/in/thejacobkantor,https://www.linkedin.com/in/keri-dixon-77075740
Jacob Kantor,Diana Graber,"6/14/26, 7:02 PM",,OUTGOING,https://www.linkedin.com/in/thejacobkantor,https://www.linkedin.com/in/dianagraber
Jacob Kantor,Jackie McCarthy,"6/14/26, 2:28 PM",,OUTGOING,https://www.linkedin.com/in/thejacobkantor,https://www.linkedin.com/in/jackie-mccarthy-90618135
Jacob Kantor,Ryan Fast,"6/14/26, 9:08 AM",,OUTGOING,https://www.linkedin.com/in/thejacobkantor,https://www.linkedin.com/in/ryanfast1
Jacob Kantor,Samantha Macy,"6/14/26, 9:08 AM",,OUTGOING,https://www.linkedin.com/in/thejacobkantor,https://www.linkedin.com/in/samantha-macy-1921484b
Jacob Kantor,Dušan Křesťan,"6/14/26, 9:08 AM",,OUTGOING,https://www.linkedin.com/in/thejacobkantor,https://www.linkedin.com/in/dušan-křesťan-487353181
Jacob Kantor,Dave Poritzky,"6/13/26, 9:44 PM",,OUTGOING,https://www.linkedin.com/in/thejacobkantor,https://www.linkedin.com/in/daveporitzky
Jacob Kantor,Dr. Reginald Griffin,"6/13/26, 9:00 AM",,OUTGOING,https://www.linkedin.com/in/thejacobkantor,https://www.linkedin.com/in/dr-reginald-griffin-novoleadsai
Jacob Kantor,Ann Custalow,"6/13/26, 8:57 AM",,OUTGOING,https://www.linkedin.com/in/thejacobkantor,https://www.linkedin.com/in/ann-custalow-b42636a7
Jacob Kantor,Brent Vestering,"6/13/26, 8:58 AM",,OUTGOING,https://www.linkedin.com/in/thejacobkantor,https://www.linkedin.com/in/brent-vestering-a14581180
Jacob Kantor,Bobby Ott,"6/13/26, 6:27 AM",,OUTGOING,https://www.linkedin.com/in/thejacobkantor,https://www.linkedin.com/in/bobbyott
Jacob Kantor,John Self,"6/12/26, 10:25 PM",,OUTGOING,https://www.linkedin.com/in/thejacobkantor,https://www.linkedin.com/in/johngself
Jacob Kantor,Shad Ahmed,"6/12/26, 9:51 PM",,OUTGOING,https://www.linkedin.com/in/thejacobkantor,https://www.linkedin.com/in/shadzahmed
Jacob Kantor,Shad McGaha,"6/12/26, 9:43 PM",,OUTGOING,https://www.linkedin.com/in/thejacobkantor,https://www.linkedin.com/in/shad-mcgaha-9216588
Jacob Kantor,Janice Ross,"6/12/26, 8:51 PM",,OUTGOING,https://www.linkedin.com/in/thejacobkantor,https://www.linkedin.com/in/janicerosspocl
Jacob Kantor,Jenna Persico,"6/12/26, 8:29 PM",,OUTGOING,https://www.linkedin.com/in/thejacobkantor,https://www.linkedin.com/in/jenna-persico
Jacob Kantor,Warnecke Sallie,"6/12/26, 3:18 PM",,OUTGOING,https://www.linkedin.com/in/thejacobkantor,https://www.linkedin.com/in/warnecke-sallie-a27a286b
Jacob Kantor,Christopher Dailey,"6/12/26, 3:18 PM",,OUTGOING,https://www.linkedin.com/in/thejacobkantor,https://www.linkedin.com/in/christopher-dailey-a6b4aa8a
Jacob Kantor,Erika Bare,"6/12/26, 3:17 PM",,OUTGOING,https://www.linkedin.com/in/thejacobkantor,https://www.linkedin.com/in/erika-bare-6a72a6215
Jacob Kantor,"Marie C. Ward, Ph.D.","6/12/26, 3:17 PM",,OUTGOING,https://www.linkedin.com/in/thejacobkantor,https://www.linkedin.com/in/marie-c-ward-ph-d-3bba5319
Jacob Kantor,Kristin Humphries,"6/12/26, 3:17 PM",,OUTGOING,https://www.linkedin.com/in/thejacobkantor,https://www.linkedin.com/in/kristin-humphries
Jacob Kantor,Richard Calkins,"6/12/26, 3:16 PM",,OUTGOING,https://www.linkedin.com/in/thejacobkantor,https://www.linkedin.com/in/richard-calkins-7250744
Jacob Kantor,Kenneth Bouwens,"6/12/26, 3:15 PM",,OUTGOING,https://www.linkedin.com/in/thejacobkantor,https://www.linkedin.com/in/kenneth-bouwens-632176109
Jacob Kantor,Jason Van Nus,"6/12/26, 3:14 PM",,OUTGOING,https://www.linkedin.com/in/thejacobkantor,https://www.linkedin.com/in/jason-van-nus-824071b7
Jacob Kantor,Suzan Brandt,"6/12/26, 3:14 PM",,OUTGOING,https://www.linkedin.com/in/thejacobkantor,https://www.linkedin.com/in/suzanbrandt
Jacob Kantor,Rich Bykowski,"6/12/26, 3:14 PM",,OUTGOING,https://www.linkedin.com/in/thejacobkantor,https://www.linkedin.com/in/rich-bykowski-74b8231
Jacob Kantor,Bradley Dizonno,"6/12/26, 3:13 PM",,OUTGOING,https://www.linkedin.com/in/thejacobkantor,https://www.linkedin.com/in/bradleydizonno
Jacob Kantor,Dr. Chad Walerstein,"6/12/26, 3:13 PM",,OUTGOING,https://www.linkedin.com/in/thejacobkantor,https://www.linkedin.com/in/dr-chad-walerstein-18b740a8
Jacob Kantor,Andy Wolfenbarger,"6/12/26, 3:13 PM",,OUTGOING,https://www.linkedin.com/in/thejacobkantor,https://www.linkedin.com/in/andywolfenbarger
Jacob Kantor,Brooke Morgan,"6/12/26, 3:12 PM",,OUTGOING,https://www.linkedin.com/in/thejacobkantor,https://www.linkedin.com/in/brooke-morgan-35160
Jacob Kantor,"Angela R.  Fulton, Ph.D.","6/12/26, 3:12 PM",,OUTGOING,https://www.linkedin.com/in/thejacobkantor,https://www.linkedin.com/in/drangelafulton
Jacob Kantor,Matthew Lachance,"6/12/26, 3:12 PM",,OUTGOING,https://www.linkedin.com/in/thejacobkantor,https://www.linkedin.com/in/matthew-lachance-0747a449
Jacob Kantor,Gene LaCava,"6/12/26, 3:12 PM",,OUTGOING,https://www.linkedin.com/in/thejacobkantor,https://www.linkedin.com/in/genelacavama
Jacob Kantor,"Branson R. Rasko, CTS","6/12/26, 3:11 PM",,OUTGOING,https://www.linkedin.com/in/thejacobkantor,https://www.linkedin.com/in/branson-r-rasko-cts-75a71450
Jacob Kantor,Jon Ostendorf,"6/12/26, 3:11 PM",,OUTGOING,https://www.linkedin.com/in/thejacobkantor,https://www.linkedin.com/in/jonostendorf
Jacob Kantor,Jennifer Polychronakos,"6/12/26, 3:10 PM",,OUTGOING,https://www.linkedin.com/in/thejacobkantor,https://www.linkedin.com/in/jennifer-polychronakos-b79988104
Jacob Kantor,Cody Martzluf,"6/12/26, 3:09 PM",,OUTGOING,https://www.linkedin.com/in/thejacobkantor,https://www.linkedin.com/in/codymartzluf
Jacob Kantor,Nicole Wilson,"6/12/26, 3:09 PM",,OUTGOING,https://www.linkedin.com/in/thejacobkantor,https://www.linkedin.com/in/nicole-wilson-105ab4154
Jacob Kantor,Rick Perkins,"6/12/26, 3:09 PM",,OUTGOING,https://www.linkedin.com/in/thejacobkantor,https://www.linkedin.com/in/rick-perkins-374382b
Jacob Kantor,Sandi Castro,"6/12/26, 3:08 PM",,OUTGOING,https://www.linkedin.com/in/thejacobkantor,https://www.linkedin.com/in/sandi-castro-8a9778b6
Jacob Kantor,Rachel Gattuso,"6/12/26, 3:08 PM",,OUTGOING,https://www.linkedin.com/in/thejacobkantor,https://www.linkedin.com/in/rachel-gattuso-b0a2801b9
Jacob Kantor,David C. Atwell,"6/12/26, 3:07 PM",,OUTGOING,https://www.linkedin.com/in/thejacobkantor,https://www.linkedin.com/in/david-c-atwell-a5340888
Jacob Kantor,Nicholas Vick,"6/12/26, 3:06 PM",,OUTGOING,https://www.linkedin.com/in/thejacobkantor,https://www.linkedin.com/in/nicholas-vick-88225855
Jacob Kantor,Carl Hendrick,"6/12/26, 3:06 PM",,OUTGOING,https://www.linkedin.com/in/thejacobkantor,https://www.linkedin.com/in/carl-hendrick-33948155
Jacob Kantor,Matt Guilfoyle,"6/12/26, 3:05 PM",,OUTGOING,https://www.linkedin.com/in/thejacobkantor,https://www.linkedin.com/in/matt-guilfoyle-96911524
Jacob Kantor,Charles Franklin,"6/12/26, 3:05 PM",,OUTGOING,https://www.linkedin.com/in/thejacobkantor,https://www.linkedin.com/in/charles-franklin-techleader
Jacob Kantor,"Leann Kidd, CETL","6/12/26, 3:04 PM",,OUTGOING,https://www.linkedin.com/in/thejacobkantor,https://www.linkedin.com/in/leannkidd
Jacob Kantor,Edward McAuliff,"6/12/26, 3:04 PM",,OUTGOING,https://www.linkedin.com/in/thejacobkantor,https://www.linkedin.com/in/edward-mcauliff-88b003a2
Jacob Kantor,Michelle Reid,"6/12/26, 3:01 PM",,OUTGOING,https://www.linkedin.com/in/thejacobkantor,https://www.linkedin.com/in/michelle-reid-14ba0b77
Jacob Kantor,Jordyn Ward,"6/12/26, 3:00 PM",,OUTGOING,https://www.linkedin.com/in/thejacobkantor,https://www.linkedin.com/in/jordyn-ward-03143732a
Jacob Kantor,Dwight Ho-Sang,"6/12/26, 3:00 PM",,OUTGOING,https://www.linkedin.com/in/thejacobkantor,https://www.linkedin.com/in/dwightho-sang
Jacob Kantor,Dr. Michelle Watt,"6/12/26, 2:59 PM",,OUTGOING,https://www.linkedin.com/in/thejacobkantor,https://www.linkedin.com/in/drmichellewatt
Jacob Kantor,Scott Harsh,"6/12/26, 2:58 PM",,OUTGOING,https://www.linkedin.com/in/thejacobkantor,https://www.linkedin.com/in/scott-harsh-9932b32b
Jacob Kantor,Katie Wiens,"6/12/26, 2:58 PM",,OUTGOING,https://www.linkedin.com/in/thejacobkantor,https://www.linkedin.com/in/katiewiens
Jacob Kantor,Matt Cartier,"6/12/26, 2:50 PM",,OUTGOING,https://www.linkedin.com/in/thejacobkantor,https://www.linkedin.com/in/mattcartier
Jacob Kantor,Jennifer Thompson,"6/12/26, 2:50 PM",,OUTGOING,https://www.linkedin.com/in/thejacobkantor,https://www.linkedin.com/in/jennifer-thompson-197bb720b
Jacob Kantor,"Erick Alfonso, Ed.D., M.B.A.","6/12/26, 2:50 PM",,OUTGOING,https://www.linkedin.com/in/thejacobkantor,https://www.linkedin.com/in/dralfonso
Jacob Kantor,Maria Bennett,"6/12/26, 2:49 PM",,OUTGOING,https://www.linkedin.com/in/thejacobkantor,https://www.linkedin.com/in/maria-bennett-
Jacob Kantor,"Jessica Williams, Ph.D","6/12/26, 2:49 PM",,OUTGOING,https://www.linkedin.com/in/thejacobkantor,https://www.linkedin.com/in/jrwilliamsphd
Jacob Kantor,Peter Emmel,"6/12/26, 2:48 PM",,OUTGOING,https://www.linkedin.com/in/thejacobkantor,https://www.linkedin.com/in/peteemmel
Jacob Kantor,Karen Winsper,"6/12/26, 2:48 PM",,OUTGOING,https://www.linkedin.com/in/thejacobkantor,https://www.linkedin.com/in/kwinsper
Jacob Kantor,Gina Loveless,"6/12/26, 2:48 PM",,OUTGOING,https://www.linkedin.com/in/thejacobkantor,https://www.linkedin.com/in/techeduc8r
Jacob Kantor,Sean Reilly,"6/12/26, 2:48 PM",,OUTGOING,https://www.linkedin.com/in/thejacobkantor,https://www.linkedin.com/in/sean-reilly-119320225
Jacob Kantor,Heather Van Looy,"6/12/26, 2:46 PM",,OUTGOING,https://www.linkedin.com/in/thejacobkantor,https://www.linkedin.com/in/heathervanlooy
Jacob Kantor,Martin Miller,"6/12/26, 2:46 PM",,OUTGOING,https://www.linkedin.com/in/thejacobkantor,https://www.linkedin.com/in/martinemiller
Jacob Kantor,"Kyra Schafte, Ed.D.","6/12/26, 2:45 PM",,OUTGOING,https://www.linkedin.com/in/thejacobkantor,https://www.linkedin.com/in/kyra-schafte-ed-d-85463a169
Jacob Kantor,"Dave Termunde, MEd, MBA, CISSP, PMP","6/12/26, 2:40 PM",,OUTGOING,https://www.linkedin.com/in/thejacobkantor,https://www.linkedin.com/in/davetermunde
Jacob Kantor,Richard Benvenuti,"6/12/26, 2:39 PM",,OUTGOING,https://www.linkedin.com/in/thejacobkantor,https://www.linkedin.com/in/richard-benvenuti-8119144
Jacob Kantor,Kim Gruccio,"6/12/26, 2:39 PM",,OUTGOING,https://www.linkedin.com/in/thejacobkantor,https://www.linkedin.com/in/kim-gruccio-288b4926
Jacob Kantor,Carrie Sebora,"6/12/26, 2:38 PM",,OUTGOING,https://www.linkedin.com/in/thejacobkantor,https://www.linkedin.com/in/carrie-sebora-9449a282
Jacob Kantor,Nadine Gilkison,"6/12/26, 2:38 PM",,OUTGOING,https://www.linkedin.com/in/thejacobkantor,https://www.linkedin.com/in/nadine-gilkison-42291661
Jacob Kantor,Jenn Judkins,"6/12/26, 2:37 PM",,OUTGOING,https://www.linkedin.com/in/thejacobkantor,https://www.linkedin.com/in/jennjudkins
Jacob Kantor,Dwayne Alton,"6/12/26, 2:37 PM",,OUTGOING,https://www.linkedin.com/in/thejacobkantor,https://www.linkedin.com/in/dwaynealton
Jacob Kantor,Eric Hileman,"6/12/26, 2:34 PM",,OUTGOING,https://www.linkedin.com/in/thejacobkantor,https://www.linkedin.com/in/ericvhileman
Jacob Kantor,Dr. Joe Mosey,"6/12/26, 2:34 PM",,OUTGOING,https://www.linkedin.com/in/thejacobkantor,https://www.linkedin.com/in/dr-joe-mosey-419ba7
Jacob Kantor,Tom Gram,"6/12/26, 2:33 PM",,OUTGOING,https://www.linkedin.com/in/thejacobkantor,https://www.linkedin.com/in/tomgram
Jacob Kantor,"Dr. Jordan  Cox, Ed. D.","6/12/26, 2:31 PM",,OUTGOING,https://www.linkedin.com/in/thejacobkantor,https://www.linkedin.com/in/dr-jordan-cox-ed-d-18238b1ab
Jacob Kantor,"Michael Karner, Ed.D","6/12/26, 2:30 PM",,OUTGOING,https://www.linkedin.com/in/thejacobkantor,https://www.linkedin.com/in/michael-karner-ed-d-ab7273138
Jacob Kantor,Carmelita Graham,"6/12/26, 2:29 PM",,OUTGOING,https://www.linkedin.com/in/thejacobkantor,https://www.linkedin.com/in/carmelita-graham-89852362
Jacob Kantor,L.-A. Nichols,"6/12/26, 2:29 PM",,OUTGOING,https://www.linkedin.com/in/thejacobkantor,https://www.linkedin.com/in/lynn-nichols-x
Jacob Kantor,Jennifer Sayer,"6/12/26, 2:28 PM",,OUTGOING,https://www.linkedin.com/in/thejacobkantor,https://www.linkedin.com/in/jennifersayer
Jacob Kantor,Becky O'Donnell,"6/12/26, 2:28 PM",,OUTGOING,https://www.linkedin.com/in/thejacobkantor,https://www.linkedin.com/in/techy-becky
Jacob Kantor,Andy Boyle,"6/12/26, 2:27 PM",,OUTGOING,https://www.linkedin.com/in/thejacobkantor,https://www.linkedin.com/in/andreweboyle
Jacob Kantor,"Shantanu Tilak, PhD.","6/12/26, 2:27 PM",,OUTGOING,https://www.linkedin.com/in/thejacobkantor,https://www.linkedin.com/in/shantanu-tilak-phd-72868092
Jacob Kantor,Glenn M. Rossi,"6/12/26, 2:26 PM",,OUTGOING,https://www.linkedin.com/in/thejacobkantor,https://www.linkedin.com/in/glennmrossi
Jacob Kantor,"Don Heberer, Ed.D.","6/12/26, 8:49 AM",,OUTGOING,https://www.linkedin.com/in/thejacobkantor,https://www.linkedin.com/in/dheberer
Jacob Kantor,Alejandro Contreras Buitrago,"6/11/26, 2:11 PM",,OUTGOING,https://www.linkedin.com/in/thejacobkantor,https://www.linkedin.com/in/nelsoncontrerasbuitrago
Jacob Kantor,Abidemi (Abi) Marsh,"6/11/26, 1:16 PM",,OUTGOING,https://www.linkedin.com/in/thejacobkantor,https://www.linkedin.com/in/abidemi-abi-marsh-39b7b0284
Jacob Kantor,"Marc Schaffer, Ed.D.","6/11/26, 12:56 PM",,OUTGOING,https://www.linkedin.com/in/thejacobkantor,https://www.linkedin.com/in/marc-schaffer-ed-d-181189213
Jacob Kantor,Allison Pines,"6/11/26, 11:33 AM",,OUTGOING,https://www.linkedin.com/in/thejacobkantor,https://www.linkedin.com/in/allison-p-174652a
Jacob Kantor,"Angie Thompson, MFRW","6/11/26, 9:35 AM",,OUTGOING,https://www.linkedin.com/in/thejacobkantor,https://www.linkedin.com/in/angie-thompson1020
Jacob Kantor,Melissa Cheramie,"6/11/26, 9:34 AM",,OUTGOING,https://www.linkedin.com/in/thejacobkantor,https://www.linkedin.com/in/melissakcheramie
Jacob Kantor,Nikisha Shaw,"6/11/26, 9:34 AM",,OUTGOING,https://www.linkedin.com/in/thejacobkantor,https://www.linkedin.com/in/nikisha-shaw-2395a7b4
Jacob Kantor,Kristan Schilling,"6/11/26, 9:34 AM",,OUTGOING,https://www.linkedin.com/in/thejacobkantor,https://www.linkedin.com/in/kristan-schilling-b1602212
Jacob Kantor,Cherie Pye,"6/11/26, 9:33 AM",,OUTGOING,https://www.linkedin.com/in/thejacobkantor,https://www.linkedin.com/in/cheriepye
Jacob Kantor,Jolie Riehm Rotar,"6/11/26, 9:32 AM",,OUTGOING,https://www.linkedin.com/in/thejacobkantor,https://www.linkedin.com/in/jolieriehm
Jacob Kantor,Carlos Antony,"6/11/26, 9:03 AM",,OUTGOING,https://www.linkedin.com/in/thejacobkantor,https://www.linkedin.com/in/carlos-antony
Jacob Kantor,🚀  📈 Kevin M.,"6/11/26, 9:03 AM",,OUTGOING,https://www.linkedin.com/in/thejacobkantor,https://www.linkedin.com/in/kevinrmercer
Jacob Kantor,Ingrid Benson,"6/11/26, 9:03 AM",,OUTGOING,https://www.linkedin.com/in/thejacobkantor,https://www.linkedin.com/in/ingridbenson
Jacob Kantor,Karen Volkman,"6/11/26, 9:03 AM",,OUTGOING,https://www.linkedin.com/in/thejacobkantor,https://www.linkedin.com/in/karen-volkman
Jacob Kantor,Maryalice Alberg Owings,"6/10/26, 8:57 PM",,OUTGOING,https://www.linkedin.com/in/thejacobkantor,https://www.linkedin.com/in/maryalice-alberg-owings-20339b3b
Jacob Kantor,Cali Binks,"6/10/26, 8:58 PM",,OUTGOING,https://www.linkedin.com/in/thejacobkantor,https://www.linkedin.com/in/cali-binks-57464822a
Jacob Kantor,"Jennifer Root, Ed.D.","6/10/26, 8:57 PM",,OUTGOING,https://www.linkedin.com/in/thejacobkantor,https://www.linkedin.com/in/jennifer-root-ed-d-63b2aa46
Jacob Kantor,Bernard François,"6/10/26, 8:21 PM",,OUTGOING,https://www.linkedin.com/in/thejacobkantor,https://www.linkedin.com/in/bernardfrancois
Jacob Kantor,Samuel Mwangi,"6/10/26, 1:32 PM",,OUTGOING,https://www.linkedin.com/in/thejacobkantor,https://www.linkedin.com/in/samuel-mwangi-8a854458
Jacob Kantor,Yash Sharman,"6/10/26, 1:32 PM",,OUTGOING,https://www.linkedin.com/in/thejacobkantor,https://www.linkedin.com/in/yashsharman
Jacob Kantor,Seraphina Oakenhollow,"6/10/26, 1:31 PM",,OUTGOING,https://www.linkedin.com/in/thejacobkantor,https://www.linkedin.com/in/seraphina-oakenhollow-052186317
Jacob Kantor,Jenna Urish,"6/10/26, 9:24 AM",,OUTGOING,https://www.linkedin.com/in/thejacobkantor,https://www.linkedin.com/in/jenna-urish
Jacob Kantor,"Jennifer Riggle, Ed.D.","6/9/26, 9:53 PM",,OUTGOING,https://www.linkedin.com/in/thejacobkantor,https://www.linkedin.com/in/jennifer-riggle
Jacob Kantor,Stephanie D. Jacobs,"6/9/26, 9:53 PM",,OUTGOING,https://www.linkedin.com/in/thejacobkantor,https://www.linkedin.com/in/stephanie-d-jacobs-015875315
Jacob Kantor,Jevelle Hunt,"6/9/26, 9:53 PM",,OUTGOING,https://www.linkedin.com/in/thejacobkantor,https://www.linkedin.com/in/jevelle-hunt-b1048a414
Jacob Kantor,Kaitlyn Weston,"6/9/26, 9:53 PM",,OUTGOING,https://www.linkedin.com/in/thejacobkantor,https://www.linkedin.com/in/kaitlyn-weston-659b3737b
Jacob Kantor,Julia  Siwert,"6/9/26, 8:56 PM",,OUTGOING,https://www.linkedin.com/in/thejacobkantor,https://www.linkedin.com/in/julia-siwert-382002212
Jacob Kantor,Jared Bloom,"6/9/26, 8:36 PM",,OUTGOING,https://www.linkedin.com/in/thejacobkantor,https://www.linkedin.com/in/jtbloom
Jacob Kantor,Carrie Hillyard,"6/9/26, 4:13 PM",,OUTGOING,https://www.linkedin.com/in/thejacobkantor,https://www.linkedin.com/in/educate4future
Jacob Kantor,Jessica Holloway,"6/9/26, 3:53 PM",,OUTGOING,https://www.linkedin.com/in/thejacobkantor,https://www.linkedin.com/in/jessica-holloway-86b2678a
Jacob Kantor,Dawn M. Ryan,"6/9/26, 12:20 PM",,OUTGOING,https://www.linkedin.com/in/thejacobkantor,https://www.linkedin.com/in/dawnmryanlmft
Jacob Kantor,Christopher Holt,"6/9/26, 12:17 PM",,OUTGOING,https://www.linkedin.com/in/thejacobkantor,https://www.linkedin.com/in/cmh4edu
Jacob Kantor,Scott Staub,"6/9/26, 11:34 AM",,OUTGOING,https://www.linkedin.com/in/thejacobkantor,https://www.linkedin.com/in/scottstaubtech
Jacob Kantor,"Meghan Manfra, PhD","6/9/26, 11:15 AM",,OUTGOING,https://www.linkedin.com/in/thejacobkantor,https://www.linkedin.com/in/meghan-manfra
Jacob Kantor,Jody Bloyer,"6/9/26, 8:29 AM",,OUTGOING,https://www.linkedin.com/in/thejacobkantor,https://www.linkedin.com/in/jody-bloyer-8b9ba847
Jacob Kantor,James Ricks,"6/9/26, 8:17 AM",,OUTGOING,https://www.linkedin.com/in/thejacobkantor,https://www.linkedin.com/in/jamesricks
Jacob Kantor,Renee Rybak Lang,"6/9/26, 8:16 AM",,OUTGOING,https://www.linkedin.com/in/thejacobkantor,https://www.linkedin.com/in/reneerybak
Jacob Kantor,Julee Baber Brooks,"6/8/26, 10:59 PM",,OUTGOING,https://www.linkedin.com/in/thejacobkantor,https://www.linkedin.com/in/juleebaberbrooks
Jacob Kantor,Don Orth,"6/8/26, 8:03 PM",,OUTGOING,https://www.linkedin.com/in/thejacobkantor,https://www.linkedin.com/in/the-don-orth
Jacob Kantor,Lauren Hale,"6/8/26, 3:04 PM",,OUTGOING,https://www.linkedin.com/in/thejacobkantor,https://www.linkedin.com/in/lauren-hale-2169a61
Jacob Kantor,Eric Fritch,"6/8/26, 3:04 PM",,OUTGOING,https://www.linkedin.com/in/thejacobkantor,https://www.linkedin.com/in/eric-fritch-31227a130
Jacob Kantor,Stacy Chambers,"6/8/26, 12:54 PM",,OUTGOING,https://www.linkedin.com/in/thejacobkantor,https://www.linkedin.com/in/stacy-chambers-705b6536
Jacob Kantor,Tom Ingram,"6/8/26, 11:42 AM",,OUTGOING,https://www.linkedin.com/in/thejacobkantor,https://www.linkedin.com/in/tomingram5
Jacob Kantor,Glenn Good,"6/8/26, 7:01 AM",,OUTGOING,https://www.linkedin.com/in/thejacobkantor,https://www.linkedin.com/in/glenn-good-8195269
Jacob Kantor,Erika Donalds,"6/8/26, 7:01 AM",,OUTGOING,https://www.linkedin.com/in/thejacobkantor,https://www.linkedin.com/in/edonalds
Jacob Kantor,Jonathan Hage,"6/8/26, 7:00 AM",,OUTGOING,https://www.linkedin.com/in/thejacobkantor,https://www.linkedin.com/in/jonathan-hage-96bb18a5
Jacob Kantor,Leandro Beer,"6/8/26, 6:48 AM",,OUTGOING,https://www.linkedin.com/in/thejacobkantor,https://www.linkedin.com/in/leandrobeer
Jacob Kantor,Stacy Parker,"6/7/26, 10:00 PM",,OUTGOING,https://www.linkedin.com/in/thejacobkantor,https://www.linkedin.com/in/stacy-parker-383a0354
Jacob Kantor,Arielle Gurman,"6/7/26, 10:00 PM",,OUTGOING,https://www.linkedin.com/in/thejacobkantor,https://www.linkedin.com/in/arielle-gurman-5282b25a
Jacob Kantor,John Kor,"6/7/26, 7:23 PM",,OUTGOING,https://www.linkedin.com/in/thejacobkantor,https://www.linkedin.com/in/john-kor-842a1822
Jacob Kantor,Tracy Tanner,"6/7/26, 7:23 PM",,OUTGOING,https://www.linkedin.com/in/thejacobkantor,https://www.linkedin.com/in/tracyltanner
Jacob Kantor,Hailey Walker,"6/7/26, 7:23 PM",,OUTGOING,https://www.linkedin.com/in/thejacobkantor,https://www.linkedin.com/in/hailey-walker-86208a19b
Jacob Kantor,Subeeka Farhan,"6/7/26, 7:23 PM",,OUTGOING,https://www.linkedin.com/in/thejacobkantor,https://www.linkedin.com/in/subeeka-farhan-12829321a
Jacob Kantor,Hooriya Bilal,"6/7/26, 7:23 PM",,OUTGOING,https://www.linkedin.com/in/thejacobkantor,https://www.linkedin.com/in/hooriya-bilal-a0a9491b9
Jacob Kantor,Teresa Plesniak,"6/7/26, 7:22 PM",,OUTGOING,https://www.linkedin.com/in/thejacobkantor,https://www.linkedin.com/in/teresaplesniak
Jacob Kantor,Federico Mor,"6/7/26, 7:22 PM",,OUTGOING,https://www.linkedin.com/in/thejacobkantor,https://www.linkedin.com/in/federico-mor
Jacob Kantor,George Deisadze,"6/7/26, 7:21 PM",,OUTGOING,https://www.linkedin.com/in/thejacobkantor,https://www.linkedin.com/in/george-deisadze
Jacob Kantor,Tornike Asatiani,"6/7/26, 7:21 PM",,OUTGOING,https://www.linkedin.com/in/thejacobkantor,https://www.linkedin.com/in/tornikeasatiani
Jacob Kantor,Joshua Robison,"6/7/26, 7:20 PM",,OUTGOING,https://www.linkedin.com/in/thejacobkantor,https://www.linkedin.com/in/jrobison22
Jacob Kantor,Kris Lyons,"6/7/26, 7:20 PM",,OUTGOING,https://www.linkedin.com/in/thejacobkantor,https://www.linkedin.com/in/kris-lyons-08419129
Jacob Kantor,John Weinerth,"6/7/26, 7:20 PM",,OUTGOING,https://www.linkedin.com/in/thejacobkantor,https://www.linkedin.com/in/john-weinerth-2b3b612
Jacob Kantor,Daisuke Okuda,"6/7/26, 7:19 PM",,OUTGOING,https://www.linkedin.com/in/thejacobkantor,https://www.linkedin.com/in/daisuke-okuda-4432a452
Jacob Kantor,"Amanda Caçapava, MS (she/her)","6/7/26, 7:19 PM",,OUTGOING,https://www.linkedin.com/in/thejacobkantor,https://www.linkedin.com/in/amandacacapava
Jacob Kantor,Lauren Bean,"6/7/26, 7:19 PM",,OUTGOING,https://www.linkedin.com/in/thejacobkantor,https://www.linkedin.com/in/laurendbean
Jacob Kantor,Nick Salmon,"6/7/26, 7:18 PM",,OUTGOING,https://www.linkedin.com/in/thejacobkantor,https://www.linkedin.com/in/nick-salmon-9a347b45
Jacob Kantor,Carli Tegtmeier,"6/7/26, 7:18 PM",,OUTGOING,https://www.linkedin.com/in/thejacobkantor,https://www.linkedin.com/in/carlitegtmeier
Jacob Kantor,Al Noyes,"6/7/26, 6:48 PM",,OUTGOING,https://www.linkedin.com/in/thejacobkantor,https://www.linkedin.com/in/alnoyes
Jacob Kantor,David Saunders,"6/7/26, 6:48 PM",,OUTGOING,https://www.linkedin.com/in/thejacobkantor,https://www.linkedin.com/in/designsaunders
Jacob Kantor,Tia Green,"6/7/26, 12:28 PM",,OUTGOING,https://www.linkedin.com/in/thejacobkantor,https://www.linkedin.com/in/tia-green-019617154
Jacob Kantor,Victor Kuznetsov,"6/7/26, 12:28 PM",,OUTGOING,https://www.linkedin.com/in/thejacobkantor,https://www.linkedin.com/in/wiltodelta
Jacob Kantor,"Ethan Baughman, MD PhD FACS","6/7/26, 8:25 AM",,OUTGOING,https://www.linkedin.com/in/thejacobkantor,https://www.linkedin.com/in/drethanplasticsurgery
Jacob Kantor,Kory Kilpatrick,"6/7/26, 1:03 AM",,OUTGOING,https://www.linkedin.com/in/thejacobkantor,https://www.linkedin.com/in/kory-kilpatrick
Jacob Kantor,Tiffany Testo Gowdy,"6/6/26, 11:34 PM",,OUTGOING,https://www.linkedin.com/in/thejacobkantor,https://www.linkedin.com/in/tiffany-testo
Jacob Kantor,"Sylvia Vasquez, M.S.","6/6/26, 5:25 PM",,OUTGOING,https://www.linkedin.com/in/thejacobkantor,https://www.linkedin.com/in/sylvia-vasquez-m-s-0843b555
Jacob Kantor,Melina Masnatta,"6/6/26, 3:22 PM",,OUTGOING,https://www.linkedin.com/in/thejacobkantor,https://www.linkedin.com/in/melinamasnatta
Jacob Kantor,Jad El-Ghali,"6/6/26, 11:06 AM",,OUTGOING,https://www.linkedin.com/in/thejacobkantor,https://www.linkedin.com/in/jad-el-ghali-10741644
Jacob Kantor,Karin Simelaro,"6/6/26, 11:03 AM",,OUTGOING,https://www.linkedin.com/in/thejacobkantor,https://www.linkedin.com/in/karin-simelaro-a75ab364
Jacob Kantor,"Francisca Williams-Oni, MPH ","6/5/26, 9:14 PM",,OUTGOING,https://www.linkedin.com/in/thejacobkantor,https://www.linkedin.com/in/francisca-w-oni
Jacob Kantor,Carol Fletcher,"6/5/26, 7:50 PM",,OUTGOING,https://www.linkedin.com/in/thejacobkantor,https://www.linkedin.com/in/carol-fletcher-20740511
Jacob Kantor,Jan Boykins,"6/5/26, 2:13 PM",,OUTGOING,https://www.linkedin.com/in/thejacobkantor,https://www.linkedin.com/in/jan-boykins-318949149
Jacob Kantor,Vanessa Kafka,"6/5/26, 2:13 PM",,OUTGOING,https://www.linkedin.com/in/thejacobkantor,https://www.linkedin.com/in/vkafka
Jacob Kantor,Dr. Justin H. Lonon,"6/5/26, 2:12 PM",,OUTGOING,https://www.linkedin.com/in/thejacobkantor,https://www.linkedin.com/in/justin-h-lonon
Jacob Kantor,Matt Marsman,"6/5/26, 2:09 PM",,OUTGOING,https://www.linkedin.com/in/thejacobkantor,https://www.linkedin.com/in/matt-marsman
Jacob Kantor,Jesse Tomczak,"6/5/26, 7:10 AM",,OUTGOING,https://www.linkedin.com/in/thejacobkantor,https://www.linkedin.com/in/jesse-tomczak-b4591364
Jacob Kantor,Luke Liu,"6/5/26, 7:10 AM",,OUTGOING,https://www.linkedin.com/in/thejacobkantor,https://www.linkedin.com/in/luketliu
Jacob Kantor,Jonah Edelman,"6/4/26, 8:57 PM",,OUTGOING,https://www.linkedin.com/in/thejacobkantor,https://www.linkedin.com/in/jonahedelman
Jacob Kantor,Marcia Aaron,"6/4/26, 8:23 PM",,OUTGOING,https://www.linkedin.com/in/thejacobkantor,https://www.linkedin.com/in/marcia-aaron1231
Jacob Kantor,Chrystal Hoe,"6/4/26, 7:30 PM",,OUTGOING,https://www.linkedin.com/in/thejacobkantor,https://www.linkedin.com/in/chrystalhoe
Jacob Kantor,Lauren Sayler,"6/4/26, 6:29 PM",,OUTGOING,https://www.linkedin.com/in/thejacobkantor,https://www.linkedin.com/in/laurenwulff
Jacob Kantor,Michael Shen,"6/4/26, 4:28 PM",,OUTGOING,https://www.linkedin.com/in/thejacobkantor,https://www.linkedin.com/in/mikeshenchanghsien
Jacob Kantor,Ian Barnes,"6/4/26, 4:27 PM",,OUTGOING,https://www.linkedin.com/in/thejacobkantor,https://www.linkedin.com/in/icbarnes
Jacob Kantor,Brianna Cua,"6/4/26, 1:07 PM",,OUTGOING,https://www.linkedin.com/in/thejacobkantor,https://www.linkedin.com/in/briannamcua
Jacob Kantor,Madi Rogers,"6/4/26, 1:05 PM",,OUTGOING,https://www.linkedin.com/in/thejacobkantor,https://www.linkedin.com/in/madirogers
Jacob Kantor,Ricky Hernandez,"6/3/26, 9:01 PM",,OUTGOING,https://www.linkedin.com/in/thejacobkantor,https://www.linkedin.com/in/ricky-hernandez-83b733158
Jacob Kantor,Cathy Cleary,"6/3/26, 5:20 PM",,OUTGOING,https://www.linkedin.com/in/thejacobkantor,https://www.linkedin.com/in/cathy-cleary-a4402a2a
Jacob Kantor,Derek Cooper,"6/3/26, 5:20 PM",,OUTGOING,https://www.linkedin.com/in/thejacobkantor,https://www.linkedin.com/in/derek-cooper-b73138117
Jacob Kantor,Bradley Dizonno,"6/3/26, 5:19 PM",,OUTGOING,https://www.linkedin.com/in/thejacobkantor,https://www.linkedin.com/in/bradley-dizonno-b154032a5
Jacob Kantor,"Ryan Goodman, Ed.D.","6/3/26, 5:20 PM",,OUTGOING,https://www.linkedin.com/in/thejacobkantor,https://www.linkedin.com/in/ryan-goodman-ed-d-24069384
Jacob Kantor,Antonio Delgado Fornaguera,"6/3/26, 5:20 PM",,OUTGOING,https://www.linkedin.com/in/thejacobkantor,https://www.linkedin.com/in/antoniodelgadofornaguera
Jacob Kantor,Jordan Levine,"6/3/26, 10:10 AM",,OUTGOING,https://www.linkedin.com/in/thejacobkantor,https://www.linkedin.com/in/jordan-levine-creative
Jacob Kantor,Jamie Sitzer,"6/2/26, 4:37 PM",,OUTGOING,https://www.linkedin.com/in/thejacobkantor,https://www.linkedin.com/in/jamie-sitzer
Jacob Kantor,Allen Garner,"6/2/26, 4:37 PM",,OUTGOING,https://www.linkedin.com/in/thejacobkantor,https://www.linkedin.com/in/allen-garner-b078b3b3
Jacob Kantor,Nestor Corpuz,"6/2/26, 4:36 PM",,OUTGOING,https://www.linkedin.com/in/thejacobkantor,https://www.linkedin.com/in/nestor-corpuz-jd260
Jacob Kantor,Don Schechter,"6/2/26, 12:11 PM",,OUTGOING,https://www.linkedin.com/in/thejacobkantor,https://www.linkedin.com/in/donschechter
Jacob Kantor,Jason Callina,"6/2/26, 10:31 AM",,OUTGOING,https://www.linkedin.com/in/thejacobkantor,https://www.linkedin.com/in/jcallina
Jacob Kantor,Jason Hadley,"6/2/26, 8:12 AM",,OUTGOING,https://www.linkedin.com/in/thejacobkantor,https://www.linkedin.com/in/jasonnhadley
Jacob Kantor,Alfonso Gillette IV,"6/2/26, 8:12 AM",,OUTGOING,https://www.linkedin.com/in/thejacobkantor,https://www.linkedin.com/in/alfonso-gillette-iv
Jacob Kantor,Colin Tierney,"6/1/26, 11:33 PM",Hey Colin - saw your inputs on my website.,OUTGOING,https://www.linkedin.com/in/thejacobkantor,https://www.linkedin.com/in/colintierney
Jacob Kantor,"Mitchell Salerno, Ed.D.","6/1/26, 6:05 PM",,OUTGOING,https://www.linkedin.com/in/thejacobkantor,https://www.linkedin.com/in/mitchellsalerno
Jacob Kantor,Michael T.,"6/1/26, 5:19 PM",,OUTGOING,https://www.linkedin.com/in/thejacobkantor,https://www.linkedin.com/in/mdtapia
Jacob Kantor,Andrew Gregware,"6/1/26, 5:19 PM",,OUTGOING,https://www.linkedin.com/in/thejacobkantor,https://www.linkedin.com/in/andrew-gregware42
Jacob Kantor,David Rogier,"6/1/26, 4:52 PM",,OUTGOING,https://www.linkedin.com/in/thejacobkantor,https://www.linkedin.com/in/drogier
Jacob Kantor,Angel Tsai-Hsuan Chung,"6/1/26, 4:52 PM",,OUTGOING,https://www.linkedin.com/in/thejacobkantor,https://www.linkedin.com/in/angel-tsai-hsuan-chung-b78246111
Jacob Kantor,Ross Bicknell,"6/1/26, 12:08 PM",,OUTGOING,https://www.linkedin.com/in/thejacobkantor,https://www.linkedin.com/in/ross-bicknell-233a7a27
Jacob Kantor,Marshall Houserman,"6/1/26, 12:07 PM",,OUTGOING,https://www.linkedin.com/in/thejacobkantor,https://www.linkedin.com/in/marshall-houserman-1448722a
Jacob Kantor,Ayo Adesunloye,"6/1/26, 12:07 PM",,OUTGOING,https://www.linkedin.com/in/thejacobkantor,https://www.linkedin.com/in/ayo-adesunloye
Jacob Kantor,Charlie Parker,"6/1/26, 12:07 PM",,OUTGOING,https://www.linkedin.com/in/thejacobkantor,https://www.linkedin.com/in/chatwithcharlieparker
Jacob Kantor,Antoniya Georgieva,"6/1/26, 12:02 PM",,OUTGOING,https://www.linkedin.com/in/thejacobkantor,https://www.linkedin.com/in/antoniya-georgieva-18ab4954
Jacob Kantor,Brett LaBar,"6/1/26, 11:59 AM",,OUTGOING,https://www.linkedin.com/in/thejacobkantor,https://www.linkedin.com/in/brett-labar-08bba633
Jacob Kantor,Bengi Cos,"6/1/26, 7:41 AM",,OUTGOING,https://www.linkedin.com/in/thejacobkantor,https://www.linkedin.com/in/bengicos
Jacob Kantor,Pavitpaul Makkar,"6/1/26, 1:16 AM",,OUTGOING,https://www.linkedin.com/in/thejacobkantor,https://www.linkedin.com/in/pavitpaul-makkar
Jacob Kantor,Tyler Brown,"6/1/26, 1:16 AM",,OUTGOING,https://www.linkedin.com/in/thejacobkantor,https://www.linkedin.com/in/tyler-wayne-brown
Jacob Kantor,Dr. Deborah Martinez,"6/1/26, 1:09 AM",,OUTGOING,https://www.linkedin.com/in/thejacobkantor,https://www.linkedin.com/in/dr-deborah-martinez-56242779
Jacob Kantor,TJ Hoffman,"5/31/26, 5:01 PM",,OUTGOING,https://www.linkedin.com/in/thejacobkantor,https://www.linkedin.com/in/tj-hoffman-0a984327
Jacob Kantor,Vanessa Wrenn,"5/31/26, 9:36 AM",,OUTGOING,https://www.linkedin.com/in/thejacobkantor,https://www.linkedin.com/in/vanessa-wrenn-00344617
Jacob Kantor,Ben Cannon,"5/30/26, 5:51 PM",,OUTGOING,https://www.linkedin.com/in/thejacobkantor,https://www.linkedin.com/in/cannonben
Jacob Kantor,Reid Kells,"5/30/26, 5:51 PM",,OUTGOING,https://www.linkedin.com/in/thejacobkantor,https://www.linkedin.com/in/reid-kells-802b96
Jacob Kantor,Darby Brown,"5/30/26, 5:51 PM",,OUTGOING,https://www.linkedin.com/in/thejacobkantor,https://www.linkedin.com/in/darbyebrown
Jacob Kantor,Jon Bartelt,"5/30/26, 4:17 PM",,OUTGOING,https://www.linkedin.com/in/thejacobkantor,https://www.linkedin.com/in/jon-bartelt-470a3543
Jacob Kantor,Kyle Anderson,"5/30/26, 9:33 AM",,OUTGOING,https://www.linkedin.com/in/thejacobkantor,https://www.linkedin.com/in/andersonedtech
Jacob Kantor,"Dr. Refugio Gracian, Ed.D.","5/30/26, 7:02 AM",,OUTGOING,https://www.linkedin.com/in/thejacobkantor,https://www.linkedin.com/in/dr-refugio-gracian-ed-d-2a912719
Jacob Kantor,Crystal Green,"5/29/26, 11:20 PM",,OUTGOING,https://www.linkedin.com/in/thejacobkantor,https://www.linkedin.com/in/greencrystal
Jacob Kantor,Chris Rohlfs,"5/29/26, 11:20 PM",,OUTGOING,https://www.linkedin.com/in/thejacobkantor,https://www.linkedin.com/in/christopher-rohlfs
Jacob Kantor,Mark Mindenhall,"5/29/26, 7:10 PM",,OUTGOING,https://www.linkedin.com/in/thejacobkantor,https://www.linkedin.com/in/markmindenhall
Jacob Kantor,Michael Kryshak,"5/29/26, 6:50 PM",,OUTGOING,https://www.linkedin.com/in/thejacobkantor,https://www.linkedin.com/in/michael-kryshak-03378
Jacob Kantor,Cody Guerrero,"5/29/26, 12:06 PM",,OUTGOING,https://www.linkedin.com/in/thejacobkantor,https://www.linkedin.com/in/codyguerrero
Jacob Kantor,Henry Mack,"5/29/26, 11:45 AM",,OUTGOING,https://www.linkedin.com/in/thejacobkantor,https://www.linkedin.com/in/henry-mack-03a520ab
Jacob Kantor,Phil Hester Sr,"5/29/26, 5:40 AM",,OUTGOING,https://www.linkedin.com/in/thejacobkantor,https://www.linkedin.com/in/phil-hester-sr-586274321
Jacob Kantor,April Florie,"5/28/26, 9:54 PM",,OUTGOING,https://www.linkedin.com/in/thejacobkantor,https://www.linkedin.com/in/april-florie
Jacob Kantor,Ariana Ortega,"5/28/26, 9:09 PM",,OUTGOING,https://www.linkedin.com/in/thejacobkantor,https://www.linkedin.com/in/ariana-ortega-72695082
Jacob Kantor,Melissa Signore,"5/28/26, 7:34 PM",,OUTGOING,https://www.linkedin.com/in/thejacobkantor,https://www.linkedin.com/in/melissa-signore-0a927b146
Jacob Kantor,Joyce Loveless,"5/28/26, 5:58 PM",,OUTGOING,https://www.linkedin.com/in/thejacobkantor,https://www.linkedin.com/in/joycechaffersloveless
Jacob Kantor,Heather  De Revere Nessen,"5/28/26, 4:49 PM",,OUTGOING,https://www.linkedin.com/in/thejacobkantor,https://www.linkedin.com/in/hderevere
Jacob Kantor,"Blaise Boswell, Ed. D.","5/28/26, 2:35 PM",,OUTGOING,https://www.linkedin.com/in/thejacobkantor,https://www.linkedin.com/in/blaise-boswell-ed-d-9a234956
Jacob Kantor,Roberto Alonso,"5/28/26, 2:08 PM",,OUTGOING,https://www.linkedin.com/in/thejacobkantor,https://www.linkedin.com/in/roberto-alonso-fl
Jacob Kantor,Maurice Draggon,"5/28/26, 11:13 AM",Sam from OpenAI told me I had to know you!,OUTGOING,https://www.linkedin.com/in/thejacobkantor,https://www.linkedin.com/in/draggon
Jacob Kantor,Erika Vigil-Zumberge,"5/28/26, 11:12 AM",Sam from OpenAI told me I had to know you!,OUTGOING,https://www.linkedin.com/in/thejacobkantor,https://www.linkedin.com/in/erika-vigil-zumberge-65a81176
Jacob Kantor,Pia Damonte,"5/28/26, 9:46 AM",,OUTGOING,https://www.linkedin.com/in/thejacobkantor,https://www.linkedin.com/in/pia-damonte-47011841
Jacob Kantor,Abhay Malhotra,"5/28/26, 6:30 AM",,OUTGOING,https://www.linkedin.com/in/thejacobkantor,https://www.linkedin.com/in/abhay-malhotra-980510286
Jacob Kantor,Ashley B.,"5/28/26, 6:30 AM",,OUTGOING,https://www.linkedin.com/in/thejacobkantor,https://www.linkedin.com/in/ashleyrbrooks
Jacob Kantor,Christine Amann,"5/27/26, 9:00 PM",,OUTGOING,https://www.linkedin.com/in/thejacobkantor,https://www.linkedin.com/in/christine-amann-32553217
Jacob Kantor,Justin Scott,"5/27/26, 8:31 PM",,OUTGOING,https://www.linkedin.com/in/thejacobkantor,https://www.linkedin.com/in/justin-scott-338a294a
Jacob Kantor,Edward Dedic,"5/27/26, 5:54 PM",,OUTGOING,https://www.linkedin.com/in/thejacobkantor,https://www.linkedin.com/in/edward-dedic-21911a2
Jacob Kantor,Keila Rodriguez M. Ed.,"5/27/26, 5:39 PM",,OUTGOING,https://www.linkedin.com/in/thejacobkantor,https://www.linkedin.com/in/keila-rodriguez-m-ed-b3a8a6206
Jacob Kantor,"Kendra Abel, Ph.D.","5/27/26, 4:41 PM",,OUTGOING,https://www.linkedin.com/in/thejacobkantor,https://www.linkedin.com/in/kendra-abel
Jacob Kantor,"Andrew Lawver, MEd","5/27/26, 12:58 PM",,OUTGOING,https://www.linkedin.com/in/thejacobkantor,https://www.linkedin.com/in/andrew-lawver-med-8311b746
Jacob Kantor,Joni Bauer,"5/27/26, 12:57 PM",,OUTGOING,https://www.linkedin.com/in/thejacobkantor,https://www.linkedin.com/in/joni-bauer-08a33316a
Jacob Kantor,Don Upperco,"5/27/26, 7:49 AM",,OUTGOING,https://www.linkedin.com/in/thejacobkantor,https://www.linkedin.com/in/don-upperco-a428b875
Jacob Kantor,Preston Smith,"5/27/26, 7:43 AM",,OUTGOING,https://www.linkedin.com/in/thejacobkantor,https://www.linkedin.com/in/smithpreston
Jacob Kantor,Zach Conrad,"5/27/26, 6:27 AM",,OUTGOING,https://www.linkedin.com/in/thejacobkantor,https://www.linkedin.com/in/zach-conrad-89abb9a
Jacob Kantor,"Marcel Monnar, Ed.S.","5/27/26, 6:26 AM",,OUTGOING,https://www.linkedin.com/in/thejacobkantor,https://www.linkedin.com/in/marcel-monnar-ed-s-3618696
Jacob Kantor,Robyn Burley,"5/27/26, 6:27 AM",,OUTGOING,https://www.linkedin.com/in/thejacobkantor,https://www.linkedin.com/in/robyn-burley
Jacob Kantor,Matt Krawczyk,"5/26/26, 9:40 PM",,OUTGOING,https://www.linkedin.com/in/thejacobkantor,https://www.linkedin.com/in/mattkrawczyk1
Jacob Kantor,Mark Siegel,"5/26/26, 9:15 PM",,OUTGOING,https://www.linkedin.com/in/thejacobkantor,https://www.linkedin.com/in/mark-siegel-8238b8
Jacob Kantor,Brad McMillen,"5/26/26, 9:15 PM",,OUTGOING,https://www.linkedin.com/in/thejacobkantor,https://www.linkedin.com/in/bmcmillen
Jacob Kantor,"Debbie Brockett, Ed.D","5/26/26, 9:15 PM",,OUTGOING,https://www.linkedin.com/in/thejacobkantor,https://www.linkedin.com/in/debbie-brockett
Jacob Kantor,Jon Chapman,"5/26/26, 9:14 PM",,OUTGOING,https://www.linkedin.com/in/thejacobkantor,https://www.linkedin.com/in/jon-chapman-3513aa2
Jacob Kantor,Courtney Harrison,"5/26/26, 9:14 PM",,OUTGOING,https://www.linkedin.com/in/thejacobkantor,https://www.linkedin.com/in/courtney-j-harrison
Jacob Kantor,Mindy Frisbee,"5/26/26, 9:14 PM",,OUTGOING,https://www.linkedin.com/in/thejacobkantor,https://www.linkedin.com/in/mindy-frisbee-6aa8489
Jacob Kantor,Tessy Medero,"5/26/26, 8:39 PM",,OUTGOING,https://www.linkedin.com/in/thejacobkantor,https://www.linkedin.com/in/tessy-medero
Jacob Kantor,Dave Slamer,"5/26/26, 8:39 PM",,OUTGOING,https://www.linkedin.com/in/thejacobkantor,https://www.linkedin.com/in/dave-slamer
Jacob Kantor,Rick Sandeen,"5/26/26, 8:40 PM",,OUTGOING,https://www.linkedin.com/in/thejacobkantor,https://www.linkedin.com/in/rick-sandeen
Jacob Kantor,"Thomas Tye, MA","5/26/26, 8:40 PM",,OUTGOING,https://www.linkedin.com/in/thejacobkantor,https://www.linkedin.com/in/thomas-tye-ma-a1802b264
Jacob Kantor,Jacob Lofton,"5/26/26, 8:40 PM",,OUTGOING,https://www.linkedin.com/in/thejacobkantor,https://www.linkedin.com/in/jacob-lofton-d27
Jacob Kantor,Daniel Guerrero,"5/26/26, 8:40 PM",,OUTGOING,https://www.linkedin.com/in/thejacobkantor,https://www.linkedin.com/in/daniel-guerrero333
Jacob Kantor,Angelina De Los Santos,"5/26/26, 8:39 PM",,OUTGOING,https://www.linkedin.com/in/thejacobkantor,https://www.linkedin.com/in/angelinadelossantos
Jacob Kantor,Emmie Wolf-Dubin,"5/26/26, 8:39 PM",,OUTGOING,https://www.linkedin.com/in/thejacobkantor,https://www.linkedin.com/in/emmie-wolf-dubin-7b8714285
Jacob Kantor,Matthew X. Joseph Ed.D.,"5/26/26, 5:08 PM",,OUTGOING,https://www.linkedin.com/in/thejacobkantor,https://www.linkedin.com/in/drmxj
Jacob Kantor,Ashley Cowger,"5/26/26, 5:07 PM",,OUTGOING,https://www.linkedin.com/in/thejacobkantor,https://www.linkedin.com/in/ashley-cowger-5895535a
Jacob Kantor,"Jeff Feucht, Ed.D.","5/26/26, 5:07 PM",,OUTGOING,https://www.linkedin.com/in/thejacobkantor,https://www.linkedin.com/in/jeff-feucht-ed-d-008a299
Jacob Kantor,Dr. Deb Kerr,"5/26/26, 5:06 PM",,OUTGOING,https://www.linkedin.com/in/thejacobkantor,https://www.linkedin.com/in/dr-deb-kerr-7b2aaa19
Jacob Kantor,"Dorann Avey, M.Ed, Educational Leadership","5/26/26, 5:06 PM",,OUTGOING,https://www.linkedin.com/in/thejacobkantor,https://www.linkedin.com/in/dorann-avey-m-ed-educational-leadership-249972236
Jacob Kantor,Dorann Avey,"5/26/26, 5:06 PM",,OUTGOING,https://www.linkedin.com/in/thejacobkantor,https://www.linkedin.com/in/dorann-avey-1ab87973
Jacob Kantor,Pamela Nathan,"5/26/26, 5:05 PM",,OUTGOING,https://www.linkedin.com/in/thejacobkantor,https://www.linkedin.com/in/pamela-nathan-505009103
Jacob Kantor,"Scott Rocco, Ed.D.","5/26/26, 5:04 PM",,OUTGOING,https://www.linkedin.com/in/thejacobkantor,https://www.linkedin.com/in/scottrocco
Jacob Kantor,Robert Craven,"5/26/26, 5:04 PM",,OUTGOING,https://www.linkedin.com/in/thejacobkantor,https://www.linkedin.com/in/digitalroberto
Jacob Kantor,"Alysia Odipo, Ed.D.","5/26/26, 5:02 PM",,OUTGOING,https://www.linkedin.com/in/thejacobkantor,https://www.linkedin.com/in/alysia-odipo-ed-d-01a56883
Jacob Kantor,Kevin Polston,"5/26/26, 5:01 PM",,OUTGOING,https://www.linkedin.com/in/thejacobkantor,https://www.linkedin.com/in/kevin-polston-0477a854
Jacob Kantor,David Liu,"5/26/26, 5:01 PM",,OUTGOING,https://www.linkedin.com/in/thejacobkantor,https://www.linkedin.com/in/david-liu-gchs
Jacob Kantor,"David Aderhold, Ed.D","5/26/26, 4:57 PM",Jenn Womble connected us ,OUTGOING,https://www.linkedin.com/in/thejacobkantor,https://www.linkedin.com/in/david-aderhold-ed-d-46aa264a
Jacob Kantor,"Sandra Adams, Ph.D.","5/26/26, 4:55 PM",,OUTGOING,https://www.linkedin.com/in/thejacobkantor,https://www.linkedin.com/in/sandra-adams-ph-d-559531b8
Jacob Kantor,Maggie Donohoe,"5/26/26, 4:54 PM",,OUTGOING,https://www.linkedin.com/in/thejacobkantor,https://www.linkedin.com/in/maggie-donohoe-553295191
Jacob Kantor,Sean M.,"5/26/26, 4:54 PM",,OUTGOING,https://www.linkedin.com/in/thejacobkantor,https://www.linkedin.com/in/sean-m-081b1840
Jacob Kantor,Doug Casey,"5/26/26, 4:53 PM",,OUTGOING,https://www.linkedin.com/in/thejacobkantor,https://www.linkedin.com/in/dougcasey
Jacob Kantor,Ben Odipo,"5/26/26, 4:53 PM",,OUTGOING,https://www.linkedin.com/in/thejacobkantor,https://www.linkedin.com/in/ben-odipo-1538356
Jacob Kantor,Brandi Goodman,"5/26/26, 11:20 AM",,OUTGOING,https://www.linkedin.com/in/thejacobkantor,https://www.linkedin.com/in/brandingoodman
Jacob Kantor,"Dillon Anderson, DBA h.c.","5/26/26, 10:44 AM",,OUTGOING,https://www.linkedin.com/in/thejacobkantor,https://www.linkedin.com/in/dillon-anderson-dba-h-c-6a4b6943
Jacob Kantor,Matt Flotard,"5/26/26, 10:44 AM",,OUTGOING,https://www.linkedin.com/in/thejacobkantor,https://www.linkedin.com/in/matthewflotard
Jacob Kantor,Jose Aleman,"5/26/26, 10:43 AM",,OUTGOING,https://www.linkedin.com/in/thejacobkantor,https://www.linkedin.com/in/jose-aleman-a4539
Jacob Kantor,Bobby Nelson,"5/26/26, 10:04 AM",,OUTGOING,https://www.linkedin.com/in/thejacobkantor,https://www.linkedin.com/in/bobby-nelson-161b36313
Jacob Kantor,Amin Sharifi,"5/26/26, 10:04 AM",,OUTGOING,https://www.linkedin.com/in/thejacobkantor,https://www.linkedin.com/in/aminishere
Jacob Kantor,Divyansh Rawat,"5/26/26, 10:04 AM",,OUTGOING,https://www.linkedin.com/in/thejacobkantor,https://www.linkedin.com/in/divyansh-rawat-aba930313
Jacob Kantor,Tim Moon,"5/26/26, 10:03 AM",,OUTGOING,https://www.linkedin.com/in/thejacobkantor,https://www.linkedin.com/in/tim-moon-24447925
Jacob Kantor,Marina Garrote,"5/26/26, 10:00 AM",,OUTGOING,https://www.linkedin.com/in/thejacobkantor,https://www.linkedin.com/in/marina-garrote-496490158
Jacob Kantor,David Dunn PhD,"5/26/26, 9:58 AM",,OUTGOING,https://www.linkedin.com/in/thejacobkantor,https://www.linkedin.com/in/david-dunn-phd-48b50a67
Jacob Kantor,Billy Nipp,"5/26/26, 9:58 AM",,OUTGOING,https://www.linkedin.com/in/thejacobkantor,https://www.linkedin.com/in/billy-nipp
Jacob Kantor,Jay Cooper,"5/26/26, 9:58 AM",,OUTGOING,https://www.linkedin.com/in/thejacobkantor,https://www.linkedin.com/in/jaycoop
Jacob Kantor,Isaac Garcia,"5/26/26, 9:58 AM",,OUTGOING,https://www.linkedin.com/in/thejacobkantor,https://www.linkedin.com/in/isaacmisgarcia
Jacob Kantor,Malik  Ditta ,"5/26/26, 9:58 AM",,OUTGOING,https://www.linkedin.com/in/thejacobkantor,https://www.linkedin.com/in/malik-ditta-64b29b402
Jacob Kantor,Zack Frangidakis,"5/26/26, 9:58 AM",,OUTGOING,https://www.linkedin.com/in/thejacobkantor,https://www.linkedin.com/in/zack-frangidakis-51427127
Jacob Kantor,Sidhant Gautam Parimoo,"5/26/26, 6:21 AM",,OUTGOING,https://www.linkedin.com/in/thejacobkantor,https://www.linkedin.com/in/sidhant-gautam-parimoo-43b61122a
Jacob Kantor,Jessica Kouliev,"5/26/26, 6:21 AM",,OUTGOING,https://www.linkedin.com/in/thejacobkantor,https://www.linkedin.com/in/jkouliev
Jacob Kantor,Gregory Kulp,"5/26/26, 6:21 AM",,OUTGOING,https://www.linkedin.com/in/thejacobkantor,https://www.linkedin.com/in/gregory-kulp
Jacob Kantor,Narric W. Rome,"5/26/26, 6:05 AM",,OUTGOING,https://www.linkedin.com/in/thejacobkantor,https://www.linkedin.com/in/narric
Jacob Kantor,Sarah McAlister,"5/25/26, 11:04 PM",,OUTGOING,https://www.linkedin.com/in/thejacobkantor,https://www.linkedin.com/in/sarah-mcalister
Jacob Kantor,"Ishani Mehta, Ed.D.","5/25/26, 11:04 PM",,OUTGOING,https://www.linkedin.com/in/thejacobkantor,https://www.linkedin.com/in/ishani-mehta-ed
Jacob Kantor,Heather LaLuzerne,"5/25/26, 11:04 PM",,OUTGOING,https://www.linkedin.com/in/thejacobkantor,https://www.linkedin.com/in/heather-laluzerne
Jacob Kantor,"Laurel Nava, CAE, MPPA","5/25/26, 10:30 PM",,OUTGOING,https://www.linkedin.com/in/thejacobkantor,https://www.linkedin.com/in/laurel-nava-cae-mppa-69812713
Jacob Kantor,Josh Franklin,"5/25/26, 8:11 PM",,OUTGOING,https://www.linkedin.com/in/thejacobkantor,https://www.linkedin.com/in/josh-franklin-math
Jacob Kantor,Justin Steinberg,"5/25/26, 8:03 PM",,OUTGOING,https://www.linkedin.com/in/thejacobkantor,https://www.linkedin.com/in/justin-steinberg
Jacob Kantor,Gerald Glynn,"5/25/26, 7:47 PM",,OUTGOING,https://www.linkedin.com/in/thejacobkantor,https://www.linkedin.com/in/gglynn
Jacob Kantor,"Arnold Sanchez, DMin","5/25/26, 7:48 PM",,OUTGOING,https://www.linkedin.com/in/thejacobkantor,https://www.linkedin.com/in/arnoldwsanchez
Jacob Kantor,Sanjana P.,"5/25/26, 7:47 PM",,OUTGOING,https://www.linkedin.com/in/thejacobkantor,https://www.linkedin.com/in/sanjana-p-715a9988
Jacob Kantor,Euan Blair,"5/25/26, 7:12 PM",,OUTGOING,https://www.linkedin.com/in/thejacobkantor,https://www.linkedin.com/in/euan-blair
Jacob Kantor,Francesco Paolo Defendi,"5/25/26, 7:11 PM",,OUTGOING,https://www.linkedin.com/in/thejacobkantor,https://www.linkedin.com/in/francesco-paolo-defendi
Jacob Kantor,Leo Acciarri,"5/25/26, 7:11 PM",,OUTGOING,https://www.linkedin.com/in/thejacobkantor,https://www.linkedin.com/in/leoacciarri
Jacob Kantor,Mattia Zarrelli,"5/25/26, 7:10 PM",,OUTGOING,https://www.linkedin.com/in/thejacobkantor,https://www.linkedin.com/in/mattia-zarrelli
Jacob Kantor,Sean Bulson,"5/25/26, 7:00 PM",,OUTGOING,https://www.linkedin.com/in/thejacobkantor,https://www.linkedin.com/in/seanbulson
Jacob Kantor,Afif Achmad,"5/25/26, 7:00 PM",,OUTGOING,https://www.linkedin.com/in/thejacobkantor,https://www.linkedin.com/in/afifachmad
Jacob Kantor,Tierre Hobson,"5/25/26, 10:14 AM",,OUTGOING,https://www.linkedin.com/in/thejacobkantor,https://www.linkedin.com/in/tierre-hobson
Jacob Kantor,Leanne Bui,"5/25/26, 10:14 AM",,OUTGOING,https://www.linkedin.com/in/thejacobkantor,https://www.linkedin.com/in/leanne-bui-277a303a8
Jacob Kantor,Giorgi Matitashvili,"5/25/26, 8:06 AM",,OUTGOING,https://www.linkedin.com/in/thejacobkantor,https://www.linkedin.com/in/giorgi-matitashvili-9a9532219
Jacob Kantor,"Anne Horner, MBA","5/25/26, 8:06 AM",,OUTGOING,https://www.linkedin.com/in/thejacobkantor,https://www.linkedin.com/in/anne-horner-mba
Jacob Kantor,Erika R.,"5/25/26, 7:14 AM",,OUTGOING,https://www.linkedin.com/in/thejacobkantor,https://www.linkedin.com/in/erikajohansson
Jacob Kantor,"Brian Graham, Ed.D.","5/25/26, 12:18 AM",,OUTGOING,https://www.linkedin.com/in/thejacobkantor,https://www.linkedin.com/in/brian-graham-ed-d
Jacob Kantor,Lin Ler,"5/24/26, 4:41 PM",,OUTGOING,https://www.linkedin.com/in/thejacobkantor,https://www.linkedin.com/in/lin-ler
Jacob Kantor,Jill Versteeg,"5/24/26, 4:30 PM",,OUTGOING,https://www.linkedin.com/in/thejacobkantor,https://www.linkedin.com/in/jill-versteeg-06a7a2290
Jacob Kantor,Nery Romero,"5/24/26, 1:42 PM",,OUTGOING,https://www.linkedin.com/in/thejacobkantor,https://www.linkedin.com/in/nery-romero
Jacob Kantor,Scott McConnell,"5/24/26, 1:41 PM",,OUTGOING,https://www.linkedin.com/in/thejacobkantor,https://www.linkedin.com/in/drmcconnell
Jacob Kantor,Mike Kroening,"5/24/26, 9:43 AM",,OUTGOING,https://www.linkedin.com/in/thejacobkantor,https://www.linkedin.com/in/mike-kroening-52a736b
Jacob Kantor,Aaron Staebell,"5/24/26, 9:03 AM",,OUTGOING,https://www.linkedin.com/in/thejacobkantor,https://www.linkedin.com/in/aaron-staebell-3a505916
Jacob Kantor,Sacha van Straten,"5/24/26, 9:03 AM",,OUTGOING,https://www.linkedin.com/in/thejacobkantor,https://www.linkedin.com/in/sacha-van-straten
Jacob Kantor,Rick McIntosh,"5/24/26, 9:03 AM",,OUTGOING,https://www.linkedin.com/in/thejacobkantor,https://www.linkedin.com/in/rick-mcintosh-a3981713
Jacob Kantor,Mike Rashid,"5/24/26, 9:02 AM",,OUTGOING,https://www.linkedin.com/in/thejacobkantor,https://www.linkedin.com/in/mike-rashid-0119938
Jacob Kantor,Richard Royal,"5/24/26, 9:02 AM",,OUTGOING,https://www.linkedin.com/in/thejacobkantor,https://www.linkedin.com/in/richardroyalcolorado
Jacob Kantor,Shelby Spooner,"5/23/26, 10:35 PM",,OUTGOING,https://www.linkedin.com/in/thejacobkantor,https://www.linkedin.com/in/shelbyspooner-etp
Jacob Kantor,Brent Mischnick,"5/23/26, 10:35 PM",,OUTGOING,https://www.linkedin.com/in/thejacobkantor,https://www.linkedin.com/in/brent-mischnick
Jacob Kantor,Leonard LeVine,"5/23/26, 1:21 PM",,OUTGOING,https://www.linkedin.com/in/thejacobkantor,https://www.linkedin.com/in/len-levine
Jacob Kantor,Dr. Vijayender Nalla,"5/23/26, 11:22 AM",,OUTGOING,https://www.linkedin.com/in/thejacobkantor,https://www.linkedin.com/in/drnalla
Jacob Kantor,Drew Snow,"5/23/26, 9:41 AM",,OUTGOING,https://www.linkedin.com/in/thejacobkantor,https://www.linkedin.com/in/drew-snow-boomerangclassroom
Jacob Kantor,Heba Berti Guirguis,"5/23/26, 9:38 AM",,OUTGOING,https://www.linkedin.com/in/thejacobkantor,https://www.linkedin.com/in/hebabguirguis
Jacob Kantor,Yunshu Yang,"5/23/26, 9:37 AM",,OUTGOING,https://www.linkedin.com/in/thejacobkantor,https://www.linkedin.com/in/yunshuyang
Jacob Kantor,Chris O'Neil,"5/23/26, 9:36 AM",,OUTGOING,https://www.linkedin.com/in/thejacobkantor,https://www.linkedin.com/in/thechrisoneil
Jacob Kantor,Peter Sispoidis,"5/23/26, 9:36 AM",,OUTGOING,https://www.linkedin.com/in/thejacobkantor,https://www.linkedin.com/in/petersispoidis
Jacob Kantor,Jessica Raymond,"5/23/26, 9:36 AM",,OUTGOING,https://www.linkedin.com/in/thejacobkantor,https://www.linkedin.com/in/jess-raymond
Jacob Kantor,Sunny Nadolsky,"5/23/26, 9:36 AM",,OUTGOING,https://www.linkedin.com/in/thejacobkantor,https://www.linkedin.com/in/sunnynadolsky
Jacob Kantor,Jillian Lorenz,"5/23/26, 9:36 AM",,OUTGOING,https://www.linkedin.com/in/thejacobkantor,https://www.linkedin.com/in/jillian-lorenz-8b77081
Jacob Kantor,John Kelly,"5/23/26, 9:36 AM",,OUTGOING,https://www.linkedin.com/in/thejacobkantor,https://www.linkedin.com/in/john-kelly-5833539
Jacob Kantor,Reza Sadeghi,"5/23/26, 9:35 AM",,OUTGOING,https://www.linkedin.com/in/thejacobkantor,https://www.linkedin.com/in/reza-sadeghi-g
Jacob Kantor,Jennefer Camacho-Mamigo,"5/23/26, 9:35 AM",,OUTGOING,https://www.linkedin.com/in/thejacobkantor,https://www.linkedin.com/in/jennefer-camacho-mamigo-25917021a
Jacob Kantor,Ian Oakes,"5/23/26, 9:35 AM",,OUTGOING,https://www.linkedin.com/in/thejacobkantor,https://www.linkedin.com/in/ian-oakes-58585518b
Jacob Kantor,"John David Balla, PhD","5/23/26, 9:33 AM",,OUTGOING,https://www.linkedin.com/in/thejacobkantor,https://www.linkedin.com/in/johndavidballa
Jacob Kantor,Lemi-Ola Erinkitola,"5/23/26, 9:33 AM",,OUTGOING,https://www.linkedin.com/in/thejacobkantor,https://www.linkedin.com/in/lemiolaerinkitola
Jacob Kantor,Mayra Garcia,"5/23/26, 9:33 AM",,OUTGOING,https://www.linkedin.com/in/thejacobkantor,https://www.linkedin.com/in/mayra-a-garcia
Jacob Kantor,Sushil Dinesh,"5/23/26, 9:32 AM",,OUTGOING,https://www.linkedin.com/in/thejacobkantor,https://www.linkedin.com/in/sushil-dinesh-3a591a7
Jacob Kantor,Albert C. Bosch,"5/23/26, 9:32 AM",,OUTGOING,https://www.linkedin.com/in/thejacobkantor,https://www.linkedin.com/in/albertcbosch
Jacob Kantor,Steve Palm,"5/23/26, 9:32 AM",,OUTGOING,https://www.linkedin.com/in/thejacobkantor,https://www.linkedin.com/in/stevepalm2018
Jacob Kantor,Minji Cha,"5/23/26, 9:31 AM",,OUTGOING,https://www.linkedin.com/in/thejacobkantor,https://www.linkedin.com/in/minji-cha
Jacob Kantor,Anakaren Salazar,"5/23/26, 9:31 AM",,OUTGOING,https://www.linkedin.com/in/thejacobkantor,https://www.linkedin.com/in/anakarensalazar
Jacob Kantor,Lucas Feltzin,"5/23/26, 9:31 AM",,OUTGOING,https://www.linkedin.com/in/thejacobkantor,https://www.linkedin.com/in/lucasfeltzin
Jacob Kantor,Alejandra Denda,"5/23/26, 9:30 AM",,OUTGOING,https://www.linkedin.com/in/thejacobkantor,https://www.linkedin.com/in/aledenda
Jacob Kantor,Monica Mullick Stallings,"5/23/26, 9:31 AM",,OUTGOING,https://www.linkedin.com/in/thejacobkantor,https://www.linkedin.com/in/monica-mullick-stallings-1553a51
Jacob Kantor,Shreya Sharma,"5/23/26, 9:30 AM",,OUTGOING,https://www.linkedin.com/in/thejacobkantor,https://www.linkedin.com/in/shreya-s5sharma
Jacob Kantor,Quinn Farrar Wilson,"5/23/26, 9:30 AM",,OUTGOING,https://www.linkedin.com/in/thejacobkantor,https://www.linkedin.com/in/quinn-farrar-wilson-1272b220
Jacob Kantor,David Ing,"5/23/26, 9:30 AM",,OUTGOING,https://www.linkedin.com/in/thejacobkantor,https://www.linkedin.com/in/david-ing-2a990688
Jacob Kantor,Stuart Criley,"5/23/26, 9:30 AM",,OUTGOING,https://www.linkedin.com/in/thejacobkantor,https://www.linkedin.com/in/stuart-criley
Jacob Kantor,Eric MacKinnon,"5/23/26, 9:28 AM",,OUTGOING,https://www.linkedin.com/in/thejacobkantor,https://www.linkedin.com/in/ericmackinnon
Jacob Kantor,Samuel Rabkin,"5/23/26, 9:28 AM",,OUTGOING,https://www.linkedin.com/in/thejacobkantor,https://www.linkedin.com/in/samuel-rabkin
Jacob Kantor,Oliver Scott,"5/23/26, 9:28 AM",,OUTGOING,https://www.linkedin.com/in/thejacobkantor,https://www.linkedin.com/in/olivercscott
Jacob Kantor,Madhav Mohan,"5/23/26, 9:28 AM",,OUTGOING,https://www.linkedin.com/in/thejacobkantor,https://www.linkedin.com/in/madhav-m
Jacob Kantor,David Keeley,"5/23/26, 9:27 AM",,OUTGOING,https://www.linkedin.com/in/thejacobkantor,https://www.linkedin.com/in/david-keeley-73449992
Jacob Kantor,Shyam Sai,"5/23/26, 9:27 AM",,OUTGOING,https://www.linkedin.com/in/thejacobkantor,https://www.linkedin.com/in/shyamsai
Jacob Kantor,Natalia Martín Cuéllar,"5/23/26, 9:26 AM",,OUTGOING,https://www.linkedin.com/in/thejacobkantor,https://www.linkedin.com/in/nataliamartincuellar
Jacob Kantor,Demetra Mallios,"5/23/26, 9:26 AM",,OUTGOING,https://www.linkedin.com/in/thejacobkantor,https://www.linkedin.com/in/demetramallios
Jacob Kantor,Qiyi Shan,"5/23/26, 9:26 AM",,OUTGOING,https://www.linkedin.com/in/thejacobkantor,https://www.linkedin.com/in/qiyi-shan-6583b6152
Jacob Kantor,Adonis Rogers,"5/23/26, 9:26 AM",,OUTGOING,https://www.linkedin.com/in/thejacobkantor,https://www.linkedin.com/in/adonisrogers
Jacob Kantor,"Lily Bartholomew, MBA","5/23/26, 8:41 AM",,OUTGOING,https://www.linkedin.com/in/thejacobkantor,https://www.linkedin.com/in/lilybartholomew
Jacob Kantor,Sultan Rana,"5/23/26, 8:40 AM",,OUTGOING,https://www.linkedin.com/in/thejacobkantor,https://www.linkedin.com/in/sultanrana
Jacob Kantor,"Reynaldo D. Rodriguez, Ed.D.","5/23/26, 8:40 AM",,OUTGOING,https://www.linkedin.com/in/thejacobkantor,https://www.linkedin.com/in/rdrodriguez
Jacob Kantor,Shyann Belanger,"5/23/26, 8:40 AM",,OUTGOING,https://www.linkedin.com/in/thejacobkantor,https://www.linkedin.com/in/shyann-belanger-551bb9b4
Jacob Kantor,Sarah Wheeler,"5/22/26, 7:54 PM",,OUTGOING,https://www.linkedin.com/in/thejacobkantor,https://www.linkedin.com/in/ccr-sarah-wheeler
Jacob Kantor,Brandon Thrasher MBA,"5/22/26, 7:54 PM",,OUTGOING,https://www.linkedin.com/in/thejacobkantor,https://www.linkedin.com/in/brandon-thrasher-mba-a955a522
Jacob Kantor,Christopher Hyde,"5/22/26, 7:54 PM",,OUTGOING,https://www.linkedin.com/in/thejacobkantor,https://www.linkedin.com/in/christopherhyde
Jacob Kantor,Jon Ryckman,"5/22/26, 7:53 PM",,OUTGOING,https://www.linkedin.com/in/thejacobkantor,https://www.linkedin.com/in/jon-ryckman-b0669347
Jacob Kantor,Lupita Quiroz,"5/22/26, 7:53 PM",,OUTGOING,https://www.linkedin.com/in/thejacobkantor,https://www.linkedin.com/in/lupita-quiroz-84873028a
Jacob Kantor,Dr. Jennifer Santi,"5/22/26, 7:53 PM",,OUTGOING,https://www.linkedin.com/in/thejacobkantor,https://www.linkedin.com/in/dr-jennifer-santi-800b33a5
Jacob Kantor,"Lisa Russell, M.A.","5/22/26, 7:53 PM",,OUTGOING,https://www.linkedin.com/in/thejacobkantor,https://www.linkedin.com/in/mslisarussell
Jacob Kantor,Alexi Drouin,"5/22/26, 7:52 PM",,OUTGOING,https://www.linkedin.com/in/thejacobkantor,https://www.linkedin.com/in/alexidrouin
Jacob Kantor,Pamela Dalal,"5/22/26, 10:37 AM",,OUTGOING,https://www.linkedin.com/in/thejacobkantor,https://www.linkedin.com/in/pamdalal
Jacob Kantor,Lindsey Jaeckel,"5/22/26, 10:37 AM",,OUTGOING,https://www.linkedin.com/in/thejacobkantor,https://www.linkedin.com/in/lindsey-jaeckel-37521617
Jacob Kantor,Candace Walkington,"5/22/26, 10:37 AM",,OUTGOING,https://www.linkedin.com/in/thejacobkantor,https://www.linkedin.com/in/candace-walkington-39481633
Jacob Kantor,Mark Lieberman,"5/22/26, 7:47 AM",,OUTGOING,https://www.linkedin.com/in/thejacobkantor,https://www.linkedin.com/in/markalieberman1
Jacob Kantor,Kristin Powers,"5/22/26, 6:10 AM",,OUTGOING,https://www.linkedin.com/in/thejacobkantor,https://www.linkedin.com/in/kristin-powers-89600b15
Jacob Kantor,Christian Turton NPQH,"5/22/26, 6:09 AM",,OUTGOING,https://www.linkedin.com/in/thejacobkantor,https://www.linkedin.com/in/christian-turton
Jacob Kantor,Emily Hanno,"5/22/26, 12:03 AM",,OUTGOING,https://www.linkedin.com/in/thejacobkantor,https://www.linkedin.com/in/emily-hanno
Jacob Kantor,Deven Comen,"5/21/26, 9:48 PM",,OUTGOING,https://www.linkedin.com/in/thejacobkantor,https://www.linkedin.com/in/devencomen
Jacob Kantor,Yun-Fang Juan,"5/21/26, 7:27 PM",,OUTGOING,https://www.linkedin.com/in/thejacobkantor,https://www.linkedin.com/in/yun-fang-juan-a6a4ab2
Jacob Kantor,Joe Moran,"5/21/26, 5:37 PM",,OUTGOING,https://www.linkedin.com/in/thejacobkantor,https://www.linkedin.com/in/joe-moran-30b941ab
Jacob Kantor,Maria Giulia d'Avignon,"5/21/26, 5:37 PM",,OUTGOING,https://www.linkedin.com/in/thejacobkantor,https://www.linkedin.com/in/mariagiulia-davignon
Jacob Kantor,Stephen Wakefield,"5/21/26, 5:36 PM",,OUTGOING,https://www.linkedin.com/in/thejacobkantor,https://www.linkedin.com/in/stephen-wakefield-b290157
Jacob Kantor,Justin Strickland,"5/21/26, 9:00 AM",,OUTGOING,https://www.linkedin.com/in/thejacobkantor,https://www.linkedin.com/in/justin-strickland-27aa54189
Jacob Kantor,Allison Pei,"5/21/26, 9:00 AM",,OUTGOING,https://www.linkedin.com/in/thejacobkantor,https://www.linkedin.com/in/allison-pei-a863b23a7
Jacob Kantor,Dave Wilkerson,"5/21/26, 9:00 AM",,OUTGOING,https://www.linkedin.com/in/thejacobkantor,https://www.linkedin.com/in/david-wilkerson
Jacob Kantor,Jennifer Searing,"5/21/26, 9:00 AM",,OUTGOING,https://www.linkedin.com/in/thejacobkantor,https://www.linkedin.com/in/jennifersearingspedks
Jacob Kantor,Ksenia Sulvitsky,"5/21/26, 9:00 AM",,OUTGOING,https://www.linkedin.com/in/thejacobkantor,https://www.linkedin.com/in/ksenia-sulvitsky-81a5b2376
Jacob Kantor,Eric Nelson,"5/21/26, 8:29 AM",,OUTGOING,https://www.linkedin.com/in/thejacobkantor,https://www.linkedin.com/in/eric-nelson-edu
Jacob Kantor,Peter Bergman,"5/20/26, 8:21 PM",,OUTGOING,https://www.linkedin.com/in/thejacobkantor,https://www.linkedin.com/in/peter-bergman-675302219
Jacob Kantor,Candice Odgers,"5/20/26, 8:21 PM",,OUTGOING,https://www.linkedin.com/in/thejacobkantor,https://www.linkedin.com/in/candice-odgers-a75124265
Jacob Kantor,Andrea Deveau,"5/20/26, 7:21 PM",,OUTGOING,https://www.linkedin.com/in/thejacobkantor,https://www.linkedin.com/in/andrea-deveau-6840478
Jacob Kantor,Sara Arsenault,"5/20/26, 7:21 PM",,OUTGOING,https://www.linkedin.com/in/thejacobkantor,https://www.linkedin.com/in/sara-arsenault
Jacob Kantor,Gina M. Plate,"5/20/26, 7:20 PM",,OUTGOING,https://www.linkedin.com/in/thejacobkantor,https://www.linkedin.com/in/gina-m-plate-38939110
Jacob Kantor,Connor Vukelich,"5/20/26, 5:49 PM",,OUTGOING,https://www.linkedin.com/in/thejacobkantor,https://www.linkedin.com/in/connorvukelich
Jacob Kantor,"Sheree Felan, M.S.Ed","5/20/26, 5:11 PM",,OUTGOING,https://www.linkedin.com/in/thejacobkantor,https://www.linkedin.com/in/sheree-felan-m-s-ed-599a95191
Jacob Kantor,Melanie Quicker,"5/20/26, 5:11 PM",,OUTGOING,https://www.linkedin.com/in/thejacobkantor,https://www.linkedin.com/in/melaniequicker
Jacob Kantor,Jordan Decker,"5/20/26, 4:38 PM",,OUTGOING,https://www.linkedin.com/in/thejacobkantor,https://www.linkedin.com/in/jordan-decker-1a4560b8
Jacob Kantor,Rohit Shah,"5/20/26, 3:54 PM",,OUTGOING,https://www.linkedin.com/in/thejacobkantor,https://www.linkedin.com/in/rohitshah1
Jacob Kantor,"Prakash Patel, Ed.D.","5/20/26, 3:53 PM",,OUTGOING,https://www.linkedin.com/in/thejacobkantor,https://www.linkedin.com/in/prakash-patel-ed-d-07094285
Jacob Kantor,JP Hale,"5/20/26, 12:32 PM",,OUTGOING,https://www.linkedin.com/in/thejacobkantor,https://www.linkedin.com/in/jphale72
Jacob Kantor,Kent Johnson,"5/20/26, 8:39 AM",,OUTGOING,https://www.linkedin.com/in/thejacobkantor,https://www.linkedin.com/in/kentjohnsonhighlights
Jacob Kantor,Dino Dudic,"5/19/26, 11:37 PM",,OUTGOING,https://www.linkedin.com/in/thejacobkantor,https://www.linkedin.com/in/dino-dudic-88a916b7
Jacob Kantor,Andrea Keklikian,"5/19/26, 9:54 PM",,OUTGOING,https://www.linkedin.com/in/thejacobkantor,https://www.linkedin.com/in/andrea-keklikian
Jacob Kantor,Sam Mahra,"5/19/26, 9:33 PM",,OUTGOING,https://www.linkedin.com/in/thejacobkantor,https://www.linkedin.com/in/sammahra
Jacob Kantor,Shayla Cornick,"5/19/26, 6:53 PM",,OUTGOING,https://www.linkedin.com/in/thejacobkantor,https://www.linkedin.com/in/shaylacornick
Jacob Kantor,Steve Rathje,"5/19/26, 6:52 PM",,OUTGOING,https://www.linkedin.com/in/thejacobkantor,https://www.linkedin.com/in/steverathje
Jacob Kantor,John Gabrieli Buchet,"5/19/26, 6:52 PM",,OUTGOING,https://www.linkedin.com/in/thejacobkantor,https://www.linkedin.com/in/johngabrieli
Jacob Kantor,Jonathan Sotsky,"5/19/26, 6:51 PM",,OUTGOING,https://www.linkedin.com/in/thejacobkantor,https://www.linkedin.com/in/jonsotsky
Jacob Kantor,Marie Groark,"5/19/26, 6:51 PM",,OUTGOING,https://www.linkedin.com/in/thejacobkantor,https://www.linkedin.com/in/marie-groark-9a92a97
Jacob Kantor,Nancy Otero ,"5/19/26, 6:51 PM",,OUTGOING,https://www.linkedin.com/in/thejacobkantor,https://www.linkedin.com/in/nancy-otero-8003492
Jacob Kantor,"Sean Peters, PhD","5/19/26, 6:51 PM",,OUTGOING,https://www.linkedin.com/in/thejacobkantor,https://www.linkedin.com/in/emmanuelseanpeters
Jacob Kantor,Karena Cai,"5/19/26, 6:51 PM",,OUTGOING,https://www.linkedin.com/in/thejacobkantor,https://www.linkedin.com/in/karena-cai-8208a336
Jacob Kantor,Karen Parker,"5/19/26, 6:50 PM",,OUTGOING,https://www.linkedin.com/in/thejacobkantor,https://www.linkedin.com/in/karen1parker
Jacob Kantor,Dean Kowalski,"5/19/26, 6:51 PM",,OUTGOING,https://www.linkedin.com/in/thejacobkantor,https://www.linkedin.com/in/kowalskidean
Jacob Kantor,Ryan Andrieu,"5/19/26, 6:25 PM",,OUTGOING,https://www.linkedin.com/in/thejacobkantor,https://www.linkedin.com/in/ryan-andrieu-b2306519b
Jacob Kantor,Doug Mason,"5/19/26, 6:25 PM",,OUTGOING,https://www.linkedin.com/in/thejacobkantor,https://www.linkedin.com/in/doug-mason-68b068105
Jacob Kantor,Micah Rosenbloom,"5/19/26, 6:02 PM",,OUTGOING,https://www.linkedin.com/in/thejacobkantor,https://www.linkedin.com/in/micah-rosenbloom-a0350
Jacob Kantor,Aileen Lee,"5/19/26, 6:02 PM",,OUTGOING,https://www.linkedin.com/in/thejacobkantor,https://www.linkedin.com/in/aileenwlee
Jacob Kantor,Gokul Rajaram,"5/19/26, 6:02 PM",,OUTGOING,https://www.linkedin.com/in/thejacobkantor,https://www.linkedin.com/in/gokulrajaram1
Jacob Kantor,Ann Miura-Ko,"5/19/26, 6:02 PM",,OUTGOING,https://www.linkedin.com/in/thejacobkantor,https://www.linkedin.com/in/amiura
Jacob Kantor,Satya Patel,"5/19/26, 6:02 PM",,OUTGOING,https://www.linkedin.com/in/thejacobkantor,https://www.linkedin.com/in/satyapatel
Jacob Kantor,Lars Fjeldsoe-Nielsen,"5/19/26, 6:02 PM",,OUTGOING,https://www.linkedin.com/in/thejacobkantor,https://www.linkedin.com/in/larsfjeldsoenielsen
Jacob Kantor,Chi-Hua Chien,"5/19/26, 6:02 PM",,OUTGOING,https://www.linkedin.com/in/thejacobkantor,https://www.linkedin.com/in/chchien
Jacob Kantor,Enzo Cavalie,"5/19/26, 6:01 PM",,OUTGOING,https://www.linkedin.com/in/thejacobkantor,https://www.linkedin.com/in/enzo-cavalie
Jacob Kantor,Joseph Vukel,"5/19/26, 6:01 PM",,OUTGOING,https://www.linkedin.com/in/thejacobkantor,https://www.linkedin.com/in/josephvukel
Jacob Kantor,Cody Lee,"5/19/26, 3:59 PM",,OUTGOING,https://www.linkedin.com/in/thejacobkantor,https://www.linkedin.com/in/cody-lee-422084b8
Jacob Kantor,Dhrew Hannah Joule Ermino,"5/19/26, 3:58 PM",,OUTGOING,https://www.linkedin.com/in/thejacobkantor,https://www.linkedin.com/in/dhrew-ermino
Jacob Kantor,Janice Taylor,"5/19/26, 3:59 PM",,OUTGOING,https://www.linkedin.com/in/thejacobkantor,https://www.linkedin.com/in/janicetaylor631
Jacob Kantor,Jennifer Cronk,"5/19/26, 2:36 PM",,OUTGOING,https://www.linkedin.com/in/thejacobkantor,https://www.linkedin.com/in/jennifercronk
Jacob Kantor,Rebekah Corace,"5/19/26, 2:34 PM",,OUTGOING,https://www.linkedin.com/in/thejacobkantor,https://www.linkedin.com/in/rebekah-corace
Jacob Kantor,"Hillary Robbins, M. Ed","5/18/26, 8:44 PM",,OUTGOING,https://www.linkedin.com/in/thejacobkantor,https://www.linkedin.com/in/hillaryrobbinsmed
Jacob Kantor,Stephanie Lawkins,"5/18/26, 8:35 PM",,OUTGOING,https://www.linkedin.com/in/thejacobkantor,https://www.linkedin.com/in/stephanie-lawkins-963974
Jacob Kantor,Alok Mishra,"5/18/26, 5:32 PM",,OUTGOING,https://www.linkedin.com/in/thejacobkantor,https://www.linkedin.com/in/alok8mishra
Jacob Kantor,Rich Elsasser,"5/18/26, 1:45 PM",,OUTGOING,https://www.linkedin.com/in/thejacobkantor,https://www.linkedin.com/in/rich-elsasser-6419787
Jacob Kantor,Dina Ashley,"5/18/26, 12:49 PM",,OUTGOING,https://www.linkedin.com/in/thejacobkantor,https://www.linkedin.com/in/dina-ashley
Jacob Kantor,James Dougherty,"5/18/26, 11:46 AM",,OUTGOING,https://www.linkedin.com/in/thejacobkantor,https://www.linkedin.com/in/jimmydnet
Jacob Kantor,Natalie Mactier,"5/18/26, 11:43 AM",,OUTGOING,https://www.linkedin.com/in/thejacobkantor,https://www.linkedin.com/in/nataliemactier
Jacob Kantor,Russell Ramsey,"5/18/26, 11:43 AM",,OUTGOING,https://www.linkedin.com/in/thejacobkantor,https://www.linkedin.com/in/russell-ramsey-iv
Jacob Kantor,Abigail Gagermeier,"5/18/26, 11:43 AM",,OUTGOING,https://www.linkedin.com/in/thejacobkantor,https://www.linkedin.com/in/abigail-gagermeier
Jacob Kantor,Daniel Santangelo,"5/18/26, 11:43 AM",,OUTGOING,https://www.linkedin.com/in/thejacobkantor,https://www.linkedin.com/in/danielsantangelo
Jacob Kantor,Jeff Arnaiz,"5/17/26, 10:00 PM",,OUTGOING,https://www.linkedin.com/in/thejacobkantor,https://www.linkedin.com/in/jeff-arnaiz-0812a063
Jacob Kantor,Rohin Pallapothu,"5/17/26, 10:00 PM",,OUTGOING,https://www.linkedin.com/in/thejacobkantor,https://www.linkedin.com/in/rohin-pallapothu-1337762
Jacob Kantor,Dawn Wiley-Dominguez,"5/17/26, 9:59 PM",,OUTGOING,https://www.linkedin.com/in/thejacobkantor,https://www.linkedin.com/in/dawn-wiley-dominguez-76601b1a5
Jacob Kantor,Dr. Joy Ross,"5/17/26, 9:41 PM",,OUTGOING,https://www.linkedin.com/in/thejacobkantor,https://www.linkedin.com/in/dr-joy-ross-capacity-builder
Jacob Kantor,Ryan Downey,"5/17/26, 9:08 PM",,OUTGOING,https://www.linkedin.com/in/thejacobkantor,https://www.linkedin.com/in/ryan-downey-214a56378
Jacob Kantor,Nathan Gandomi,"5/17/26, 8:40 PM",,OUTGOING,https://www.linkedin.com/in/thejacobkantor,https://www.linkedin.com/in/ngandomi
Jacob Kantor,Joshua Duncan,"5/17/26, 5:04 PM",,OUTGOING,https://www.linkedin.com/in/thejacobkantor,https://www.linkedin.com/in/jduncan444
Jacob Kantor,Scott Burnidge,"5/17/26, 5:04 PM",,OUTGOING,https://www.linkedin.com/in/thejacobkantor,https://www.linkedin.com/in/scott-burnidge-95890433b
Jacob Kantor,Sasha Smith,"5/17/26, 5:04 PM",,OUTGOING,https://www.linkedin.com/in/thejacobkantor,https://www.linkedin.com/in/sasha-smith-44336010b
Jacob Kantor,"Justin Spies, RTSBA","5/17/26, 5:04 PM",,OUTGOING,https://www.linkedin.com/in/thejacobkantor,https://www.linkedin.com/in/justin-spies-rtsba-1a51968a
Jacob Kantor,Sean McNally,"5/17/26, 5:04 PM",,OUTGOING,https://www.linkedin.com/in/thejacobkantor,https://www.linkedin.com/in/sean-mcnally1
Jacob Kantor,Briena Persaud,"5/17/26, 5:04 PM",,OUTGOING,https://www.linkedin.com/in/thejacobkantor,https://www.linkedin.com/in/briena-persaud-empowering
Jacob Kantor,Dalton Hensley,"5/17/26, 5:04 PM",,OUTGOING,https://www.linkedin.com/in/thejacobkantor,https://www.linkedin.com/in/dalton-hensley-514683b0
Jacob Kantor,Adam Herbert,"5/17/26, 5:04 PM",,OUTGOING,https://www.linkedin.com/in/thejacobkantor,https://www.linkedin.com/in/adameherbert
Jacob Kantor,Scott Bartholomew,"5/17/26, 5:04 PM",,OUTGOING,https://www.linkedin.com/in/thejacobkantor,https://www.linkedin.com/in/dscottbartholomew
Jacob Kantor,Reilly Martin,"5/17/26, 5:04 PM",,OUTGOING,https://www.linkedin.com/in/thejacobkantor,https://www.linkedin.com/in/reilly-martin
Jacob Kantor,Raul Carranza,"5/17/26, 5:04 PM",,OUTGOING,https://www.linkedin.com/in/thejacobkantor,https://www.linkedin.com/in/raul-carranza-b730b66a
Jacob Kantor,Sari Fromson Laberis,"5/17/26, 5:04 PM",,OUTGOING,https://www.linkedin.com/in/thejacobkantor,https://www.linkedin.com/in/sari-fromson-laberis-45567715
Jacob Kantor,Philip Moss,"5/17/26, 5:03 PM",,OUTGOING,https://www.linkedin.com/in/thejacobkantor,https://www.linkedin.com/in/philip-moss-4881a33a6
Jacob Kantor,Tenijah Hamilton,"5/17/26, 5:04 PM",,OUTGOING,https://www.linkedin.com/in/thejacobkantor,https://www.linkedin.com/in/tenijah-hamilton
Jacob Kantor,Mike Olander,"5/17/26, 5:03 PM",,OUTGOING,https://www.linkedin.com/in/thejacobkantor,https://www.linkedin.com/in/mwolander
Jacob Kantor,Christopher Dormer,"5/17/26, 5:03 PM",,OUTGOING,https://www.linkedin.com/in/thejacobkantor,https://www.linkedin.com/in/christopher-dormer-0b6106340
Jacob Kantor,Ethan Fisher,"5/17/26, 5:03 PM",,OUTGOING,https://www.linkedin.com/in/thejacobkantor,https://www.linkedin.com/in/ethan-fisher-speaker
Jacob Kantor,Nina Gibbs,"5/17/26, 5:03 PM",,OUTGOING,https://www.linkedin.com/in/thejacobkantor,https://www.linkedin.com/in/nina-gibbs
Jacob Kantor,Taylor Philhower,"5/17/26, 5:03 PM",,OUTGOING,https://www.linkedin.com/in/thejacobkantor,https://www.linkedin.com/in/taylor-philhower-3ba9a529b
Jacob Kantor,"Hannah Curry, PMP","5/17/26, 5:03 PM",,OUTGOING,https://www.linkedin.com/in/thejacobkantor,https://www.linkedin.com/in/hannah-curry-pmp-0168531b
Jacob Kantor,Eric D. Sharp,"5/17/26, 5:03 PM",,OUTGOING,https://www.linkedin.com/in/thejacobkantor,https://www.linkedin.com/in/eric-d-sharp-99396158
Jacob Kantor,Dr. Kari Jacobs,"5/17/26, 5:03 PM",,OUTGOING,https://www.linkedin.com/in/thejacobkantor,https://www.linkedin.com/in/dr-kari-jacobs-435032180
Jacob Kantor,Matthew Lee,"5/17/26, 5:03 PM",,OUTGOING,https://www.linkedin.com/in/thejacobkantor,https://www.linkedin.com/in/mattlee14
Jacob Kantor,April Astacio-Banda,"5/17/26, 5:03 PM",,OUTGOING,https://www.linkedin.com/in/thejacobkantor,https://www.linkedin.com/in/april-astacio-banda-649a60155
Jacob Kantor,Kirk Kezel,"5/17/26, 5:03 PM",,OUTGOING,https://www.linkedin.com/in/thejacobkantor,https://www.linkedin.com/in/kirk-kezel-a875a49
Jacob Kantor,Parker Louis,"5/17/26, 5:03 PM",,OUTGOING,https://www.linkedin.com/in/thejacobkantor,https://www.linkedin.com/in/parker-louis-181175217
Jacob Kantor,Clyde Bouler,"5/17/26, 5:03 PM",,OUTGOING,https://www.linkedin.com/in/thejacobkantor,https://www.linkedin.com/in/clyde-bouler-19a5293b3
Jacob Kantor,"Peter Thorne, MBA","5/17/26, 5:02 PM",,OUTGOING,https://www.linkedin.com/in/thejacobkantor,https://www.linkedin.com/in/peter-thorne-mba-399833a0
Jacob Kantor,Ronnie Henderson,"5/17/26, 5:03 PM",,OUTGOING,https://www.linkedin.com/in/thejacobkantor,https://www.linkedin.com/in/drronniehenderson
Jacob Kantor,Shravya Reddy,"5/11/26, 8:57 PM",,OUTGOING,https://www.linkedin.com/in/thejacobkantor,https://www.linkedin.com/in/shravya
Jacob Kantor,John Wetter,"5/11/26, 8:57 PM",,OUTGOING,https://www.linkedin.com/in/thejacobkantor,https://www.linkedin.com/in/jwetter
Jacob Kantor,Reginald Fuller,"5/11/26, 8:57 PM",,OUTGOING,https://www.linkedin.com/in/thejacobkantor,https://www.linkedin.com/in/reginaldfuller
Jacob Kantor,Joe Finnell,"5/11/26, 8:57 PM",,OUTGOING,https://www.linkedin.com/in/thejacobkantor,https://www.linkedin.com/in/joe-finnell
Jacob Kantor,Corey Grim,"5/11/26, 12:50 PM",,OUTGOING,https://www.linkedin.com/in/thejacobkantor,https://www.linkedin.com/in/coreygrim
Jacob Kantor,Kris Galligan,"5/11/26, 12:50 PM",,OUTGOING,https://www.linkedin.com/in/thejacobkantor,https://www.linkedin.com/in/krisgalligan
Jacob Kantor,Jason Mocherman,"5/11/26, 10:02 AM",,OUTGOING,https://www.linkedin.com/in/thejacobkantor,https://www.linkedin.com/in/jmocherman
Jacob Kantor,Ariel Potoy Salidaga,"5/11/26, 10:01 AM",,OUTGOING,https://www.linkedin.com/in/thejacobkantor,https://www.linkedin.com/in/ariel-potoy-salidaga-36898a39b
Jacob Kantor,Simon Sommer,"5/11/26, 9:42 AM",,OUTGOING,https://www.linkedin.com/in/thejacobkantor,https://www.linkedin.com/in/simon-sommer-0858114
Jacob Kantor,Jessica Zarowny,"5/11/26, 9:16 AM",,OUTGOING,https://www.linkedin.com/in/thejacobkantor,https://www.linkedin.com/in/jessica-zarowny-401aa6234
Jacob Kantor,Peter LaCasse,"5/11/26, 8:35 AM",,OUTGOING,https://www.linkedin.com/in/thejacobkantor,https://www.linkedin.com/in/peter-lacasse-33434a2
Jacob Kantor,Timothy Chibinda,"5/11/26, 8:21 AM",,OUTGOING,https://www.linkedin.com/in/thejacobkantor,https://www.linkedin.com/in/chibinda
Jacob Kantor,Ashish Garg,"5/11/26, 8:14 AM",,OUTGOING,https://www.linkedin.com/in/thejacobkantor,https://www.linkedin.com/in/ashish-garg-29767523
Jacob Kantor,David Pérez Martínez,"5/11/26, 8:14 AM",,OUTGOING,https://www.linkedin.com/in/thejacobkantor,https://www.linkedin.com/in/davidpérezm
Jacob Kantor,James Saniger,"5/11/26, 6:49 AM",,OUTGOING,https://www.linkedin.com/in/thejacobkantor,https://www.linkedin.com/in/jamessaniger
Jacob Kantor,Jorge Silva,"5/11/26, 6:49 AM",,OUTGOING,https://www.linkedin.com/in/thejacobkantor,https://www.linkedin.com/in/jorge-silva-994b34219
Jacob Kantor,Craig Barton,"5/11/26, 12:00 AM",,OUTGOING,https://www.linkedin.com/in/thejacobkantor,https://www.linkedin.com/in/craig-barton-11a358357
Jacob Kantor,Tommy Chang,"5/10/26, 10:16 PM",,OUTGOING,https://www.linkedin.com/in/thejacobkantor,https://www.linkedin.com/in/drtommychang
Jacob Kantor,Karen Meigs,"5/10/26, 9:49 PM",,OUTGOING,https://www.linkedin.com/in/thejacobkantor,https://www.linkedin.com/in/karenmeigs
Jacob Kantor,Tarkan Topcuoglu,"5/10/26, 9:49 PM",,OUTGOING,https://www.linkedin.com/in/thejacobkantor,https://www.linkedin.com/in/tarkantopcuoglu
Jacob Kantor,"Dr. Tia Clay, Ed.D.","5/10/26, 9:49 PM",,OUTGOING,https://www.linkedin.com/in/thejacobkantor,https://www.linkedin.com/in/dr-tia-clay-ed-d-b948443b0
Jacob Kantor,Dr. Tom McCoy,"5/10/26, 9:49 PM",,OUTGOING,https://www.linkedin.com/in/thejacobkantor,https://www.linkedin.com/in/dr-tom-mccoy-599919123
Jacob Kantor,Cesar Tala,"5/10/26, 9:36 PM",,OUTGOING,https://www.linkedin.com/in/thejacobkantor,https://www.linkedin.com/in/cesar-tala-50703b408
Jacob Kantor,Marc J Manas,"5/10/26, 9:35 PM",,OUTGOING,https://www.linkedin.com/in/thejacobkantor,https://www.linkedin.com/in/marcmanas
Jacob Kantor,Alexander Salazar,"5/10/26, 9:35 PM",,OUTGOING,https://www.linkedin.com/in/thejacobkantor,https://www.linkedin.com/in/salazaralexander
Jacob Kantor,Patricia Crowdus,"5/10/26, 9:35 PM",,OUTGOING,https://www.linkedin.com/in/thejacobkantor,https://www.linkedin.com/in/patricia-crowdus
Jacob Kantor,Gina Reed,"5/10/26, 9:35 PM",,OUTGOING,https://www.linkedin.com/in/thejacobkantor,https://www.linkedin.com/in/gina-g-reed
Jacob Kantor,Aaron Crandall,"5/10/26, 9:35 PM",,OUTGOING,https://www.linkedin.com/in/thejacobkantor,https://www.linkedin.com/in/aaron-crandall-47005937
Jacob Kantor,Maddie Thomsen,"5/10/26, 9:35 PM",,OUTGOING,https://www.linkedin.com/in/thejacobkantor,https://www.linkedin.com/in/maddie-thomsen-81a9a33b2
Jacob Kantor,Tayana Jean-Joseph,"5/10/26, 9:35 PM",,OUTGOING,https://www.linkedin.com/in/thejacobkantor,https://www.linkedin.com/in/tayana-jean-joseph-009269384
Jacob Kantor,"Gurdeep Sawhney, MBA","5/10/26, 9:35 PM",,OUTGOING,https://www.linkedin.com/in/thejacobkantor,https://www.linkedin.com/in/gurdeepsawhney
Jacob Kantor,Miluska Lauterbach,"5/10/26, 9:35 PM",,OUTGOING,https://www.linkedin.com/in/thejacobkantor,https://www.linkedin.com/in/miluska-lauterbach-720150150
Jacob Kantor,Jessica de Boer,"5/10/26, 9:35 PM",,OUTGOING,https://www.linkedin.com/in/thejacobkantor,https://www.linkedin.com/in/jessica-de-boer-5034b436b
Jacob Kantor,Jatuthep Rattanahattakul,"5/10/26, 9:35 PM",,OUTGOING,https://www.linkedin.com/in/thejacobkantor,https://www.linkedin.com/in/jatuthep-rattanahattakul-476025390
Jacob Kantor,Aiden Humphries,"5/10/26, 9:35 PM",,OUTGOING,https://www.linkedin.com/in/thejacobkantor,https://www.linkedin.com/in/aiden-humphries-756b90278
Jacob Kantor,Sandy Lok,"5/10/26, 9:35 PM",,OUTGOING,https://www.linkedin.com/in/thejacobkantor,https://www.linkedin.com/in/sandy-lok-614072126
Jacob Kantor,David Hopper,"5/10/26, 9:34 PM",,OUTGOING,https://www.linkedin.com/in/thejacobkantor,https://www.linkedin.com/in/david-hopper-118463
Jacob Kantor,Holly  Allen,"5/10/26, 9:35 PM",,OUTGOING,https://www.linkedin.com/in/thejacobkantor,https://www.linkedin.com/in/holly-allen-a913333b1
Jacob Kantor,Greg Vafis,"5/10/26, 9:35 PM",,OUTGOING,https://www.linkedin.com/in/thejacobkantor,https://www.linkedin.com/in/greg-vafis-03bbb08
Jacob Kantor,Robert Jurutka,"5/10/26, 9:35 PM",,OUTGOING,https://www.linkedin.com/in/thejacobkantor,https://www.linkedin.com/in/robert-jurutka-6b6a393b8
Jacob Kantor,Boston College  Alumni,"5/10/26, 9:35 PM",,OUTGOING,https://www.linkedin.com/in/thejacobkantor,https://www.linkedin.com/in/boston-college-alumni-7296033a7
Jacob Kantor,Lesli Polk,"5/10/26, 9:35 PM",,OUTGOING,https://www.linkedin.com/in/thejacobkantor,https://www.linkedin.com/in/lesli-polk-122196154
Jacob Kantor,Heather Tsonopoulos,"5/10/26, 9:34 PM",,OUTGOING,https://www.linkedin.com/in/thejacobkantor,https://www.linkedin.com/in/heather-tsonopoulos-8431462
Jacob Kantor,Eboni Williams,"5/10/26, 9:34 PM",,OUTGOING,https://www.linkedin.com/in/thejacobkantor,https://www.linkedin.com/in/eboni-williams-935706107
Jacob Kantor,Andrea Blanton,"5/10/26, 9:34 PM",,OUTGOING,https://www.linkedin.com/in/thejacobkantor,https://www.linkedin.com/in/andrea-blanton-2779bb221
Jacob Kantor,James Hayes,"5/10/26, 9:35 PM",,OUTGOING,https://www.linkedin.com/in/thejacobkantor,https://www.linkedin.com/in/james-hayes-a601a523
Jacob Kantor,Sara Moore,"5/10/26, 9:34 PM",,OUTGOING,https://www.linkedin.com/in/thejacobkantor,https://www.linkedin.com/in/sara-moore-70b4a716
Jacob Kantor,Alvin Li,"5/10/26, 9:34 PM",,OUTGOING,https://www.linkedin.com/in/thejacobkantor,https://www.linkedin.com/in/alvin-li-047870357
Jacob Kantor,Dr. Cristina Eftenaru,"5/10/26, 9:34 PM",,OUTGOING,https://www.linkedin.com/in/thejacobkantor,https://www.linkedin.com/in/cristinaeftenaru
Jacob Kantor,Samantha Begay,"5/10/26, 9:34 PM",,OUTGOING,https://www.linkedin.com/in/thejacobkantor,https://www.linkedin.com/in/samanthabegay
Jacob Kantor,Morgane Kapto,"5/10/26, 9:34 PM",,OUTGOING,https://www.linkedin.com/in/thejacobkantor,https://www.linkedin.com/in/morgane-k-50362b325
Jacob Kantor,Isabella Amu,"5/10/26, 9:34 PM",,OUTGOING,https://www.linkedin.com/in/thejacobkantor,https://www.linkedin.com/in/isabella-amu-339785348
Jacob Kantor,Preeti N.,"5/10/26, 9:34 PM",,OUTGOING,https://www.linkedin.com/in/thejacobkantor,https://www.linkedin.com/in/preeti-nalavade
Jacob Kantor,"Natalie Davis, Ed.D.","5/10/26, 9:33 PM",,OUTGOING,https://www.linkedin.com/in/thejacobkantor,https://www.linkedin.com/in/natalie-davis-ed-d-65a21a58
Jacob Kantor,Trond Knutsen,"5/10/26, 9:33 PM",,OUTGOING,https://www.linkedin.com/in/thejacobkantor,https://www.linkedin.com/in/trondknutsen
Jacob Kantor,Brennan Williams,"5/10/26, 9:33 PM",,OUTGOING,https://www.linkedin.com/in/thejacobkantor,https://www.linkedin.com/in/brennan-williams-b88549401
Jacob Kantor,Jacob Shaffer,"5/10/26, 9:33 PM",,OUTGOING,https://www.linkedin.com/in/thejacobkantor,https://www.linkedin.com/in/jacob-shaffer-46b099324
Jacob Kantor,Mike Bell,"5/10/26, 9:33 PM",,OUTGOING,https://www.linkedin.com/in/thejacobkantor,https://www.linkedin.com/in/mike-bell-962471217
Jacob Kantor,Maria Tsalani,"5/10/26, 9:33 PM",,OUTGOING,https://www.linkedin.com/in/thejacobkantor,https://www.linkedin.com/in/maria-t-4020632a3
Jacob Kantor,"Timothy Wangler, EdD","5/10/26, 9:33 PM",,OUTGOING,https://www.linkedin.com/in/thejacobkantor,https://www.linkedin.com/in/timwangler
Jacob Kantor,Keith Barros,"5/10/26, 9:33 PM",,OUTGOING,https://www.linkedin.com/in/thejacobkantor,https://www.linkedin.com/in/kbarros
Jacob Kantor,Thomas Baltz,"5/10/26, 9:33 PM",,OUTGOING,https://www.linkedin.com/in/thejacobkantor,https://www.linkedin.com/in/thomasbaltz
Jacob Kantor,Nde Divine,"5/10/26, 9:33 PM",,OUTGOING,https://www.linkedin.com/in/thejacobkantor,https://www.linkedin.com/in/divinende
Jacob Kantor,Fabienne Sehlhoff,"5/10/26, 9:33 PM",,OUTGOING,https://www.linkedin.com/in/thejacobkantor,https://www.linkedin.com/in/fabiennesehlhoff
Jacob Kantor,Franck Muciga,"5/10/26, 9:32 PM",,OUTGOING,https://www.linkedin.com/in/thejacobkantor,https://www.linkedin.com/in/franck-muciga-8284ba236
Jacob Kantor,Regina Pruett,"5/10/26, 9:32 PM",,OUTGOING,https://www.linkedin.com/in/thejacobkantor,https://www.linkedin.com/in/regina-p-38062223a
Jacob Kantor,Jm LeMoeligou,"5/10/26, 9:32 PM",,OUTGOING,https://www.linkedin.com/in/thejacobkantor,https://www.linkedin.com/in/jm-lemoeligou-727089332
Jacob Kantor,Jordan Kremer,"5/10/26, 9:32 PM",,OUTGOING,https://www.linkedin.com/in/thejacobkantor,https://www.linkedin.com/in/jordan-kremer-b93bb976
Jacob Kantor,Michael Gaynor,"5/10/26, 9:32 PM",,OUTGOING,https://www.linkedin.com/in/thejacobkantor,https://www.linkedin.com/in/michael-gaynor-90b798356
Jacob Kantor,Jose Barajas,"5/10/26, 9:32 PM",,OUTGOING,https://www.linkedin.com/in/thejacobkantor,https://www.linkedin.com/in/jose-barajas-2649113a4
Jacob Kantor,Jan Bob,"5/10/26, 9:32 PM",,OUTGOING,https://www.linkedin.com/in/thejacobkantor,https://www.linkedin.com/in/j4nbob
Jacob Kantor,Jieping Li,"5/10/26, 9:32 PM",,OUTGOING,https://www.linkedin.com/in/thejacobkantor,https://www.linkedin.com/in/jieping-li-educator
Jacob Kantor,Anthony Chiariello,"5/10/26, 9:32 PM",,OUTGOING,https://www.linkedin.com/in/thejacobkantor,https://www.linkedin.com/in/anthony-chiariello-024355a1
Jacob Kantor,"Katy Cappozzo, CIPM, CIPP/US, FIP, AIGP","5/10/26, 9:32 PM",,OUTGOING,https://www.linkedin.com/in/thejacobkantor,https://www.linkedin.com/in/katy711
Jacob Kantor,Emmanuel Calvillo,"5/10/26, 9:32 PM",,OUTGOING,https://www.linkedin.com/in/thejacobkantor,https://www.linkedin.com/in/emmanuel-calvillo-9a3381210
Jacob Kantor,Jeremy Adney,"5/10/26, 9:32 PM",,OUTGOING,https://www.linkedin.com/in/thejacobkantor,https://www.linkedin.com/in/jeremyadney
Jacob Kantor,Tomis Parker,"5/10/26, 9:32 PM",,OUTGOING,https://www.linkedin.com/in/thejacobkantor,https://www.linkedin.com/in/tomis-parker
Jacob Kantor,"Maureen Rabbitte PhD, RN","5/10/26, 9:32 PM",,OUTGOING,https://www.linkedin.com/in/thejacobkantor,https://www.linkedin.com/in/maureen-rabbitte-phd-rn-5a1a9375
Jacob Kantor,Shelly Blake-Plock,"5/10/26, 9:32 PM",,OUTGOING,https://www.linkedin.com/in/thejacobkantor,https://www.linkedin.com/in/sblakeplock
Jacob Kantor,"Thomas P. (Tom) FitzGibbon, Ph.D","5/10/26, 9:32 PM",,OUTGOING,https://www.linkedin.com/in/thejacobkantor,https://www.linkedin.com/in/tpfitzgibbon3
Jacob Kantor,Merlin Valdez,"5/10/26, 9:32 PM",,OUTGOING,https://www.linkedin.com/in/thejacobkantor,https://www.linkedin.com/in/merlinvaldez
Jacob Kantor,Calliope Shif,"5/10/26, 9:32 PM",,OUTGOING,https://www.linkedin.com/in/thejacobkantor,https://www.linkedin.com/in/calliope-shif-2843159a
Jacob Kantor,"Adrian Bustillos, PhD","5/10/26, 9:31 PM",,OUTGOING,https://www.linkedin.com/in/thejacobkantor,https://www.linkedin.com/in/adbustil
Jacob Kantor,"Cable Green, PhD","5/10/26, 9:31 PM",,OUTGOING,https://www.linkedin.com/in/thejacobkantor,https://www.linkedin.com/in/cablegreen
Jacob Kantor,Jonathan Tate,"5/10/26, 9:31 PM",,OUTGOING,https://www.linkedin.com/in/thejacobkantor,https://www.linkedin.com/in/jonathantate
Jacob Kantor,Edward Yip,"5/10/26, 9:31 PM",,OUTGOING,https://www.linkedin.com/in/thejacobkantor,https://www.linkedin.com/in/edwardyip
Jacob Kantor,Sam Livingstone,"5/10/26, 9:31 PM",,OUTGOING,https://www.linkedin.com/in/thejacobkantor,https://www.linkedin.com/in/sam-livingstone-5bbb95340
Jacob Kantor,Emily Lynch-Deegan,"5/10/26, 9:31 PM",,OUTGOING,https://www.linkedin.com/in/thejacobkantor,https://www.linkedin.com/in/emilylynchdeegan
Jacob Kantor,"Lauren Quigley, Ph.D.","5/10/26, 9:31 PM",,OUTGOING,https://www.linkedin.com/in/thejacobkantor,https://www.linkedin.com/in/laurendtq
Jacob Kantor,Brandee Gros,"5/10/26, 9:30 PM",,OUTGOING,https://www.linkedin.com/in/thejacobkantor,https://www.linkedin.com/in/brandee-gros-6a6052b6
Jacob Kantor,Christopher Hopper,"5/10/26, 9:31 PM",,OUTGOING,https://www.linkedin.com/in/thejacobkantor,https://www.linkedin.com/in/christopher-hopper-a96a7811
Jacob Kantor,Deacon Jones,"5/10/26, 9:30 PM",,OUTGOING,https://www.linkedin.com/in/thejacobkantor,https://www.linkedin.com/in/deaconjones
Jacob Kantor,Daisy  Bennett,"5/10/26, 9:31 PM",,OUTGOING,https://www.linkedin.com/in/thejacobkantor,https://www.linkedin.com/in/daisy-bennett-4080b45
Jacob Kantor,Travis Barnes,"5/10/26, 9:31 PM",,OUTGOING,https://www.linkedin.com/in/thejacobkantor,https://www.linkedin.com/in/jamestravisbarnes
Jacob Kantor,Franklin Ly,"5/10/26, 9:30 PM",,OUTGOING,https://www.linkedin.com/in/thejacobkantor,https://www.linkedin.com/in/franklinly
Jacob Kantor,Aaron Fazulak,"5/10/26, 9:30 PM",,OUTGOING,https://www.linkedin.com/in/thejacobkantor,https://www.linkedin.com/in/aaronfazulak
Jacob Kantor,Ben Vitale,"5/10/26, 9:30 PM",,OUTGOING,https://www.linkedin.com/in/thejacobkantor,https://www.linkedin.com/in/ben-vitale-97ab944
Jacob Kantor,Jim Echsner,"5/10/26, 9:30 PM",,OUTGOING,https://www.linkedin.com/in/thejacobkantor,https://www.linkedin.com/in/jimechsner
Jacob Kantor,Brian Martin,"5/10/26, 9:30 PM",,OUTGOING,https://www.linkedin.com/in/thejacobkantor,https://www.linkedin.com/in/bbbrianmartin
Jacob Kantor,A. Selen Ucar,"5/10/26, 9:30 PM",,OUTGOING,https://www.linkedin.com/in/thejacobkantor,https://www.linkedin.com/in/a-selen-ucar-47a23a226
Jacob Kantor,Rupert Denton,"5/10/26, 9:30 PM",,OUTGOING,https://www.linkedin.com/in/thejacobkantor,https://www.linkedin.com/in/rupert-denton-804b44a8
Jacob Kantor,Ailish McDermott,"5/10/26, 9:30 PM",,OUTGOING,https://www.linkedin.com/in/thejacobkantor,https://www.linkedin.com/in/ailish-mcdermott-85650b122
Jacob Kantor,Jeff Luttrell,"5/10/26, 9:30 PM",,OUTGOING,https://www.linkedin.com/in/thejacobkantor,https://www.linkedin.com/in/jeff-luttrell-a83b08191
Jacob Kantor,Jasmine Whittaker,"5/10/26, 9:30 PM",,OUTGOING,https://www.linkedin.com/in/thejacobkantor,https://www.linkedin.com/in/jasmine-whittaker-
Jacob Kantor,Keith Devlin,"5/10/26, 9:30 PM",,OUTGOING,https://www.linkedin.com/in/thejacobkantor,https://www.linkedin.com/in/keith-devlin-b8a18b203
Jacob Kantor,Brendan Neeson,"5/10/26, 9:30 PM",,OUTGOING,https://www.linkedin.com/in/thejacobkantor,https://www.linkedin.com/in/bneeson
Jacob Kantor,Krista Keiser,"5/10/26, 9:30 PM",,OUTGOING,https://www.linkedin.com/in/thejacobkantor,https://www.linkedin.com/in/kristakeiser09
Jacob Kantor,Jamie Coch,"5/10/26, 9:30 PM",,OUTGOING,https://www.linkedin.com/in/thejacobkantor,https://www.linkedin.com/in/jamiecoch
Jacob Kantor,Jed Ng,"5/10/26, 9:30 PM",,OUTGOING,https://www.linkedin.com/in/thejacobkantor,https://www.linkedin.com/in/jednghk
Jacob Kantor,Charlsie Wigley,"5/10/26, 9:29 PM",,OUTGOING,https://www.linkedin.com/in/thejacobkantor,https://www.linkedin.com/in/charlsie-wigley-teaches
Jacob Kantor,Ilya Goldin,"5/10/26, 9:29 PM",,OUTGOING,https://www.linkedin.com/in/thejacobkantor,https://www.linkedin.com/in/ilyagoldin
Jacob Kantor,Samuel Butcher,"5/10/26, 9:30 PM",,OUTGOING,https://www.linkedin.com/in/thejacobkantor,https://www.linkedin.com/in/samuelbutcher
Jacob Kantor,Mark Munro,"5/10/26, 9:29 PM",,OUTGOING,https://www.linkedin.com/in/thejacobkantor,https://www.linkedin.com/in/markmunro
Jacob Kantor,Rebecca Larson,"5/10/26, 9:30 PM",,OUTGOING,https://www.linkedin.com/in/thejacobkantor,https://www.linkedin.com/in/rebecca-larson-4329163bb
Jacob Kantor,Melissa Lim,"5/10/26, 9:29 PM",,OUTGOING,https://www.linkedin.com/in/thejacobkantor,https://www.linkedin.com/in/melissa-lim-pdx
Jacob Kantor,James Thorley,"5/10/26, 9:29 PM",,OUTGOING,https://www.linkedin.com/in/thejacobkantor,https://www.linkedin.com/in/jrthorley
Jacob Kantor,Eli Hamrick,"5/10/26, 9:29 PM",,OUTGOING,https://www.linkedin.com/in/thejacobkantor,https://www.linkedin.com/in/elihamrickeducates
Jacob Kantor,Wesley Nidzgorski,"5/10/26, 9:29 PM",,OUTGOING,https://www.linkedin.com/in/thejacobkantor,https://www.linkedin.com/in/wesley-nidzgorski-6278013bb
Jacob Kantor,John Shoemaker,"5/10/26, 9:29 PM",,OUTGOING,https://www.linkedin.com/in/thejacobkantor,https://www.linkedin.com/in/mrjohnshoemaker
Jacob Kantor,Claudia Garza,"5/10/26, 9:29 PM",,OUTGOING,https://www.linkedin.com/in/thejacobkantor,https://www.linkedin.com/in/claudia-garza-934720270
Jacob Kantor,Bill Hunka,"5/10/26, 9:29 PM",,OUTGOING,https://www.linkedin.com/in/thejacobkantor,https://www.linkedin.com/in/billhunka
Jacob Kantor,Paul Atherton,"5/10/26, 9:29 PM",,OUTGOING,https://www.linkedin.com/in/thejacobkantor,https://www.linkedin.com/in/paul-atherton-1796533
Jacob Kantor,Will Finlayson,"5/10/26, 9:29 PM",,OUTGOING,https://www.linkedin.com/in/thejacobkantor,https://www.linkedin.com/in/will-finlayson
Jacob Kantor,Hannah Martyr,"5/10/26, 9:29 PM",,OUTGOING,https://www.linkedin.com/in/thejacobkantor,https://www.linkedin.com/in/hannah-martyr-867822362
Jacob Kantor,Charlotte Bleakley,"5/10/26, 9:29 PM",,OUTGOING,https://www.linkedin.com/in/thejacobkantor,https://www.linkedin.com/in/charlotte-bleakley
Jacob Kantor,Hannah Senel-Walp,"5/10/26, 9:29 PM",,OUTGOING,https://www.linkedin.com/in/thejacobkantor,https://www.linkedin.com/in/hannahsenel-walp
Jacob Kantor,Fergal Turner,"5/10/26, 9:29 PM",,OUTGOING,https://www.linkedin.com/in/thejacobkantor,https://www.linkedin.com/in/fergalturner
Jacob Kantor,Alan Harrison,"5/10/26, 9:28 PM",,OUTGOING,https://www.linkedin.com/in/thejacobkantor,https://www.linkedin.com/in/alanjharrison
Jacob Kantor,Linda Drexel,"5/10/26, 9:29 PM",,OUTGOING,https://www.linkedin.com/in/thejacobkantor,https://www.linkedin.com/in/linda-drexel
Jacob Kantor,Erin Lewis,"5/10/26, 9:28 PM",,OUTGOING,https://www.linkedin.com/in/thejacobkantor,https://www.linkedin.com/in/erinrosintoski
Jacob Kantor,Gareth Hancock,"5/10/26, 9:28 PM",,OUTGOING,https://www.linkedin.com/in/thejacobkantor,https://www.linkedin.com/in/gareth-hancock-7032831
Jacob Kantor,Ben Grossman,"5/10/26, 9:28 PM",,OUTGOING,https://www.linkedin.com/in/thejacobkantor,https://www.linkedin.com/in/ben-grossman-017320101
Jacob Kantor,Molly Perry,"5/10/26, 9:28 PM",,OUTGOING,https://www.linkedin.com/in/thejacobkantor,https://www.linkedin.com/in/molly-perryid
Jacob Kantor,E Shen,"5/10/26, 9:28 PM",,OUTGOING,https://www.linkedin.com/in/thejacobkantor,https://www.linkedin.com/in/e-shen-49aa3434
Jacob Kantor,Katherine (Katie) Ewing,"5/10/26, 9:28 PM",,OUTGOING,https://www.linkedin.com/in/thejacobkantor,https://www.linkedin.com/in/katherine-katie-ewing-639664104
Jacob Kantor,"Megan Imundo, PhD","5/10/26, 9:28 PM",,OUTGOING,https://www.linkedin.com/in/thejacobkantor,https://www.linkedin.com/in/megan-imundo
Jacob Kantor,"Deanna L. Webb, Ed.D","5/10/26, 9:28 PM",,OUTGOING,https://www.linkedin.com/in/thejacobkantor,https://www.linkedin.com/in/deanna-l-webb-ed-d-ba1b7737
Jacob Kantor,Ranjini Jamie Fonseka,"5/10/26, 9:28 PM",,OUTGOING,https://www.linkedin.com/in/thejacobkantor,https://www.linkedin.com/in/ranjini-jamie-fonseka-62362269
Jacob Kantor,"Thomas Boose, MBA, FMVA, CSSBB","5/10/26, 9:28 PM",,OUTGOING,https://www.linkedin.com/in/thejacobkantor,https://www.linkedin.com/in/thomas-boose
Jacob Kantor,Matt Stiegemeyer,"5/10/26, 9:28 PM",,OUTGOING,https://www.linkedin.com/in/thejacobkantor,https://www.linkedin.com/in/matt-stiegemeyer-a8610936
Jacob Kantor,Amanda Gravette,"5/10/26, 9:27 PM",,OUTGOING,https://www.linkedin.com/in/thejacobkantor,https://www.linkedin.com/in/amanda-gravette-b488b73b3
Jacob Kantor,Raquel (Payton) Childs,"5/10/26, 9:27 PM",,OUTGOING,https://www.linkedin.com/in/thejacobkantor,https://www.linkedin.com/in/raquel-payton-childs-30551aaa
Jacob Kantor,Mark Smith,"5/10/26, 9:27 PM",,OUTGOING,https://www.linkedin.com/in/thejacobkantor,https://www.linkedin.com/in/smithmath
Jacob Kantor,"Kathy Pencek Harbaugh, RCE, ePro, AHWD, C2EX","5/10/26, 9:27 PM",,OUTGOING,https://www.linkedin.com/in/thejacobkantor,https://www.linkedin.com/in/kathyharbaugh
Jacob Kantor,Steven Bash,"5/10/26, 9:27 PM",,OUTGOING,https://www.linkedin.com/in/thejacobkantor,https://www.linkedin.com/in/stevenbash
Jacob Kantor,Joel Spinney,"5/10/26, 9:28 PM",,OUTGOING,https://www.linkedin.com/in/thejacobkantor,https://www.linkedin.com/in/joel-spinney-17630746
Jacob Kantor,Sonya Hince,"5/10/26, 9:27 PM",,OUTGOING,https://www.linkedin.com/in/thejacobkantor,https://www.linkedin.com/in/sonyahince
Jacob Kantor,Michelle Cruver,"5/10/26, 9:27 PM",,OUTGOING,https://www.linkedin.com/in/thejacobkantor,https://www.linkedin.com/in/mjcruver
Jacob Kantor,Charlie Looper,"5/10/26, 9:28 PM",,OUTGOING,https://www.linkedin.com/in/thejacobkantor,https://www.linkedin.com/in/charlie-looper-04020680
Jacob Kantor,Cortny Lyon ,"5/10/26, 9:27 PM",,OUTGOING,https://www.linkedin.com/in/thejacobkantor,https://www.linkedin.com/in/cortny-lyon-79727617
Jacob Kantor,Lisa Baker Heaton,"5/10/26, 9:27 PM",,OUTGOING,https://www.linkedin.com/in/thejacobkantor,https://www.linkedin.com/in/lisabakerheaton
Jacob Kantor,Todd Tulgestke,"5/10/26, 9:27 PM",,OUTGOING,https://www.linkedin.com/in/thejacobkantor,https://www.linkedin.com/in/todd-tulgestke
Jacob Kantor,Wendy Johnson,"5/10/26, 9:27 PM",,OUTGOING,https://www.linkedin.com/in/thejacobkantor,https://www.linkedin.com/in/wrjohnsonmv
Jacob Kantor,Jonny Tridgell,"5/10/26, 9:27 PM",,OUTGOING,https://www.linkedin.com/in/thejacobkantor,https://www.linkedin.com/in/jonny-tridgell-a56182299
Jacob Kantor,Heather Bethea,"5/10/26, 9:27 PM",,OUTGOING,https://www.linkedin.com/in/thejacobkantor,https://www.linkedin.com/in/heather-bethea-784564235
Jacob Kantor,Stephen Anderson,"5/10/26, 9:27 PM",,OUTGOING,https://www.linkedin.com/in/thejacobkantor,https://www.linkedin.com/in/stephenpa
Jacob Kantor,Shana Nash,"5/10/26, 9:27 PM",,OUTGOING,https://www.linkedin.com/in/thejacobkantor,https://www.linkedin.com/in/shananash
Jacob Kantor,Leanne Lockwood,"5/10/26, 9:27 PM",,OUTGOING,https://www.linkedin.com/in/thejacobkantor,https://www.linkedin.com/in/leannenewell
Jacob Kantor,"Andrea Tejedor, EdD","5/10/26, 9:27 PM",,OUTGOING,https://www.linkedin.com/in/thejacobkantor,https://www.linkedin.com/in/andrea-m-tejedor-edd
Jacob Kantor,Dylan Tarnowsky,"5/10/26, 9:27 PM",,OUTGOING,https://www.linkedin.com/in/thejacobkantor,https://www.linkedin.com/in/dylantarnowsky
Jacob Kantor,Deana Kalakay,"5/10/26, 9:27 PM",,OUTGOING,https://www.linkedin.com/in/thejacobkantor,https://www.linkedin.com/in/deanakalakay
Jacob Kantor,Sam Skelley,"5/10/26, 9:27 PM",,OUTGOING,https://www.linkedin.com/in/thejacobkantor,https://www.linkedin.com/in/sam-skelley-951b63234
Jacob Kantor,Melissa Benner,"5/10/26, 9:27 PM",,OUTGOING,https://www.linkedin.com/in/thejacobkantor,https://www.linkedin.com/in/melissa-benner-158a43158
Jacob Kantor,Maxim Draschinsky,"5/10/26, 9:26 PM",,OUTGOING,https://www.linkedin.com/in/thejacobkantor,https://www.linkedin.com/in/maxim-draschinsky
Jacob Kantor,Dale Lewis,"5/10/26, 9:26 PM",,OUTGOING,https://www.linkedin.com/in/thejacobkantor,https://www.linkedin.com/in/dale-lewis-7727348
Jacob Kantor,Noemí Fernández,"5/10/26, 9:26 PM",,OUTGOING,https://www.linkedin.com/in/thejacobkantor,https://www.linkedin.com/in/noemifernandez1
Jacob Kantor,Jaz Samantha Ku,"5/10/26, 9:26 PM",,OUTGOING,https://www.linkedin.com/in/thejacobkantor,https://www.linkedin.com/in/jaz-samantha-ku
Jacob Kantor,Esteban Martinez Prado,"5/10/26, 9:26 PM",,OUTGOING,https://www.linkedin.com/in/thejacobkantor,https://www.linkedin.com/in/emartinezpradodirect
Jacob Kantor,Nitin Rughoonauth,"5/10/26, 9:26 PM",,OUTGOING,https://www.linkedin.com/in/thejacobkantor,https://www.linkedin.com/in/nitinrughoonauth
Jacob Kantor,Janelle Byrne,"5/10/26, 9:26 PM",,OUTGOING,https://www.linkedin.com/in/thejacobkantor,https://www.linkedin.com/in/janelle-byrne-530854b5
Jacob Kantor,Carolyn Rhodes,"5/10/26, 9:26 PM",,OUTGOING,https://www.linkedin.com/in/thejacobkantor,https://www.linkedin.com/in/carolyn-rhodes-90632126
Jacob Kantor,Samantha German,"5/10/26, 9:26 PM",,OUTGOING,https://www.linkedin.com/in/thejacobkantor,https://www.linkedin.com/in/samanthaturcogerman
Jacob Kantor,Brandon Ng,"5/10/26, 9:26 PM",,OUTGOING,https://www.linkedin.com/in/thejacobkantor,https://www.linkedin.com/in/brandon-ng-7a214088
Jacob Kantor,Meadd Abduraman,"5/10/26, 9:26 PM",,OUTGOING,https://www.linkedin.com/in/thejacobkantor,https://www.linkedin.com/in/meadd-abduraman-295353329
Jacob Kantor,Leah Picone,"5/10/26, 9:26 PM",,OUTGOING,https://www.linkedin.com/in/thejacobkantor,https://www.linkedin.com/in/leahpicone
Jacob Kantor,John Robinson Ed.D,"5/10/26, 9:26 PM",,OUTGOING,https://www.linkedin.com/in/thejacobkantor,https://www.linkedin.com/in/john-robinson-ed-d-50932718
Jacob Kantor,Walt Warner,"5/10/26, 9:26 PM",,OUTGOING,https://www.linkedin.com/in/thejacobkantor,https://www.linkedin.com/in/walt-warner-50761b26
Jacob Kantor,"Meredith White, MS, MJ","5/10/26, 9:26 PM",,OUTGOING,https://www.linkedin.com/in/thejacobkantor,https://www.linkedin.com/in/meredith-white-ms-mj-8b55a6b5
Jacob Kantor,Carrie Randolph,"5/10/26, 9:25 PM",,OUTGOING,https://www.linkedin.com/in/thejacobkantor,https://www.linkedin.com/in/randolphcs
Jacob Kantor,Julie Petersen,"5/10/26, 9:25 PM",,OUTGOING,https://www.linkedin.com/in/thejacobkantor,https://www.linkedin.com/in/jmlpetersen
Jacob Kantor,Jess Whitehead,"5/10/26, 9:10 PM",,OUTGOING,https://www.linkedin.com/in/thejacobkantor,https://www.linkedin.com/in/jessica-whitehead123
Jacob Kantor,Colin Chen,"5/10/26, 9:10 PM",,OUTGOING,https://www.linkedin.com/in/thejacobkantor,https://www.linkedin.com/in/colinccc27
Jacob Kantor,"🍚Ben Sze, CFA MAICD","5/10/26, 9:10 PM",,OUTGOING,https://www.linkedin.com/in/thejacobkantor,https://www.linkedin.com/in/bensze1
Jacob Kantor,Sarah Couche,"5/10/26, 9:10 PM",,OUTGOING,https://www.linkedin.com/in/thejacobkantor,https://www.linkedin.com/in/sarahcouche
Jacob Kantor,Shyam Singh Nathawat,"5/10/26, 9:09 PM",,OUTGOING,https://www.linkedin.com/in/thejacobkantor,https://www.linkedin.com/in/shyam-singh-nathawat-a2045524
Jacob Kantor,Sandeep Katta,"5/10/26, 9:09 PM",,OUTGOING,https://www.linkedin.com/in/thejacobkantor,https://www.linkedin.com/in/sandeep-katta-825026a
Jacob Kantor,Silvia Oviedo Lopez,"5/10/26, 9:07 PM",,OUTGOING,https://www.linkedin.com/in/thejacobkantor,https://www.linkedin.com/in/silviaoviedo
Jacob Kantor,Lauren Michaels,"5/10/26, 9:07 PM",,OUTGOING,https://www.linkedin.com/in/thejacobkantor,https://www.linkedin.com/in/lauren-michaels
Jacob Kantor,Siddhartha Dabral,"5/10/26, 9:07 PM",,OUTGOING,https://www.linkedin.com/in/thejacobkantor,https://www.linkedin.com/in/siddharthadabral
Jacob Kantor,Paul Humphreys,"5/10/26, 9:06 PM",,OUTGOING,https://www.linkedin.com/in/thejacobkantor,https://www.linkedin.com/in/paulthumphreys
Jacob Kantor,John Wilkinson,"5/10/26, 9:06 PM",,OUTGOING,https://www.linkedin.com/in/thejacobkantor,https://www.linkedin.com/in/john-wilkinson-305323
Jacob Kantor,Tuely Robins,"5/10/26, 9:05 PM",,OUTGOING,https://www.linkedin.com/in/thejacobkantor,https://www.linkedin.com/in/tuely
Jacob Kantor,Alison Callender,"5/10/26, 9:06 PM",,OUTGOING,https://www.linkedin.com/in/thejacobkantor,https://www.linkedin.com/in/alison-callender
Jacob Kantor,Matt Zytaruk,"5/10/26, 9:05 PM",,OUTGOING,https://www.linkedin.com/in/thejacobkantor,https://www.linkedin.com/in/matt-zytaruk-1a33313
Jacob Kantor,Ryan A.,"5/10/26, 9:04 PM",,OUTGOING,https://www.linkedin.com/in/thejacobkantor,https://www.linkedin.com/in/rwashton
Jacob Kantor,Giuseppe Simpatico,"5/10/26, 9:04 PM",,OUTGOING,https://www.linkedin.com/in/thejacobkantor,https://www.linkedin.com/in/giuseppesimpatico
Jacob Kantor,Diana Stettner,"5/10/26, 9:04 PM",,OUTGOING,https://www.linkedin.com/in/thejacobkantor,https://www.linkedin.com/in/stettnerdiana
Jacob Kantor,Rain Silverman,"5/7/26, 7:11 AM",,OUTGOING,https://www.linkedin.com/in/thejacobkantor,https://www.linkedin.com/in/rain-silverman-b53145326
Jacob Kantor,Lisa Luly,"5/7/26, 7:11 AM",,OUTGOING,https://www.linkedin.com/in/thejacobkantor,https://www.linkedin.com/in/lisa-luly
Jacob Kantor,Harish kumar,"5/7/26, 7:10 AM",,OUTGOING,https://www.linkedin.com/in/thejacobkantor,https://www.linkedin.com/in/harish-kumar-4731a137b
Jacob Kantor,Mark Soberman,"5/7/26, 7:11 AM",,OUTGOING,https://www.linkedin.com/in/thejacobkantor,https://www.linkedin.com/in/marksobermanmdmba
Jacob Kantor,Dr. Vincent Lozupone,"5/7/26, 7:10 AM",,OUTGOING,https://www.linkedin.com/in/thejacobkantor,https://www.linkedin.com/in/vincentlozupone
Jacob Kantor,Kathi Wilson,"5/7/26, 7:11 AM",,OUTGOING,https://www.linkedin.com/in/thejacobkantor,https://www.linkedin.com/in/kathi-wilson-02ab751a8
Jacob Kantor,Moshe Tessone,"5/7/26, 7:10 AM",,OUTGOING,https://www.linkedin.com/in/thejacobkantor,https://www.linkedin.com/in/moshetessone
Jacob Kantor,Alec Urban,"5/7/26, 7:10 AM",,OUTGOING,https://www.linkedin.com/in/thejacobkantor,https://www.linkedin.com/in/alec-urban-0b778426b
Jacob Kantor,Chris  Doyle,"5/7/26, 7:10 AM",,OUTGOING,https://www.linkedin.com/in/thejacobkantor,https://www.linkedin.com/in/chris-doyle-b4820b233
Jacob Kantor,Noopur Zambare,"5/7/26, 7:10 AM",,OUTGOING,https://www.linkedin.com/in/thejacobkantor,https://www.linkedin.com/in/noopur-zambare
Jacob Kantor,Dr. Andria Stokes,"5/7/26, 7:10 AM",,OUTGOING,https://www.linkedin.com/in/thejacobkantor,https://www.linkedin.com/in/dr-andria-stokes
Jacob Kantor,Emma Wilde,"5/7/26, 7:10 AM",,OUTGOING,https://www.linkedin.com/in/thejacobkantor,https://www.linkedin.com/in/emma-wilde-910995386
Jacob Kantor,Mindy Melgar,"5/6/26, 8:23 PM",,OUTGOING,https://www.linkedin.com/in/thejacobkantor,https://www.linkedin.com/in/mindy-melgar-ab778a66
Jacob Kantor,Jennifer Chan,"5/6/26, 8:21 PM",,OUTGOING,https://www.linkedin.com/in/thejacobkantor,https://www.linkedin.com/in/jennifer-carrie-chan
Jacob Kantor,"Shawn A. Smith, Ph.D.","5/6/26, 8:06 PM",,OUTGOING,https://www.linkedin.com/in/thejacobkantor,https://www.linkedin.com/in/shawn-a-smith-ph-d-0a505775
Jacob Kantor,Seyma Acet,"5/6/26, 8:06 PM",,OUTGOING,https://www.linkedin.com/in/thejacobkantor,https://www.linkedin.com/in/seymaacet
Jacob Kantor,Jacob Lopez,"5/6/26, 8:06 PM",,OUTGOING,https://www.linkedin.com/in/thejacobkantor,https://www.linkedin.com/in/jacob-lopez-574232346
Jacob Kantor,Jason Eyre,"5/6/26, 8:05 PM",,OUTGOING,https://www.linkedin.com/in/thejacobkantor,https://www.linkedin.com/in/jason-eyre-b82470a
Jacob Kantor,Robert E. Moss III,"5/6/26, 8:05 PM",,OUTGOING,https://www.linkedin.com/in/thejacobkantor,https://www.linkedin.com/in/robert-e-moss-iii-23367041
Jacob Kantor,Abdur Rafay Faisal,"5/6/26, 6:51 PM",,OUTGOING,https://www.linkedin.com/in/thejacobkantor,https://www.linkedin.com/in/abdur-rafay-f-8a4925352
Jacob Kantor,Courtney Scott,"5/6/26, 6:51 PM",,OUTGOING,https://www.linkedin.com/in/thejacobkantor,https://www.linkedin.com/in/courtneyreneescott
Jacob Kantor,Janet Foutch,"5/6/26, 6:52 PM",,OUTGOING,https://www.linkedin.com/in/thejacobkantor,https://www.linkedin.com/in/janet-foutch-40b66b55
Jacob Kantor,Shereen Aly,"5/6/26, 6:52 PM",,OUTGOING,https://www.linkedin.com/in/thejacobkantor,https://www.linkedin.com/in/shereenalymo
Jacob Kantor,Philip Daniel Wylie,"5/6/26, 6:52 PM",,OUTGOING,https://www.linkedin.com/in/thejacobkantor,https://www.linkedin.com/in/philip-daniel-wylie-b271a59
Jacob Kantor,Kevin Randel,"5/6/26, 6:52 PM",,OUTGOING,https://www.linkedin.com/in/thejacobkantor,https://www.linkedin.com/in/kevin-randel
Jacob Kantor,Swahey Reddy,"5/6/26, 6:51 PM",,OUTGOING,https://www.linkedin.com/in/thejacobkantor,https://www.linkedin.com/in/swahey-reddy-ba4514284
Jacob Kantor,Carlos Pérez Valle,"5/6/26, 6:51 PM",,OUTGOING,https://www.linkedin.com/in/thejacobkantor,https://www.linkedin.com/in/carlospeval
Jacob Kantor,"Starla Pearson, Ph.D","5/6/26, 6:52 PM",,OUTGOING,https://www.linkedin.com/in/thejacobkantor,https://www.linkedin.com/in/starla-pearson-ph-d-203a9255
Jacob Kantor,Muralidhar Gundamanatha,"5/6/26, 6:51 PM",,OUTGOING,https://www.linkedin.com/in/thejacobkantor,https://www.linkedin.com/in/muralidhar-gundamanatha
Jacob Kantor,Katie Becker,"5/6/26, 6:51 PM",,OUTGOING,https://www.linkedin.com/in/thejacobkantor,https://www.linkedin.com/in/katie-becker-71629631b
Jacob Kantor,Kerry Western,"5/6/26, 6:37 PM",,OUTGOING,https://www.linkedin.com/in/thejacobkantor,https://www.linkedin.com/in/kerry-western
Jacob Kantor,Kay Shepherd,"5/6/26, 6:37 PM",,OUTGOING,https://www.linkedin.com/in/thejacobkantor,https://www.linkedin.com/in/kay-shepherd-178410188
Jacob Kantor,Gemma De La Cruz-Duffy,"5/6/26, 6:37 PM",,OUTGOING,https://www.linkedin.com/in/thejacobkantor,https://www.linkedin.com/in/gemduffy
Jacob Kantor,Mark Bland,"5/6/26, 6:36 PM",,OUTGOING,https://www.linkedin.com/in/thejacobkantor,https://www.linkedin.com/in/mark-bland--
Jacob Kantor,Kiran Vithal,"5/6/26, 6:36 PM",,OUTGOING,https://www.linkedin.com/in/thejacobkantor,https://www.linkedin.com/in/kiran-vithal
Jacob Kantor,Gemma Alldritt,"5/6/26, 6:36 PM",,OUTGOING,https://www.linkedin.com/in/thejacobkantor,https://www.linkedin.com/in/gemma-alldritt-62a6b839
Jacob Kantor,Emma Ferris,"5/6/26, 6:35 PM",,OUTGOING,https://www.linkedin.com/in/thejacobkantor,https://www.linkedin.com/in/emmaferris123
Jacob Kantor,Matthew Harrison,"5/6/26, 6:35 PM",,OUTGOING,https://www.linkedin.com/in/thejacobkantor,https://www.linkedin.com/in/mattdh-edu
Jacob Kantor,Rob Buck (NPQEL),"5/6/26, 6:35 PM",,OUTGOING,https://www.linkedin.com/in/thejacobkantor,https://www.linkedin.com/in/rob-buck-npqel-a730b1350
Jacob Kantor,Andrew Walls,"5/6/26, 6:32 PM",,OUTGOING,https://www.linkedin.com/in/thejacobkantor,https://www.linkedin.com/in/andrewjohnwalls
Jacob Kantor,Adam Baker,"5/6/26, 6:32 PM",,OUTGOING,https://www.linkedin.com/in/thejacobkantor,https://www.linkedin.com/in/adam-baker-8a978557
Jacob Kantor,Kevin Bromer,"5/6/26, 5:55 PM",,OUTGOING,https://www.linkedin.com/in/thejacobkantor,https://www.linkedin.com/in/kevinbromer
Jacob Kantor,Derek Johnson,"5/6/26, 5:55 PM",,OUTGOING,https://www.linkedin.com/in/thejacobkantor,https://www.linkedin.com/in/derek-johnson-4b9b519
Jacob Kantor,Allan Golston,"5/6/26, 5:55 PM",,OUTGOING,https://www.linkedin.com/in/thejacobkantor,https://www.linkedin.com/in/allan-golston
Jacob Kantor,John Lilly,"5/6/26, 5:54 PM",,OUTGOING,https://www.linkedin.com/in/thejacobkantor,https://www.linkedin.com/in/johnlilly
Jacob Kantor,Swati M.,"5/6/26, 5:54 PM",,OUTGOING,https://www.linkedin.com/in/thejacobkantor,https://www.linkedin.com/in/swatimylavarapu
Jacob Kantor,Rhett Dornbach-Bender,"5/6/26, 5:54 PM",,OUTGOING,https://www.linkedin.com/in/thejacobkantor,https://www.linkedin.com/in/rhettdornbachbender
Jacob Kantor,Sara Allan,"5/6/26, 5:54 PM",,OUTGOING,https://www.linkedin.com/in/thejacobkantor,https://www.linkedin.com/in/sara-allan-b288b94
Jacob Kantor,Ryan Rippel,"5/6/26, 5:54 PM",,OUTGOING,https://www.linkedin.com/in/thejacobkantor,https://www.linkedin.com/in/ryan-rippel-2429a591
Jacob Kantor,Callie Schwartz (Schneider),"5/6/26, 5:54 PM",,OUTGOING,https://www.linkedin.com/in/thejacobkantor,https://www.linkedin.com/in/cschneider327
Jacob Kantor,Gretchen Reiter,"5/6/26, 5:53 PM",,OUTGOING,https://www.linkedin.com/in/thejacobkantor,https://www.linkedin.com/in/gretchenreiter
Jacob Kantor,BEVERLY JORDAN,"5/6/26, 4:11 PM",,OUTGOING,https://www.linkedin.com/in/thejacobkantor,https://www.linkedin.com/in/beverly-jordan-5b9b03166
Jacob Kantor,Will Clasby,"5/6/26, 4:11 PM",,OUTGOING,https://www.linkedin.com/in/thejacobkantor,https://www.linkedin.com/in/will-clasby-9b4b0a67
Jacob Kantor,April Pollock,"5/6/26, 4:11 PM",,OUTGOING,https://www.linkedin.com/in/thejacobkantor,https://www.linkedin.com/in/april-pollock-8225b130
Jacob Kantor,Zach Keffel,"5/6/26, 4:10 PM",,OUTGOING,https://www.linkedin.com/in/thejacobkantor,https://www.linkedin.com/in/zach-keffel-061304403
Jacob Kantor,Tejasvi Yadavalli,"5/6/26, 4:11 PM",,OUTGOING,https://www.linkedin.com/in/thejacobkantor,https://www.linkedin.com/in/tejasvi-yadavalli-a0040a221
Jacob Kantor,Brandy Turner,"5/6/26, 4:11 PM",,OUTGOING,https://www.linkedin.com/in/thejacobkantor,https://www.linkedin.com/in/brandy-turner-b463a6234
Jacob Kantor,Jill Hummels,"5/6/26, 4:10 PM",,OUTGOING,https://www.linkedin.com/in/thejacobkantor,https://www.linkedin.com/in/jill-hummels-72059b2
Jacob Kantor,John Odorico,"5/6/26, 4:10 PM",,OUTGOING,https://www.linkedin.com/in/thejacobkantor,https://www.linkedin.com/in/john-odorico-a927b465
Jacob Kantor,K Elliott,"5/6/26, 4:11 PM",,OUTGOING,https://www.linkedin.com/in/thejacobkantor,https://www.linkedin.com/in/k-elliott-8813176a
Jacob Kantor,"Kim  Kulka, EdD, PMP","5/6/26, 4:10 PM",,OUTGOING,https://www.linkedin.com/in/thejacobkantor,https://www.linkedin.com/in/kim-kulka-edd-pmp
Jacob Kantor,Armin Johnson,"5/6/26, 4:11 PM",,OUTGOING,https://www.linkedin.com/in/thejacobkantor,https://www.linkedin.com/in/armin-johnson-629bb9291
Jacob Kantor,Petra Vitek,"5/6/26, 4:10 PM",,OUTGOING,https://www.linkedin.com/in/thejacobkantor,https://www.linkedin.com/in/petravitkova
Jacob Kantor,Josh Luse,"5/6/26, 4:10 PM",,OUTGOING,https://www.linkedin.com/in/thejacobkantor,https://www.linkedin.com/in/josh-luse-7b014b1
Jacob Kantor,Samsun Nahar  Khanom,"5/6/26, 4:10 PM",,OUTGOING,https://www.linkedin.com/in/thejacobkantor,https://www.linkedin.com/in/samsun-nahar-khanom-8512362a3
Jacob Kantor,"Erik Taipalus, MBA, PMP","5/6/26, 4:10 PM",,OUTGOING,https://www.linkedin.com/in/thejacobkantor,https://www.linkedin.com/in/erik-taipalus-mba-pmp
Jacob Kantor,Malinda Patton,"5/6/26, 4:10 PM",,OUTGOING,https://www.linkedin.com/in/thejacobkantor,https://www.linkedin.com/in/malinda-patton-5342371a2
Jacob Kantor,John Landi,"5/6/26, 4:10 PM",,OUTGOING,https://www.linkedin.com/in/thejacobkantor,https://www.linkedin.com/in/john-landi-92a55720a
Jacob Kantor,Ian Scott,"5/6/26, 4:10 PM",,OUTGOING,https://www.linkedin.com/in/thejacobkantor,https://www.linkedin.com/in/ianscot
Jacob Kantor,Erik Halloway,"5/6/26, 4:10 PM",,OUTGOING,https://www.linkedin.com/in/thejacobkantor,https://www.linkedin.com/in/erikhalloway
Jacob Kantor,Travis Fouche,"5/6/26, 4:10 PM",,OUTGOING,https://www.linkedin.com/in/thejacobkantor,https://www.linkedin.com/in/travis-fouche-24b8093
Jacob Kantor,Brittany T.,"5/6/26, 4:10 PM",,OUTGOING,https://www.linkedin.com/in/thejacobkantor,https://www.linkedin.com/in/brittany-t-4979358
Jacob Kantor,Darius Williams,"5/6/26, 4:09 PM",,OUTGOING,https://www.linkedin.com/in/thejacobkantor,https://www.linkedin.com/in/darius-williams-b9a02033a
Jacob Kantor,autem clay,"5/6/26, 4:10 PM",,OUTGOING,https://www.linkedin.com/in/thejacobkantor,https://www.linkedin.com/in/autem-clay-13b83839
Jacob Kantor,Brent Daigle,"5/6/26, 4:09 PM",,OUTGOING,https://www.linkedin.com/in/thejacobkantor,https://www.linkedin.com/in/brent-daigle-95290b132
Jacob Kantor,Eunsol Choi,"5/6/26, 4:10 PM",,OUTGOING,https://www.linkedin.com/in/thejacobkantor,https://www.linkedin.com/in/eunsol-choi-65a86932a
Jacob Kantor,"Kevin O'Hearn, MBA","5/6/26, 4:10 PM",,OUTGOING,https://www.linkedin.com/in/thejacobkantor,https://www.linkedin.com/in/ohearnkevin
Jacob Kantor,Yasmine Cariño,"5/6/26, 4:10 PM",,OUTGOING,https://www.linkedin.com/in/thejacobkantor,https://www.linkedin.com/in/yasmine-cariño-00025a3ba
Jacob Kantor,Yonathan Choclin,"5/6/26, 4:09 PM",,OUTGOING,https://www.linkedin.com/in/thejacobkantor,https://www.linkedin.com/in/yonathan-choclin-
Jacob Kantor,Fabian Gomez,"5/6/26, 4:10 PM",,OUTGOING,https://www.linkedin.com/in/thejacobkantor,https://www.linkedin.com/in/fabian-gomez-1043b39b
Jacob Kantor,Adib Fallahpour,"5/6/26, 12:24 PM",,OUTGOING,https://www.linkedin.com/in/thejacobkantor,https://www.linkedin.com/in/adibvafa-fallahpour
Jacob Kantor,Parsa Idehpour,"5/6/26, 12:24 PM",,OUTGOING,https://www.linkedin.com/in/thejacobkantor,https://www.linkedin.com/in/parsa-idehpour-8b0a8628a
Jacob Kantor,Nolan Koblischke,"5/6/26, 12:23 PM",,OUTGOING,https://www.linkedin.com/in/thejacobkantor,https://www.linkedin.com/in/nolankob
Jacob Kantor,Seyone Chithrananda,"5/6/26, 12:23 PM",,OUTGOING,https://www.linkedin.com/in/thejacobkantor,https://www.linkedin.com/in/seyone-chithrananda-a5974915b
Jacob Kantor,Sartaaj Khan,"5/6/26, 12:23 PM",,OUTGOING,https://www.linkedin.com/in/thejacobkantor,https://www.linkedin.com/in/sartaaj-khan-274a14179
Jacob Kantor,Amro Aswad,"5/6/26, 12:22 PM",,OUTGOING,https://www.linkedin.com/in/thejacobkantor,https://www.linkedin.com/in/amro-aswad
Jacob Kantor,Thomas Pruyn,"5/6/26, 12:22 PM",,OUTGOING,https://www.linkedin.com/in/thejacobkantor,https://www.linkedin.com/in/thomas-pruyn
Jacob Kantor,Rishab Jain,"5/6/26, 12:21 PM",,OUTGOING,https://www.linkedin.com/in/thejacobkantor,https://www.linkedin.com/in/rishab-jain-k
Jacob Kantor,Charlotte Rosario,"5/6/26, 12:21 PM",,OUTGOING,https://www.linkedin.com/in/thejacobkantor,https://www.linkedin.com/in/charlotterosario
Jacob Kantor,Ethan Truong,"5/6/26, 12:19 PM",,OUTGOING,https://www.linkedin.com/in/thejacobkantor,https://www.linkedin.com/in/ethanvtruong
Jacob Kantor,Amrita Bhasin,"5/6/26, 12:19 PM",,OUTGOING,https://www.linkedin.com/in/thejacobkantor,https://www.linkedin.com/in/amrita-bhasin
Jacob Kantor,Anshi Bhatt,"5/6/26, 12:19 PM",,OUTGOING,https://www.linkedin.com/in/thejacobkantor,https://www.linkedin.com/in/anshi-bhatt
Jacob Kantor,Zeyneb Kaya,"5/6/26, 12:19 PM",,OUTGOING,https://www.linkedin.com/in/thejacobkantor,https://www.linkedin.com/in/zeyneb-kaya
Jacob Kantor,Praja Tickoo,"5/6/26, 12:19 PM",,OUTGOING,https://www.linkedin.com/in/thejacobkantor,https://www.linkedin.com/in/praja-tickoo-008a66213
Jacob Kantor,Jack Patel,"5/6/26, 12:18 PM",,OUTGOING,https://www.linkedin.com/in/thejacobkantor,https://www.linkedin.com/in/jack-patel
Jacob Kantor,William Sanz,"5/6/26, 12:18 PM",,OUTGOING,https://www.linkedin.com/in/thejacobkantor,https://www.linkedin.com/in/williamsanz
Jacob Kantor,Daira Velasquez Fonseca,"5/6/26, 12:17 PM",,OUTGOING,https://www.linkedin.com/in/thejacobkantor,https://www.linkedin.com/in/dairavelasquez
Jacob Kantor,Crystal Yang,"5/6/26, 12:16 PM",,OUTGOING,https://www.linkedin.com/in/thejacobkantor,https://www.linkedin.com/in/crustaly
Jacob Kantor,Grace Fokam,"5/6/26, 12:16 PM",,OUTGOING,https://www.linkedin.com/in/thejacobkantor,https://www.linkedin.com/in/gracefokam
Jacob Kantor,Shraman Kar,"5/6/26, 12:15 PM",,OUTGOING,https://www.linkedin.com/in/thejacobkantor,https://www.linkedin.com/in/shraman-kar
Jacob Kantor,Fatimah Hussain,"5/6/26, 12:14 PM",,OUTGOING,https://www.linkedin.com/in/thejacobkantor,https://www.linkedin.com/in/fatimah-hussain
Jacob Kantor,Chloe Hughes,"5/6/26, 12:14 PM",,OUTGOING,https://www.linkedin.com/in/thejacobkantor,https://www.linkedin.com/in/chloeahughes
Jacob Kantor,Saeed Naeem,"5/6/26, 12:14 PM",,OUTGOING,https://www.linkedin.com/in/thejacobkantor,https://www.linkedin.com/in/saeednaeem
Jacob Kantor,Ethan Chiu,"5/6/26, 12:12 PM",,OUTGOING,https://www.linkedin.com/in/thejacobkantor,https://www.linkedin.com/in/ethanachiu
Jacob Kantor,Nolan Windham,"5/6/26, 12:10 PM",,OUTGOING,https://www.linkedin.com/in/thejacobkantor,https://www.linkedin.com/in/nolanwindham
Jacob Kantor,Rushil Kukreja,"5/6/26, 12:07 PM",,OUTGOING,https://www.linkedin.com/in/thejacobkantor,https://www.linkedin.com/in/rushil-kukreja
Jacob Kantor,Arhan Menta,"5/6/26, 12:06 PM",,OUTGOING,https://www.linkedin.com/in/thejacobkantor,https://www.linkedin.com/in/arhanmenta
Jacob Kantor,Nayel Rehman,"5/6/26, 12:06 PM",,OUTGOING,https://www.linkedin.com/in/thejacobkantor,https://www.linkedin.com/in/nayelrehman
Jacob Kantor,Kyle Scenna,"5/6/26, 12:05 PM",,OUTGOING,https://www.linkedin.com/in/thejacobkantor,https://www.linkedin.com/in/kyle-scenna-2776b3202
Jacob Kantor,Michelle Lawson,"5/6/26, 12:04 PM",,OUTGOING,https://www.linkedin.com/in/thejacobkantor,https://www.linkedin.com/in/michelle-o-lawson
Jacob Kantor,Celeste Amadon,"5/6/26, 12:03 PM",,OUTGOING,https://www.linkedin.com/in/thejacobkantor,https://www.linkedin.com/in/celeste-amadon
Jacob Kantor,Asher Allen,"5/6/26, 12:03 PM",,OUTGOING,https://www.linkedin.com/in/thejacobkantor,https://www.linkedin.com/in/asher-allen
Jacob Kantor,Jamie Palmer,"5/6/26, 12:03 PM",,OUTGOING,https://www.linkedin.com/in/thejacobkantor,https://www.linkedin.com/in/palmer-jamie
Jacob Kantor,Ethan Barajas,"5/6/26, 12:02 PM",,OUTGOING,https://www.linkedin.com/in/thejacobkantor,https://www.linkedin.com/in/ethan-barajas
Jacob Kantor,Tara Goldsbury,"5/6/26, 11:55 AM",,OUTGOING,https://www.linkedin.com/in/thejacobkantor,https://www.linkedin.com/in/tara-goldsbury-71474822b
Jacob Kantor,Tina Huynh,"5/6/26, 11:55 AM",,OUTGOING,https://www.linkedin.com/in/thejacobkantor,https://www.linkedin.com/in/tina-huynh-ab9b5b212
Jacob Kantor,Michael Lisella,"5/6/26, 11:55 AM",,OUTGOING,https://www.linkedin.com/in/thejacobkantor,https://www.linkedin.com/in/michael-lisella-b55638285
Jacob Kantor,Jennifer Dunn,"5/6/26, 11:55 AM",,OUTGOING,https://www.linkedin.com/in/thejacobkantor,https://www.linkedin.com/in/jennifer-dunn-356a5bb
Jacob Kantor,Zach Marinov,"5/6/26, 11:55 AM",,OUTGOING,https://www.linkedin.com/in/thejacobkantor,https://www.linkedin.com/in/zachmarinov
Jacob Kantor,"Nitika Sharma, PhD","5/6/26, 11:37 AM",,OUTGOING,https://www.linkedin.com/in/thejacobkantor,https://www.linkedin.com/in/nitika-sharma-phd-8377a736
Jacob Kantor,Gabrielle Brown,"5/6/26, 11:34 AM",,OUTGOING,https://www.linkedin.com/in/thejacobkantor,https://www.linkedin.com/in/gabrielle-brown-16781510b
Jacob Kantor,Jeff Hoffman,"5/6/26, 11:34 AM",,OUTGOING,https://www.linkedin.com/in/thejacobkantor,https://www.linkedin.com/in/jeffh77
Jacob Kantor,Payne Yoder,"5/6/26, 11:34 AM",,OUTGOING,https://www.linkedin.com/in/thejacobkantor,https://www.linkedin.com/in/payne-yoder
Jacob Kantor,Tyler C. Allen,"5/6/26, 11:33 AM",,OUTGOING,https://www.linkedin.com/in/thejacobkantor,https://www.linkedin.com/in/tylercallen
Jacob Kantor,David Nagy,"5/6/26, 11:34 AM",,OUTGOING,https://www.linkedin.com/in/thejacobkantor,https://www.linkedin.com/in/david-nagy-b91229174
Jacob Kantor,Vince Moore,"5/6/26, 11:33 AM",,OUTGOING,https://www.linkedin.com/in/thejacobkantor,https://www.linkedin.com/in/vincemoore76424
Jacob Kantor,Brady Archibald,"5/6/26, 11:34 AM",,OUTGOING,https://www.linkedin.com/in/thejacobkantor,https://www.linkedin.com/in/brady-archibald-358ab017a
Jacob Kantor,Maegan Slone,"5/6/26, 11:34 AM",,OUTGOING,https://www.linkedin.com/in/thejacobkantor,https://www.linkedin.com/in/maegan-slone-861008155
Jacob Kantor,Heather Colwell,"5/6/26, 11:34 AM",,OUTGOING,https://www.linkedin.com/in/thejacobkantor,https://www.linkedin.com/in/heather-colwell-education
Jacob Kantor,"Joseph Mauko B.S., ITIL","5/6/26, 11:34 AM",,OUTGOING,https://www.linkedin.com/in/thejacobkantor,https://www.linkedin.com/in/joseph-mauko-b-s-itil-a296645b
Jacob Kantor,Kaylee Smith,"5/6/26, 11:33 AM",,OUTGOING,https://www.linkedin.com/in/thejacobkantor,https://www.linkedin.com/in/kaylee-smith-363380330
Jacob Kantor,marlis kruschwitz,"5/6/26, 11:33 AM",,OUTGOING,https://www.linkedin.com/in/thejacobkantor,https://www.linkedin.com/in/marlis-kruschwitz-134a3b53
Jacob Kantor,Trevor Davies,"5/6/26, 11:34 AM",,OUTGOING,https://www.linkedin.com/in/thejacobkantor,https://www.linkedin.com/in/trevor-davies-aa50b57a
Jacob Kantor,Richard Chiromo,"5/6/26, 11:33 AM",,OUTGOING,https://www.linkedin.com/in/thejacobkantor,https://www.linkedin.com/in/richard-chiromo-a1a1863b4
Jacob Kantor,Dawn Billings Blake,"5/6/26, 11:34 AM",,OUTGOING,https://www.linkedin.com/in/thejacobkantor,https://www.linkedin.com/in/dawn-billings-blake-013553129
Jacob Kantor,Mike Bailey,"5/6/26, 11:33 AM",,OUTGOING,https://www.linkedin.com/in/thejacobkantor,https://www.linkedin.com/in/mtbailey
Jacob Kantor,Vanessa Holtz,"5/6/26, 11:33 AM",,OUTGOING,https://www.linkedin.com/in/thejacobkantor,https://www.linkedin.com/in/vholtz
Jacob Kantor,Dan Kopperud Ed.D,"5/6/26, 11:34 AM",,OUTGOING,https://www.linkedin.com/in/thejacobkantor,https://www.linkedin.com/in/dan-kopperud
Jacob Kantor,Agnes Bannigan,"5/6/26, 11:33 AM",,OUTGOING,https://www.linkedin.com/in/thejacobkantor,https://www.linkedin.com/in/agnes-bannigan-6a2b0612
Jacob Kantor,Hilda Bartlett,"5/6/26, 11:34 AM",,OUTGOING,https://www.linkedin.com/in/thejacobkantor,https://www.linkedin.com/in/hilda-bartlett-008b6a57
Jacob Kantor,AR Olumakin,"5/6/26, 11:33 AM",,OUTGOING,https://www.linkedin.com/in/thejacobkantor,https://www.linkedin.com/in/ar-olumakin-90b36a27b
Jacob Kantor,"Cory Phillips, CISSP, M.S. Cybersecurity","5/6/26, 11:33 AM",,OUTGOING,https://www.linkedin.com/in/thejacobkantor,https://www.linkedin.com/in/cory-phillips-cissp-m-s-cybersecurity-70285240
Jacob Kantor,Mindy Maeder,"5/6/26, 11:33 AM",,OUTGOING,https://www.linkedin.com/in/thejacobkantor,https://www.linkedin.com/in/mindy-maeder-028b9623a
Jacob Kantor,Paul Knox,"5/6/26, 11:33 AM",,OUTGOING,https://www.linkedin.com/in/thejacobkantor,https://www.linkedin.com/in/paul-knox-a818033b3
Jacob Kantor,Alyssa Gino,"5/6/26, 11:33 AM",,OUTGOING,https://www.linkedin.com/in/thejacobkantor,https://www.linkedin.com/in/alyssa-gino-6324ba175
Jacob Kantor,Trayvon McCalib,"5/6/26, 11:33 AM",,OUTGOING,https://www.linkedin.com/in/thejacobkantor,https://www.linkedin.com/in/trayvon-mccalib-99678435b
Jacob Kantor,Mark Sprague,"5/6/26, 11:33 AM",,OUTGOING,https://www.linkedin.com/in/thejacobkantor,https://www.linkedin.com/in/mark-sprague-751ba260
Jacob Kantor,Andrew McLean,"5/6/26, 11:33 AM",,OUTGOING,https://www.linkedin.com/in/thejacobkantor,https://www.linkedin.com/in/andrew-mclean-075992108
Jacob Kantor,Jerome Graham,"5/6/26, 11:33 AM",,OUTGOING,https://www.linkedin.com/in/thejacobkantor,https://www.linkedin.com/in/jerome-graham-43081278
Jacob Kantor,Jaimee Ferreira,"5/6/26, 11:33 AM",,OUTGOING,https://www.linkedin.com/in/thejacobkantor,https://www.linkedin.com/in/jaimee-ferreira-6b86052aa
Jacob Kantor,Mandi Sullivan,"5/6/26, 11:33 AM",,OUTGOING,https://www.linkedin.com/in/thejacobkantor,https://www.linkedin.com/in/mandi-sullivan-412a0aa0
Jacob Kantor,Tim Daly,"5/6/26, 11:33 AM",,OUTGOING,https://www.linkedin.com/in/thejacobkantor,https://www.linkedin.com/in/tim-daly-1629262
Jacob Kantor,Erin Ellis,"5/6/26, 11:33 AM",,OUTGOING,https://www.linkedin.com/in/thejacobkantor,https://www.linkedin.com/in/erin-ellis-709440240
Jacob Kantor,Alexey Grishakov,"5/6/26, 11:33 AM",,OUTGOING,https://www.linkedin.com/in/thejacobkantor,https://www.linkedin.com/in/alexey-grishakov-642a87266
Jacob Kantor,David Svedlow,"5/6/26, 11:14 AM",,OUTGOING,https://www.linkedin.com/in/thejacobkantor,https://www.linkedin.com/in/davidsvedlow
Jacob Kantor,Megan Dusenbery,"5/6/26, 11:13 AM",,OUTGOING,https://www.linkedin.com/in/thejacobkantor,https://www.linkedin.com/in/megan-dusenbery-7320793a
Jacob Kantor,Emeka Nti,"5/6/26, 11:13 AM",,OUTGOING,https://www.linkedin.com/in/thejacobkantor,https://www.linkedin.com/in/emeka-nti-240b875
Jacob Kantor,Sarah Ledon,"5/6/26, 11:13 AM",,OUTGOING,https://www.linkedin.com/in/thejacobkantor,https://www.linkedin.com/in/sarahledon
Jacob Kantor,Gustavo Brizuela,"5/6/26, 6:12 AM",,OUTGOING,https://www.linkedin.com/in/thejacobkantor,https://www.linkedin.com/in/gustavo-brizuela-87344866
Jacob Kantor,Adrian Gonzalez-Pacheco,"5/5/26, 9:27 PM",,OUTGOING,https://www.linkedin.com/in/thejacobkantor,https://www.linkedin.com/in/adrian-gonzalez-pacheco-209347138
Jacob Kantor,"Tara Francis, M.S.","5/5/26, 8:15 PM",,OUTGOING,https://www.linkedin.com/in/thejacobkantor,https://www.linkedin.com/in/tara-francis
Jacob Kantor,Windley Morley,"5/5/26, 8:08 PM",,OUTGOING,https://www.linkedin.com/in/thejacobkantor,https://www.linkedin.com/in/windley-morley
Jacob Kantor,Oralia Berardino,"5/5/26, 8:05 PM",,OUTGOING,https://www.linkedin.com/in/thejacobkantor,https://www.linkedin.com/in/oralia-berardino-2685ba9a
Jacob Kantor,Stuart Gordon,"5/5/26, 8:05 PM",,OUTGOING,https://www.linkedin.com/in/thejacobkantor,https://www.linkedin.com/in/stuart-gordon-1860086b
Jacob Kantor,Michael Collins,"5/5/26, 7:25 PM",,OUTGOING,https://www.linkedin.com/in/thejacobkantor,https://www.linkedin.com/in/michael-collins-cte
Jacob Kantor,Lily Arias Duval,"5/5/26, 7:25 PM",,OUTGOING,https://www.linkedin.com/in/thejacobkantor,https://www.linkedin.com/in/lily-arias-duval-b243001a
Jacob Kantor,Krista Glazewski,"5/5/26, 6:43 PM",,OUTGOING,https://www.linkedin.com/in/thejacobkantor,https://www.linkedin.com/in/krista-glazewski
Jacob Kantor,Marc Elliott,"5/5/26, 6:42 PM",,OUTGOING,https://www.linkedin.com/in/thejacobkantor,https://www.linkedin.com/in/marcelliott68
Jacob Kantor,Eric Hileman,"5/5/26, 6:42 PM",,OUTGOING,https://www.linkedin.com/in/thejacobkantor,https://www.linkedin.com/in/erichileman
Jacob Kantor,Rachel Wente-Chaney,"5/5/26, 6:40 PM",,OUTGOING,https://www.linkedin.com/in/thejacobkantor,https://www.linkedin.com/in/rwentechaney
Jacob Kantor,Charlie Croft,"5/5/26, 8:56 AM",,OUTGOING,https://www.linkedin.com/in/thejacobkantor,https://www.linkedin.com/in/charlie-croft-91398b152
Jacob Kantor,Manish Chawla,"5/5/26, 6:07 AM",,OUTGOING,https://www.linkedin.com/in/thejacobkantor,https://www.linkedin.com/in/manishchawla1
Jacob Kantor,Joshua Fidalgo Abreu,"5/5/26, 6:07 AM",,OUTGOING,https://www.linkedin.com/in/thejacobkantor,https://www.linkedin.com/in/joshua-fidalgo-abreu-417964121
Jacob Kantor,"Sandra Stewart, MBA","5/5/26, 6:07 AM",,OUTGOING,https://www.linkedin.com/in/thejacobkantor,https://www.linkedin.com/in/sandra-stewart-mba-33b7aa5
Jacob Kantor,Jody Sailor,"5/4/26, 9:01 PM",,OUTGOING,https://www.linkedin.com/in/thejacobkantor,https://www.linkedin.com/in/jody-sailor-044b13120
Jacob Kantor,Cisco Vicent,"5/4/26, 9:00 PM",,OUTGOING,https://www.linkedin.com/in/thejacobkantor,https://www.linkedin.com/in/francisco-vicent
Jacob Kantor,Emily Fiedler,"5/4/26, 9:00 PM",,OUTGOING,https://www.linkedin.com/in/thejacobkantor,https://www.linkedin.com/in/emilyfiedler
Jacob Kantor,Joseph Wise,"5/4/26, 2:53 PM",,OUTGOING,https://www.linkedin.com/in/thejacobkantor,https://www.linkedin.com/in/joseph-wise-8904b015
Jacob Kantor,Jason Zocks,"5/4/26, 1:41 PM",,OUTGOING,https://www.linkedin.com/in/thejacobkantor,https://www.linkedin.com/in/jz70
Jacob Kantor,Bharathi Kakilate,"5/4/26, 1:41 PM",,OUTGOING,https://www.linkedin.com/in/thejacobkantor,https://www.linkedin.com/in/themotivated
Jacob Kantor,Simone Bachaud,"5/4/26, 1:10 PM",,OUTGOING,https://www.linkedin.com/in/thejacobkantor,https://www.linkedin.com/in/simonebachaud
Jacob Kantor,"Shawn Bird, Ed.D.","5/4/26, 9:45 AM",,OUTGOING,https://www.linkedin.com/in/thejacobkantor,https://www.linkedin.com/in/shawn-bird-ed-d-36106417
Jacob Kantor,"Ashley Smigiel, M.A. CCC-SLP","5/4/26, 9:45 AM",,OUTGOING,https://www.linkedin.com/in/thejacobkantor,https://www.linkedin.com/in/ashley-smigiel-m-a-ccc-slp-59627273
Jacob Kantor,Christine Schieferle,"5/4/26, 9:44 AM",,OUTGOING,https://www.linkedin.com/in/thejacobkantor,https://www.linkedin.com/in/christine-schieferle-b58572a8
Jacob Kantor,Aditya Purohit,"5/4/26, 8:21 AM",,OUTGOING,https://www.linkedin.com/in/thejacobkantor,https://www.linkedin.com/in/adityapurohit-ai
Jacob Kantor,Jay Fox,"5/4/26, 8:21 AM",,OUTGOING,https://www.linkedin.com/in/thejacobkantor,https://www.linkedin.com/in/jayfoxdesigner
Jacob Kantor,Dave Krongard,"5/4/26, 8:21 AM",,OUTGOING,https://www.linkedin.com/in/thejacobkantor,https://www.linkedin.com/in/dave-krongard-29a54316
Jacob Kantor,Fahad Mahmood,"5/4/26, 8:21 AM",,OUTGOING,https://www.linkedin.com/in/thejacobkantor,https://www.linkedin.com/in/fahad-mahmood-736169184
Jacob Kantor,Erin Dutter,"5/4/26, 8:21 AM",,OUTGOING,https://www.linkedin.com/in/thejacobkantor,https://www.linkedin.com/in/erin-dutter
Jacob Kantor,Gurpreet Chandna,"5/4/26, 8:21 AM",,OUTGOING,https://www.linkedin.com/in/thejacobkantor,https://www.linkedin.com/in/gurpreet-chandna-a92a00b0
Jacob Kantor,Claudio Camilo,"5/4/26, 8:21 AM",,OUTGOING,https://www.linkedin.com/in/thejacobkantor,https://www.linkedin.com/in/claudio-camilo
Jacob Kantor,Peter Laipson,"5/4/26, 6:57 AM",,OUTGOING,https://www.linkedin.com/in/thejacobkantor,https://www.linkedin.com/in/peterlaipson
Jacob Kantor,Dr. Sonia Wilson,"5/3/26, 10:19 PM",,OUTGOING,https://www.linkedin.com/in/thejacobkantor,https://www.linkedin.com/in/dr-sonia-wilson-91b9b514b
Jacob Kantor,"Julie Ton Fercho, Ph.D.","5/3/26, 9:28 PM",,OUTGOING,https://www.linkedin.com/in/thejacobkantor,https://www.linkedin.com/in/julie-ton-fercho-ph-d-269213221
Jacob Kantor,"Pamela Villalba, Ed. D.","5/3/26, 8:39 PM",,OUTGOING,https://www.linkedin.com/in/thejacobkantor,https://www.linkedin.com/in/pamela-villalba-ed-d-125419173
Jacob Kantor,Christopher Aristo,"5/3/26, 5:52 PM",,OUTGOING,https://www.linkedin.com/in/thejacobkantor,https://www.linkedin.com/in/chrisaristo
Jacob Kantor,Anatoly Doubrovny,"5/3/26, 5:52 PM",,OUTGOING,https://www.linkedin.com/in/thejacobkantor,https://www.linkedin.com/in/anatoly-doubrovny-629b9090
Jacob Kantor,Sidiki Sanoh,"5/3/26, 3:38 PM",,OUTGOING,https://www.linkedin.com/in/thejacobkantor,https://www.linkedin.com/in/sidiki-sanoh-a41920368
Jacob Kantor,Marissa Darlington,"5/3/26, 3:38 PM",,OUTGOING,https://www.linkedin.com/in/thejacobkantor,https://www.linkedin.com/in/marissa-darlington-73ba75126
Jacob Kantor,Maria  Reese,"5/3/26, 3:38 PM",,OUTGOING,https://www.linkedin.com/in/thejacobkantor,https://www.linkedin.com/in/mariareesepa
Jacob Kantor,Jaime Courtright,"5/3/26, 3:35 PM",,OUTGOING,https://www.linkedin.com/in/thejacobkantor,https://www.linkedin.com/in/jaime-courtright-7b0b0415
Jacob Kantor,Lisa Tarshis,"5/3/26, 3:35 PM",,OUTGOING,https://www.linkedin.com/in/thejacobkantor,https://www.linkedin.com/in/lisatarshis
Jacob Kantor,Ritesh Kumar,"5/3/26, 9:26 AM",,OUTGOING,https://www.linkedin.com/in/thejacobkantor,https://www.linkedin.com/in/riteshravindra-mech
Jacob Kantor,"Kutter Miller, MHA","5/3/26, 9:26 AM",,OUTGOING,https://www.linkedin.com/in/thejacobkantor,https://www.linkedin.com/in/kutter-miller-mha-23488a6a
Jacob Kantor,Yazad Dalal,"5/2/26, 8:22 PM",,OUTGOING,https://www.linkedin.com/in/thejacobkantor,https://www.linkedin.com/in/yazad
Jacob Kantor,Thomas O'Brien,"5/2/26, 8:21 PM",,OUTGOING,https://www.linkedin.com/in/thejacobkantor,https://www.linkedin.com/in/obrien-thomas
Jacob Kantor,Cole Melton,"5/2/26, 8:20 PM",,OUTGOING,https://www.linkedin.com/in/thejacobkantor,https://www.linkedin.com/in/cole-melt
Jacob Kantor,Tom Cohen,"5/2/26, 8:20 PM",,OUTGOING,https://www.linkedin.com/in/thejacobkantor,https://www.linkedin.com/in/thomasdylancohen
Jacob Kantor,Josh Bauman,"5/2/26, 11:39 AM",,OUTGOING,https://www.linkedin.com/in/thejacobkantor,https://www.linkedin.com/in/josh-bauman-96424b7
Jacob Kantor,Dustin Jooste,"5/2/26, 8:27 AM",,OUTGOING,https://www.linkedin.com/in/thejacobkantor,https://www.linkedin.com/in/dustinjooste
Jacob Kantor,Mike Hanagan,"5/2/26, 8:26 AM",,OUTGOING,https://www.linkedin.com/in/thejacobkantor,https://www.linkedin.com/in/mike-hanagan
Jacob Kantor,Ashley Bittner,"5/2/26, 8:25 AM",,OUTGOING,https://www.linkedin.com/in/thejacobkantor,https://www.linkedin.com/in/ashleymbittner
Jacob Kantor,Jill Oakley Jeppe,"5/2/26, 8:24 AM",,OUTGOING,https://www.linkedin.com/in/thejacobkantor,https://www.linkedin.com/in/jill-oakley-jeppe-9897462
Jacob Kantor,Warren Henry Anders,"5/2/26, 7:43 AM",,OUTGOING,https://www.linkedin.com/in/thejacobkantor,https://www.linkedin.com/in/warren-henry-anders-22842713a
Jacob Kantor,Eri Saikawa,"5/2/26, 7:28 AM",,OUTGOING,https://www.linkedin.com/in/thejacobkantor,https://www.linkedin.com/in/eri-saikawa-22aa67
Jacob Kantor,Brittany Ferone,"5/2/26, 7:28 AM",,OUTGOING,https://www.linkedin.com/in/thejacobkantor,https://www.linkedin.com/in/bferv724
Jacob Kantor,Laura Myers,"5/2/26, 7:28 AM",,OUTGOING,https://www.linkedin.com/in/thejacobkantor,https://www.linkedin.com/in/lauragmyers
Jacob Kantor,Alexandre Sivera,"5/1/26, 9:54 PM",,OUTGOING,https://www.linkedin.com/in/thejacobkantor,https://www.linkedin.com/in/alexandre-sivera-49b77a99
Jacob Kantor,Lucy Bond,"5/1/26, 9:45 AM",,OUTGOING,https://www.linkedin.com/in/thejacobkantor,https://www.linkedin.com/in/lucy-bond-5a0295b7
Jacob Kantor,Hunter Johnson,"5/1/26, 9:26 AM",,OUTGOING,https://www.linkedin.com/in/thejacobkantor,https://www.linkedin.com/in/hunter-johnson-84a687227
Jacob Kantor,"Jennifer J. Khoury, Ed. D","5/1/26, 6:00 AM",,OUTGOING,https://www.linkedin.com/in/thejacobkantor,https://www.linkedin.com/in/jenniferjkhoury
Jacob Kantor,Sherry Lewkowicz,"4/30/26, 9:51 PM",,OUTGOING,https://www.linkedin.com/in/thejacobkantor,https://www.linkedin.com/in/sherry-lewkowicz-2863516b
Jacob Kantor,Katie Perry,"4/30/26, 9:51 PM",,OUTGOING,https://www.linkedin.com/in/thejacobkantor,https://www.linkedin.com/in/katie-perry-739887b3
Jacob Kantor,Cutina Griffin,"4/30/26, 9:51 PM",,OUTGOING,https://www.linkedin.com/in/thejacobkantor,https://www.linkedin.com/in/cutinagriffin
Jacob Kantor,Billy Jackman,"4/30/26, 9:50 PM",,OUTGOING,https://www.linkedin.com/in/thejacobkantor,https://www.linkedin.com/in/billy-jackman-989670394
Jacob Kantor,Ayinde Z. Wayne,"4/30/26, 9:50 PM",,OUTGOING,https://www.linkedin.com/in/thejacobkantor,https://www.linkedin.com/in/ayinde-z-wayne-06158115
Jacob Kantor,Jenny Chen,"4/30/26, 2:36 PM",,OUTGOING,https://www.linkedin.com/in/thejacobkantor,https://www.linkedin.com/in/jingxuan-jenny-chen
Jacob Kantor,Jodi Anderson Jr.,"4/30/26, 2:36 PM",,OUTGOING,https://www.linkedin.com/in/thejacobkantor,https://www.linkedin.com/in/jodieous
Jacob Kantor,Deborah Andrews,"4/30/26, 2:35 PM",,OUTGOING,https://www.linkedin.com/in/thejacobkantor,https://www.linkedin.com/in/deborahandrews
Jacob Kantor,John Riley,"4/30/26, 2:36 PM",,OUTGOING,https://www.linkedin.com/in/thejacobkantor,https://www.linkedin.com/in/johril
Jacob Kantor,Joy Meserve,"4/30/26, 2:35 PM",,OUTGOING,https://www.linkedin.com/in/thejacobkantor,https://www.linkedin.com/in/joymeserve
Jacob Kantor,David K Richards,"4/30/26, 2:35 PM",,OUTGOING,https://www.linkedin.com/in/thejacobkantor,https://www.linkedin.com/in/davidkrichards
Jacob Kantor,Paul Burani,"4/30/26, 2:34 PM",,OUTGOING,https://www.linkedin.com/in/thejacobkantor,https://www.linkedin.com/in/pburani
Jacob Kantor,Chad O.,"4/30/26, 2:34 PM",,OUTGOING,https://www.linkedin.com/in/thejacobkantor,https://www.linkedin.com/in/chadozgur
Jacob Kantor,Brandon Trinckes,"4/30/26, 9:21 AM",,OUTGOING,https://www.linkedin.com/in/thejacobkantor,https://www.linkedin.com/in/brandon-trinckes-781238161
Jacob Kantor,Sondra Cloud,"4/30/26, 8:19 AM",,OUTGOING,https://www.linkedin.com/in/thejacobkantor,https://www.linkedin.com/in/sondra-cloud
Jacob Kantor,M Hasan,"4/30/26, 8:19 AM",,OUTGOING,https://www.linkedin.com/in/thejacobkantor,https://www.linkedin.com/in/foundermashedutech
Jacob Kantor,Anjan kumar Roy,"4/30/26, 8:19 AM",,OUTGOING,https://www.linkedin.com/in/thejacobkantor,https://www.linkedin.com/in/anjan-kumar-roy-26361119
Jacob Kantor,Justin Menard,"4/30/26, 8:18 AM",,OUTGOING,https://www.linkedin.com/in/thejacobkantor,https://www.linkedin.com/in/menardjustin
Jacob Kantor,Pooja Chhoker,"4/30/26, 8:18 AM",,OUTGOING,https://www.linkedin.com/in/thejacobkantor,https://www.linkedin.com/in/poojachhoker
Jacob Kantor,Josh Studl,"4/30/26, 8:18 AM",,OUTGOING,https://www.linkedin.com/in/thejacobkantor,https://www.linkedin.com/in/joshstudl
Jacob Kantor,Lee Espinosa,"4/30/26, 8:18 AM",,OUTGOING,https://www.linkedin.com/in/thejacobkantor,https://www.linkedin.com/in/lee-espinosa
Jacob Kantor,Tim Miller,"4/29/26, 6:47 PM",,OUTGOING,https://www.linkedin.com/in/thejacobkantor,https://www.linkedin.com/in/tim-miller-1005822
Jacob Kantor,Jim Gill,"4/29/26, 6:46 PM",,OUTGOING,https://www.linkedin.com/in/thejacobkantor,https://www.linkedin.com/in/jamesgill
Jacob Kantor,Keone Trask,"4/29/26, 8:28 AM",,OUTGOING,https://www.linkedin.com/in/thejacobkantor,https://www.linkedin.com/in/keonetrask
Jacob Kantor,"Shaunté Duggins, Ph.D.","4/29/26, 8:27 AM",,OUTGOING,https://www.linkedin.com/in/thejacobkantor,https://www.linkedin.com/in/shaunte-duggins
Jacob Kantor,Dr. Kimberley Thompson-Hairston,"4/29/26, 6:24 AM",,OUTGOING,https://www.linkedin.com/in/thejacobkantor,https://www.linkedin.com/in/dr-kimberley-thompson-hairston-07a142163
Jacob Kantor,John Terzi,"4/29/26, 6:24 AM",,OUTGOING,https://www.linkedin.com/in/thejacobkantor,https://www.linkedin.com/in/john-terzi-b22a66183
Jacob Kantor,Talia Stryker,"4/28/26, 11:35 PM",,OUTGOING,https://www.linkedin.com/in/thejacobkantor,https://www.linkedin.com/in/talia-stryker-040089116
Jacob Kantor,Daniel Grace,"4/28/26, 11:35 PM",,OUTGOING,https://www.linkedin.com/in/thejacobkantor,https://www.linkedin.com/in/danielcgrace
Jacob Kantor,Nathan Arora,"4/28/26, 11:35 PM",,OUTGOING,https://www.linkedin.com/in/thejacobkantor,https://www.linkedin.com/in/nathanarora
Jacob Kantor,Moneeb Sarmad,"4/28/26, 11:35 PM",,OUTGOING,https://www.linkedin.com/in/thejacobkantor,https://www.linkedin.com/in/moneeb-sarmad
Jacob Kantor,Denise N.,"4/28/26, 11:35 PM",,OUTGOING,https://www.linkedin.com/in/thejacobkantor,https://www.linkedin.com/in/denise-n-74b91214
Jacob Kantor,Traci Lewin,"4/28/26, 11:35 PM",,OUTGOING,https://www.linkedin.com/in/thejacobkantor,https://www.linkedin.com/in/traci-lewin-ab3ba5312
Jacob Kantor,Hayley Beaupre,"4/28/26, 11:34 PM",,OUTGOING,https://www.linkedin.com/in/thejacobkantor,https://www.linkedin.com/in/hayley-beaupre-b0976921
Jacob Kantor,Ashley Jones,"4/28/26, 11:34 PM",,OUTGOING,https://www.linkedin.com/in/thejacobkantor,https://www.linkedin.com/in/ashley-jones-voice
Jacob Kantor,"Devin Arms, EdD","4/28/26, 11:34 PM",,OUTGOING,https://www.linkedin.com/in/thejacobkantor,https://www.linkedin.com/in/devinrarms
Jacob Kantor,"Samantha Shinsky, Ed.D.","4/28/26, 11:34 PM",,OUTGOING,https://www.linkedin.com/in/thejacobkantor,https://www.linkedin.com/in/samantha-shinsky
Jacob Kantor,Thomas Pavletich,"4/28/26, 11:34 PM",,OUTGOING,https://www.linkedin.com/in/thejacobkantor,https://www.linkedin.com/in/thomas-pavletich-b5146a224
Jacob Kantor,Olivia Harrison,"4/28/26, 6:19 PM",,OUTGOING,https://www.linkedin.com/in/thejacobkantor,https://www.linkedin.com/in/oliviacharrison
Jacob Kantor,Natasha Baines,"4/28/26, 6:19 PM",,OUTGOING,https://www.linkedin.com/in/thejacobkantor,https://www.linkedin.com/in/natashabaines
Jacob Kantor,Oli Mann,"4/28/26, 6:19 PM",,OUTGOING,https://www.linkedin.com/in/thejacobkantor,https://www.linkedin.com/in/oliver-mann-1017
Jacob Kantor,Michelle Caffrey,"4/28/26, 4:20 PM",,OUTGOING,https://www.linkedin.com/in/thejacobkantor,https://www.linkedin.com/in/michellecaffrey
Jacob Kantor,"Mancy Craig, CAPM®,CSM®","4/28/26, 4:20 PM",,OUTGOING,https://www.linkedin.com/in/thejacobkantor,https://www.linkedin.com/in/mancy-tomar
Jacob Kantor,Greg Wiley,"4/28/26, 2:00 PM",,OUTGOING,https://www.linkedin.com/in/thejacobkantor,https://www.linkedin.com/in/greg-wiley-40909544
Jacob Kantor,Maria Ghaffar,"4/28/26, 1:59 PM",,OUTGOING,https://www.linkedin.com/in/thejacobkantor,https://www.linkedin.com/in/maria-ghaffar-65a79a290
Jacob Kantor,Karthik M,"4/28/26, 2:00 PM",,OUTGOING,https://www.linkedin.com/in/thejacobkantor,https://www.linkedin.com/in/karthik-m-637040256
Jacob Kantor,Jonathan Adler,"4/28/26, 11:53 AM",,OUTGOING,https://www.linkedin.com/in/thejacobkantor,https://www.linkedin.com/in/jonathaneadler
Jacob Kantor,Tracy Rahman,"4/28/26, 11:51 AM",,OUTGOING,https://www.linkedin.com/in/thejacobkantor,https://www.linkedin.com/in/tracyrahman
Jacob Kantor,Jessica Lee,"4/28/26, 11:39 AM",,OUTGOING,https://www.linkedin.com/in/thejacobkantor,https://www.linkedin.com/in/jessicadmlee
Jacob Kantor,Jessica Robicheaux-Crow,"4/28/26, 11:32 AM",,OUTGOING,https://www.linkedin.com/in/thejacobkantor,https://www.linkedin.com/in/jessica-robicheaux-crow-29b857a7
Jacob Kantor,Eddie Montenegro,"4/28/26, 11:31 AM",,OUTGOING,https://www.linkedin.com/in/thejacobkantor,https://www.linkedin.com/in/eddiemontenegro
Jacob Kantor,Amanda Kordeliski ,"4/28/26, 11:31 AM",,OUTGOING,https://www.linkedin.com/in/thejacobkantor,https://www.linkedin.com/in/amanda-kordeliski
Jacob Kantor,Andy Axsom,"4/28/26, 11:31 AM",,OUTGOING,https://www.linkedin.com/in/thejacobkantor,https://www.linkedin.com/in/andyaxsom
Jacob Kantor,Katie Fyrth,"4/28/26, 11:31 AM",,OUTGOING,https://www.linkedin.com/in/thejacobkantor,https://www.linkedin.com/in/katie-fyrth-a23656b8
Jacob Kantor,Amanda Solarsh,"4/28/26, 11:31 AM",,OUTGOING,https://www.linkedin.com/in/thejacobkantor,https://www.linkedin.com/in/amandasolarsh
Jacob Kantor,Jared Harless,"4/28/26, 11:30 AM",,OUTGOING,https://www.linkedin.com/in/thejacobkantor,https://www.linkedin.com/in/jaredharless
Jacob Kantor,Keri Hunter,"4/28/26, 11:30 AM",,OUTGOING,https://www.linkedin.com/in/thejacobkantor,https://www.linkedin.com/in/keri-hunter-759187106
Jacob Kantor,"Kristen Crawford, ED.D","4/28/26, 11:30 AM",,OUTGOING,https://www.linkedin.com/in/thejacobkantor,https://www.linkedin.com/in/kristencrawford
Jacob Kantor,Chris McDermott,"4/28/26, 11:30 AM",,OUTGOING,https://www.linkedin.com/in/thejacobkantor,https://www.linkedin.com/in/christophermcdermott
Jacob Kantor,Kate Dove,"4/28/26, 11:30 AM",,OUTGOING,https://www.linkedin.com/in/thejacobkantor,https://www.linkedin.com/in/kate-dove-2660017
Jacob Kantor,Devon Toth Gadow,"4/28/26, 11:30 AM",,OUTGOING,https://www.linkedin.com/in/thejacobkantor,https://www.linkedin.com/in/devontothgadow
Jacob Kantor,Katrenia Busch,"4/28/26, 11:28 AM",,OUTGOING,https://www.linkedin.com/in/thejacobkantor,https://www.linkedin.com/in/katrenia-busch-417a4233a
Jacob Kantor,Braden Weissman,"4/28/26, 10:26 AM",,OUTGOING,https://www.linkedin.com/in/thejacobkantor,https://www.linkedin.com/in/bradenweissman
Jacob Kantor,Cooper Weissman,"4/28/26, 10:26 AM",,OUTGOING,https://www.linkedin.com/in/thejacobkantor,https://www.linkedin.com/in/cooper-weissman-85bb061a6
Jacob Kantor,Samuel Crocker,"4/28/26, 8:24 AM",,OUTGOING,https://www.linkedin.com/in/thejacobkantor,https://www.linkedin.com/in/samuel-crocker-b36744187
Jacob Kantor,Peter Harris,"4/28/26, 8:24 AM",,OUTGOING,https://www.linkedin.com/in/thejacobkantor,https://www.linkedin.com/in/peter-harris-72b45a57
Jacob Kantor,Sasha Smith,"4/28/26, 8:24 AM",,OUTGOING,https://www.linkedin.com/in/thejacobkantor,https://www.linkedin.com/in/sasha-smith-a8417196
Jacob Kantor,Maria Herrera,"4/28/26, 6:28 AM",,OUTGOING,https://www.linkedin.com/in/thejacobkantor,https://www.linkedin.com/in/mariadherrera
Jacob Kantor,Maria  Herrera,"4/28/26, 6:28 AM",,OUTGOING,https://www.linkedin.com/in/thejacobkantor,https://www.linkedin.com/in/maria-herrera-8620091a3
Jacob Kantor,Emilee Cocuzzo,"4/27/26, 7:36 PM",,OUTGOING,https://www.linkedin.com/in/thejacobkantor,https://www.linkedin.com/in/emileecocuzzo
Jacob Kantor,Amalia Gamboa,"4/27/26, 5:35 PM",,OUTGOING,https://www.linkedin.com/in/thejacobkantor,https://www.linkedin.com/in/amalia-gamboa-892359405
Jacob Kantor,Adrian Martinez,"4/27/26, 5:30 PM",,OUTGOING,https://www.linkedin.com/in/thejacobkantor,https://www.linkedin.com/in/theadrianm
Jacob Kantor,"Adam Swinchock, CETL, CCRE","4/27/26, 5:30 PM",,OUTGOING,https://www.linkedin.com/in/thejacobkantor,https://www.linkedin.com/in/adam-swinchock-cetl-ccre-35150041
Jacob Kantor,Jeremy George,"4/27/26, 5:30 PM",,OUTGOING,https://www.linkedin.com/in/thejacobkantor,https://www.linkedin.com/in/jeremy-george
Jacob Kantor,Jose Kumar,"4/27/26, 2:34 PM",Hey Jose - looking at your responses on my website ,OUTGOING,https://www.linkedin.com/in/thejacobkantor,https://www.linkedin.com/in/josekumar
Jacob Kantor,Brad Fralick,"4/27/26, 1:48 PM",,OUTGOING,https://www.linkedin.com/in/thejacobkantor,https://www.linkedin.com/in/brad-fralick-a9880b64
Jacob Kantor,Jonathan French,"4/27/26, 1:48 PM",,OUTGOING,https://www.linkedin.com/in/thejacobkantor,https://www.linkedin.com/in/jonathan-french-88b83752
Jacob Kantor,Michael Powers,"4/27/26, 7:15 AM",,OUTGOING,https://www.linkedin.com/in/thejacobkantor,https://www.linkedin.com/in/michael-p-claudecodetutorials
Jacob Kantor,Dane Lancaster,"4/27/26, 6:18 AM",,OUTGOING,https://www.linkedin.com/in/thejacobkantor,https://www.linkedin.com/in/dane-lancaster-0b40a335
Jacob Kantor,Robin Leonard,"4/27/26, 6:18 AM",,OUTGOING,https://www.linkedin.com/in/thejacobkantor,https://www.linkedin.com/in/therobinleonard
Jacob Kantor,Gordon Herring,"4/27/26, 6:18 AM",,OUTGOING,https://www.linkedin.com/in/thejacobkantor,https://www.linkedin.com/in/gordon-herring-665a86161
Jacob Kantor,Connie Richardson,"4/27/26, 6:18 AM",,OUTGOING,https://www.linkedin.com/in/thejacobkantor,https://www.linkedin.com/in/connie-richardson-tx
Jacob Kantor,Erin Grubbs,"4/27/26, 6:18 AM",,OUTGOING,https://www.linkedin.com/in/thejacobkantor,https://www.linkedin.com/in/erin-grubbs
Jacob Kantor,Maggie Shih,"4/26/26, 3:07 PM",,OUTGOING,https://www.linkedin.com/in/thejacobkantor,https://www.linkedin.com/in/shihmaggie
Jacob Kantor,Sarah Lee,"4/26/26, 8:21 AM",,OUTGOING,https://www.linkedin.com/in/thejacobkantor,https://www.linkedin.com/in/sarah-lee-994b1b15b
Jacob Kantor,Amanda Alexander,"4/26/26, 8:22 AM",,OUTGOING,https://www.linkedin.com/in/thejacobkantor,https://www.linkedin.com/in/amanda-alexander-94320b199
Jacob Kantor,Jessica Brockman,"4/26/26, 8:22 AM",,OUTGOING,https://www.linkedin.com/in/thejacobkantor,https://www.linkedin.com/in/jessica-brockman
Jacob Kantor,Johanna Weber,"4/26/26, 8:22 AM",,OUTGOING,https://www.linkedin.com/in/thejacobkantor,https://www.linkedin.com/in/johannaiweber
Jacob Kantor,Gringo Jusa,"4/26/26, 8:21 AM",,OUTGOING,https://www.linkedin.com/in/thejacobkantor,https://www.linkedin.com/in/gmjusa
Jacob Kantor,Toni Rivera Ramos,"4/25/26, 7:23 PM",,OUTGOING,https://www.linkedin.com/in/thejacobkantor,https://www.linkedin.com/in/toni-rivera-ramos-ab7591172
Jacob Kantor,James Gallagher,"4/25/26, 7:23 PM",,OUTGOING,https://www.linkedin.com/in/thejacobkantor,https://www.linkedin.com/in/james-g-4a867b10b
Jacob Kantor,Carrie Baughcum,"4/25/26, 7:23 PM",,OUTGOING,https://www.linkedin.com/in/thejacobkantor,https://www.linkedin.com/in/carrie-baughcum-3796901b4
Jacob Kantor,Jewellyn Forrest,"4/25/26, 6:18 PM",,OUTGOING,https://www.linkedin.com/in/thejacobkantor,https://www.linkedin.com/in/jewellyn-forrest-07826496
Jacob Kantor,Mike Hubbard,"4/25/26, 2:55 PM",,OUTGOING,https://www.linkedin.com/in/thejacobkantor,https://www.linkedin.com/in/mike-hubbard-2b9a748
Jacob Kantor,Annalena Wolter,"4/25/26, 7:46 AM",,OUTGOING,https://www.linkedin.com/in/thejacobkantor,https://www.linkedin.com/in/annalena-wolter-61385a24a
Jacob Kantor,Dr. Kimberley Markus,"4/25/26, 7:42 AM",,OUTGOING,https://www.linkedin.com/in/thejacobkantor,https://www.linkedin.com/in/kimberley-harrington-markus
Jacob Kantor,Satyam Jindal,"4/24/26, 10:38 PM",,OUTGOING,https://www.linkedin.com/in/thejacobkantor,https://www.linkedin.com/in/satyam-jindal-b13802125
Jacob Kantor,SATISH KHENGRE,"4/24/26, 10:39 PM",,OUTGOING,https://www.linkedin.com/in/thejacobkantor,https://www.linkedin.com/in/satish-khengre-8a85ab93
Jacob Kantor,Shreyam Desai,"4/24/26, 10:39 PM",,OUTGOING,https://www.linkedin.com/in/thejacobkantor,https://www.linkedin.com/in/shreyamdesai
Jacob Kantor,Sanket Narkar,"4/24/26, 10:38 PM",,OUTGOING,https://www.linkedin.com/in/thejacobkantor,https://www.linkedin.com/in/sanketnarkar
Jacob Kantor,Bulbul Kumari,"4/24/26, 10:38 PM",,OUTGOING,https://www.linkedin.com/in/thejacobkantor,https://www.linkedin.com/in/bulbul-kumari-8127051b4
Jacob Kantor,Atul kumar,"4/24/26, 10:38 PM",,OUTGOING,https://www.linkedin.com/in/thejacobkantor,https://www.linkedin.com/in/atul-kumar-41277b38
Jacob Kantor,Pushkar Mishra,"4/24/26, 9:11 PM",,OUTGOING,https://www.linkedin.com/in/thejacobkantor,https://www.linkedin.com/in/pushkar-mishra-53609057
Jacob Kantor,Andrew Rice,"4/24/26, 7:58 PM",,OUTGOING,https://www.linkedin.com/in/thejacobkantor,https://www.linkedin.com/in/andrew-rice-92a16b31
Jacob Kantor,Mark Howison,"4/24/26, 7:45 PM",,OUTGOING,https://www.linkedin.com/in/thejacobkantor,https://www.linkedin.com/in/mhowison
Jacob Kantor,Vaishnavy Gupta,"4/24/26, 7:45 PM",,OUTGOING,https://www.linkedin.com/in/thejacobkantor,https://www.linkedin.com/in/vaishnavy-gupta-6b49477a
Jacob Kantor,Joshua Sammut,"4/24/26, 7:43 PM",,OUTGOING,https://www.linkedin.com/in/thejacobkantor,https://www.linkedin.com/in/joshsammut
Jacob Kantor,Kelly Morraye,"4/24/26, 7:42 PM",,OUTGOING,https://www.linkedin.com/in/thejacobkantor,https://www.linkedin.com/in/kelly-m-1478596
Jacob Kantor,Sarah Samuels,"4/24/26, 7:42 PM",,OUTGOING,https://www.linkedin.com/in/thejacobkantor,https://www.linkedin.com/in/sarah-samuels-25766010
Jacob Kantor,Heather Manning,"4/24/26, 7:42 PM",,OUTGOING,https://www.linkedin.com/in/thejacobkantor,https://www.linkedin.com/in/heather--manning
Jacob Kantor,Denise Giraldez Garcia,"4/24/26, 7:42 PM",,OUTGOING,https://www.linkedin.com/in/thejacobkantor,https://www.linkedin.com/in/deniseggarcia
Jacob Kantor,Vijay Ravindran,"4/24/26, 7:42 PM",,OUTGOING,https://www.linkedin.com/in/thejacobkantor,https://www.linkedin.com/in/vijayravindran
Jacob Kantor,Ronna Krantzman,"4/24/26, 7:40 PM",,OUTGOING,https://www.linkedin.com/in/thejacobkantor,https://www.linkedin.com/in/ronna-krantzman-62419184
Jacob Kantor,Paul Evangelou,"4/24/26, 7:35 PM",,OUTGOING,https://www.linkedin.com/in/thejacobkantor,https://www.linkedin.com/in/paulevangelou
Jacob Kantor,Jake Klinehamer,"4/24/26, 7:35 PM",,OUTGOING,https://www.linkedin.com/in/thejacobkantor,https://www.linkedin.com/in/jklinehamer
Jacob Kantor,Petros Christodoulou,"4/24/26, 7:35 PM",,OUTGOING,https://www.linkedin.com/in/thejacobkantor,https://www.linkedin.com/in/petros-christodoulou-36402b37
Jacob Kantor,"Lyn McCullen, CPP APMP, CL APMP","4/24/26, 7:33 PM",,OUTGOING,https://www.linkedin.com/in/thejacobkantor,https://www.linkedin.com/in/lynmccullen
Jacob Kantor,Jordan Gordon,"4/24/26, 7:33 PM",,OUTGOING,https://www.linkedin.com/in/thejacobkantor,https://www.linkedin.com/in/jordan-gordon-29931558
Jacob Kantor,Vivek Garg,"4/24/26, 7:33 PM",,OUTGOING,https://www.linkedin.com/in/thejacobkantor,https://www.linkedin.com/in/vivekgarg2
Jacob Kantor,Abhishek Garg,"4/24/26, 7:33 PM",,OUTGOING,https://www.linkedin.com/in/thejacobkantor,https://www.linkedin.com/in/abhishekgarg
Jacob Kantor,Jenny Mayfield,"4/24/26, 7:33 PM",,OUTGOING,https://www.linkedin.com/in/thejacobkantor,https://www.linkedin.com/in/jenny-mayfield-14668430
Jacob Kantor,Ravi Patro,"4/24/26, 7:33 PM",,OUTGOING,https://www.linkedin.com/in/thejacobkantor,https://www.linkedin.com/in/ravi-patro
Jacob Kantor,Hannah Idowu,"4/24/26, 7:32 PM",,OUTGOING,https://www.linkedin.com/in/thejacobkantor,https://www.linkedin.com/in/imoleayo-hannah-idowu
Jacob Kantor,Dan Griffus,"4/24/26, 7:32 PM",,OUTGOING,https://www.linkedin.com/in/thejacobkantor,https://www.linkedin.com/in/griffus
Jacob Kantor,Sarah Skinner,"4/24/26, 7:32 PM",,OUTGOING,https://www.linkedin.com/in/thejacobkantor,https://www.linkedin.com/in/skinnersarah
Jacob Kantor,Liz Sanchez,"4/24/26, 7:31 PM",,OUTGOING,https://www.linkedin.com/in/thejacobkantor,https://www.linkedin.com/in/liz-sanchez-b9aa23
Jacob Kantor,Daniel Pianko,"4/24/26, 7:29 PM",,OUTGOING,https://www.linkedin.com/in/thejacobkantor,https://www.linkedin.com/in/daniel-pianko-947223
Jacob Kantor,Jennifer Lin,"4/24/26, 7:28 PM",,OUTGOING,https://www.linkedin.com/in/thejacobkantor,https://www.linkedin.com/in/jenniferzlin
Jacob Kantor,Aanand Radia,"4/24/26, 7:28 PM",,OUTGOING,https://www.linkedin.com/in/thejacobkantor,https://www.linkedin.com/in/aanand-radia-368b454
Jacob Kantor,Harrison Miller,"4/24/26, 7:27 PM",,OUTGOING,https://www.linkedin.com/in/thejacobkantor,https://www.linkedin.com/in/harrison-miller-61a297133
Jacob Kantor,Corinne Spears,"4/24/26, 7:27 PM",,OUTGOING,https://www.linkedin.com/in/thejacobkantor,https://www.linkedin.com/in/corinne-spears-
Jacob Kantor,Carrie Eagle,"4/24/26, 7:27 PM",,OUTGOING,https://www.linkedin.com/in/thejacobkantor,https://www.linkedin.com/in/carrie-eagle-448b1040
Jacob Kantor,Troy Williams,"4/24/26, 7:27 PM",,OUTGOING,https://www.linkedin.com/in/thejacobkantor,https://www.linkedin.com/in/troywilliams
Jacob Kantor,Vera Song,"4/24/26, 7:27 PM",,OUTGOING,https://www.linkedin.com/in/thejacobkantor,https://www.linkedin.com/in/veraweisong
Jacob Kantor,Lauren Arrowood - M. Ed,"4/24/26, 6:43 PM",,OUTGOING,https://www.linkedin.com/in/thejacobkantor,https://www.linkedin.com/in/lauren-arrowood-m-ed-ab740883
Jacob Kantor,Richard Kennard,"4/24/26, 6:42 PM",,OUTGOING,https://www.linkedin.com/in/thejacobkantor,https://www.linkedin.com/in/richard-kennard-boardsi
Jacob Kantor,Helen Hwang,"4/24/26, 6:41 PM",,OUTGOING,https://www.linkedin.com/in/thejacobkantor,https://www.linkedin.com/in/helen-hwang-sf-nyc-tpe
Jacob Kantor,Nathan James,"4/24/26, 2:31 PM",,OUTGOING,https://www.linkedin.com/in/thejacobkantor,https://www.linkedin.com/in/nathan-james-seattle
Jacob Kantor,Gretchen Lape,"4/24/26, 2:31 PM",,OUTGOING,https://www.linkedin.com/in/thejacobkantor,https://www.linkedin.com/in/gretchen-lape-02b76a3a5
Jacob Kantor,"Felicitas Jaima, Ph.D.","4/24/26, 2:31 PM",,OUTGOING,https://www.linkedin.com/in/thejacobkantor,https://www.linkedin.com/in/felicitasrjaima
Jacob Kantor,Eileen Cannon,"4/24/26, 9:26 AM",,OUTGOING,https://www.linkedin.com/in/thejacobkantor,https://www.linkedin.com/in/emcannon
Jacob Kantor,Aditya Ahuja,"4/24/26, 9:26 AM",,OUTGOING,https://www.linkedin.com/in/thejacobkantor,https://www.linkedin.com/in/aditya-ahuja-finance
Jacob Kantor,Hanna Bismillah,"4/24/26, 9:26 AM",,OUTGOING,https://www.linkedin.com/in/thejacobkantor,https://www.linkedin.com/in/hanna-bismillah-673a1227b
Jacob Kantor,Wes Kapsa,"4/24/26, 9:26 AM",,OUTGOING,https://www.linkedin.com/in/thejacobkantor,https://www.linkedin.com/in/weskapsa
Jacob Kantor,Suzanne Slaughter,"4/24/26, 1:56 AM",,OUTGOING,https://www.linkedin.com/in/thejacobkantor,https://www.linkedin.com/in/suzanne-slaughter-3aa15557
Jacob Kantor,Patricia Oh,"6/19/26, 2:18 PM",,OUTGOING,https://www.linkedin.com/in/thejacobkantor,https://www.linkedin.com/in/patricia-o-7474ab41
Jacob Kantor,Rebecca Gearing,"4/23/26, 9:02 PM",,OUTGOING,https://www.linkedin.com/in/thejacobkantor,https://www.linkedin.com/in/rebecca-gearing-30b0568
Jacob Kantor,Lauren Bender,"4/23/26, 9:02 PM",,OUTGOING,https://www.linkedin.com/in/thejacobkantor,https://www.linkedin.com/in/laurenbender
Jacob Kantor,Brent Watkins,"4/23/26, 7:47 PM",,OUTGOING,https://www.linkedin.com/in/thejacobkantor,https://www.linkedin.com/in/justinbrentwatkins
Jacob Kantor,Jonathan Franco,"4/23/26, 7:25 PM",,OUTGOING,https://www.linkedin.com/in/thejacobkantor,https://www.linkedin.com/in/jonathan-franco-9a162a34a
Jacob Kantor,Adriana Vesa MSc,"4/23/26, 7:03 PM",,OUTGOING,https://www.linkedin.com/in/thejacobkantor,https://www.linkedin.com/in/adriana-vesa
Jacob Kantor,Victoria Steger,"4/23/26, 1:33 PM",,OUTGOING,https://www.linkedin.com/in/thejacobkantor,https://www.linkedin.com/in/victoriasteger
Jacob Kantor,Lauren Pappas,"4/23/26, 1:33 PM",,OUTGOING,https://www.linkedin.com/in/thejacobkantor,https://www.linkedin.com/in/mwuahlauren
Jacob Kantor,Varuska Patni,"4/23/26, 1:32 PM",,OUTGOING,https://www.linkedin.com/in/thejacobkantor,https://www.linkedin.com/in/varuskapatni
Jacob Kantor,Jason Gildner,"4/23/26, 1:32 PM",,OUTGOING,https://www.linkedin.com/in/thejacobkantor,https://www.linkedin.com/in/jasongildner
Jacob Kantor,Kayla Harder,"4/23/26, 1:32 PM",,OUTGOING,https://www.linkedin.com/in/thejacobkantor,https://www.linkedin.com/in/kayla-harder-a9870421b
Jacob Kantor,Jace McCracken,"4/23/26, 1:29 PM",,OUTGOING,https://www.linkedin.com/in/thejacobkantor,https://www.linkedin.com/in/jace-mccracken-347791172
Jacob Kantor,Eugene Kashuk,"4/23/26, 1:28 PM",,OUTGOING,https://www.linkedin.com/in/thejacobkantor,https://www.linkedin.com/in/eugene-kashuk
Jacob Kantor,"Terra  Smith, Ed.D. ","4/23/26, 10:29 AM",,OUTGOING,https://www.linkedin.com/in/thejacobkantor,https://www.linkedin.com/in/terra-smith-ed-d-72663945
Jacob Kantor,Karen Janowski,"4/23/26, 10:25 AM",,OUTGOING,https://www.linkedin.com/in/thejacobkantor,https://www.linkedin.com/in/karen-janowski-57687bb
Jacob Kantor,John Robinson,"4/23/26, 10:26 AM",,OUTGOING,https://www.linkedin.com/in/thejacobkantor,https://www.linkedin.com/in/johnwrobinson
Jacob Kantor,Connie Davis,"4/23/26, 10:25 AM",,OUTGOING,https://www.linkedin.com/in/thejacobkantor,https://www.linkedin.com/in/connie-davis-12674535
Jacob Kantor,Jill Marie Anderson,"4/23/26, 10:11 AM",,OUTGOING,https://www.linkedin.com/in/thejacobkantor,https://www.linkedin.com/in/jill-marie-anderson-19685131
Jacob Kantor,Oksana E.,"4/23/26, 10:10 AM",,OUTGOING,https://www.linkedin.com/in/thejacobkantor,https://www.linkedin.com/in/oeiben
Jacob Kantor,Daniel Brennan,"4/23/26, 8:59 AM",,OUTGOING,https://www.linkedin.com/in/thejacobkantor,https://www.linkedin.com/in/daniel-brennan-b67b40175
Jacob Kantor,Adam J Newman,"4/23/26, 8:59 AM",,OUTGOING,https://www.linkedin.com/in/thejacobkantor,https://www.linkedin.com/in/adam-j-newman-8441b8
Jacob Kantor,Tiago Maluta,"4/23/26, 8:18 AM",,OUTGOING,https://www.linkedin.com/in/thejacobkantor,https://www.linkedin.com/in/maluta
Jacob Kantor,Nick Blumenthal,"4/23/26, 8:17 AM",,OUTGOING,https://www.linkedin.com/in/thejacobkantor,https://www.linkedin.com/in/blumenthalnick
Jacob Kantor,Terry  Grier,"4/23/26, 6:23 AM",,OUTGOING,https://www.linkedin.com/in/thejacobkantor,https://www.linkedin.com/in/terry-grier-10337034
Jacob Kantor,Hunter Ruokonen,"4/23/26, 6:08 AM",,OUTGOING,https://www.linkedin.com/in/thejacobkantor,https://www.linkedin.com/in/hunter-ruokonen-bb2848220
Jacob Kantor,Holly Winchell,"4/23/26, 6:07 AM",,OUTGOING,https://www.linkedin.com/in/thejacobkantor,https://www.linkedin.com/in/holly-winchell-0a26691a8
Jacob Kantor,Jonathan Swotinsky,"4/23/26, 6:07 AM",,OUTGOING,https://www.linkedin.com/in/thejacobkantor,https://www.linkedin.com/in/jonathan-swotinsky
Jacob Kantor,Jessie Wiercinski,"4/23/26, 6:07 AM",,OUTGOING,https://www.linkedin.com/in/thejacobkantor,https://www.linkedin.com/in/jessiewiercinski
Jacob Kantor,James Harrell,"4/23/26, 6:07 AM",,OUTGOING,https://www.linkedin.com/in/thejacobkantor,https://www.linkedin.com/in/jameshiltonharrell
Jacob Kantor,Justin Hassan,"4/23/26, 6:06 AM",,OUTGOING,https://www.linkedin.com/in/thejacobkantor,https://www.linkedin.com/in/justinshassan
Jacob Kantor,Ryan Hagedorn,"4/23/26, 6:06 AM",,OUTGOING,https://www.linkedin.com/in/thejacobkantor,https://www.linkedin.com/in/ryanhagedorn
Jacob Kantor,Sabrina Gulyas,"4/22/26, 10:00 PM",,OUTGOING,https://www.linkedin.com/in/thejacobkantor,https://www.linkedin.com/in/sabrinargulyas
Jacob Kantor,Johnathon Kruger,"4/22/26, 9:59 PM",,OUTGOING,https://www.linkedin.com/in/thejacobkantor,https://www.linkedin.com/in/johnathon-k-4ab25b106
Jacob Kantor,Carlie Brandt,"4/22/26, 9:23 PM",,OUTGOING,https://www.linkedin.com/in/thejacobkantor,https://www.linkedin.com/in/carlie-brandt
Jacob Kantor,Matthew Zecchin,"4/22/26, 9:22 PM",,OUTGOING,https://www.linkedin.com/in/thejacobkantor,https://www.linkedin.com/in/matthew-zecchin
Jacob Kantor,Isaac W. Williams,"4/22/26, 9:23 PM",,OUTGOING,https://www.linkedin.com/in/thejacobkantor,https://www.linkedin.com/in/isaac-w-williams-6956a2404
Jacob Kantor,Marieanne Quiroz,"4/22/26, 9:22 PM",,OUTGOING,https://www.linkedin.com/in/thejacobkantor,https://www.linkedin.com/in/marieanne-quiroz-16129a3
Jacob Kantor,Katie O'Connor,"4/22/26, 9:22 PM",,OUTGOING,https://www.linkedin.com/in/thejacobkantor,https://www.linkedin.com/in/katie-o-connor-6020204
Jacob Kantor,Ashley Ravid,"4/22/26, 6:52 PM",,OUTGOING,https://www.linkedin.com/in/thejacobkantor,https://www.linkedin.com/in/ashley-ravid-3815266b
Jacob Kantor,Jane Kim,"4/22/26, 6:22 PM",,OUTGOING,https://www.linkedin.com/in/thejacobkantor,https://www.linkedin.com/in/janeckim
Jacob Kantor,Jessica Linde-Goodfellow,"4/22/26, 5:19 PM",,OUTGOING,https://www.linkedin.com/in/thejacobkantor,https://www.linkedin.com/in/jessica-l-11b315116
Jacob Kantor,Carol A.,"4/22/26, 5:00 PM",,OUTGOING,https://www.linkedin.com/in/thejacobkantor,https://www.linkedin.com/in/carol-a-187545390
Jacob Kantor,Anupama Gupta,"4/22/26, 5:00 PM",,OUTGOING,https://www.linkedin.com/in/thejacobkantor,https://www.linkedin.com/in/anupama-gupta-aa099312a
Jacob Kantor,Sarah Pevehouse,"4/22/26, 3:47 PM",,OUTGOING,https://www.linkedin.com/in/thejacobkantor,https://www.linkedin.com/in/sarah-pevehouse
Jacob Kantor,Chelsea O'Connor,"4/22/26, 1:36 PM",,OUTGOING,https://www.linkedin.com/in/thejacobkantor,https://www.linkedin.com/in/chelseaaoconnor
Jacob Kantor,Amanda MacDonald,"4/22/26, 1:34 PM",,OUTGOING,https://www.linkedin.com/in/thejacobkantor,https://www.linkedin.com/in/amanda-macdonald
Jacob Kantor,"Karen Colbert, PhD","4/22/26, 12:53 PM",,OUTGOING,https://www.linkedin.com/in/thejacobkantor,https://www.linkedin.com/in/karen-colbert
Jacob Kantor,Austin McCoy,"4/22/26, 12:53 PM",,OUTGOING,https://www.linkedin.com/in/thejacobkantor,https://www.linkedin.com/in/austin-mccoy-833600229
Jacob Kantor,Elizabeth C. Anderson,"4/22/26, 12:52 PM",,OUTGOING,https://www.linkedin.com/in/thejacobkantor,https://www.linkedin.com/in/elizabethcarolinaanderson
Jacob Kantor,"Theresa  Nguyen, MD, MS, FAAP","4/22/26, 12:17 PM",,OUTGOING,https://www.linkedin.com/in/thejacobkantor,https://www.linkedin.com/in/drtheresanguyen
Jacob Kantor,Liz Fruhmann,"4/22/26, 12:14 PM",,OUTGOING,https://www.linkedin.com/in/thejacobkantor,https://www.linkedin.com/in/efruhmann
Jacob Kantor,Steve Canavero,"4/22/26, 9:45 AM",Hey Steve - I was catching up with Justin Dayhoff yesterday. He brought you up and said you are someone I have to know! ,OUTGOING,https://www.linkedin.com/in/thejacobkantor,https://www.linkedin.com/in/steve-canavero-05663a8
Jacob Kantor,Jenna Kmitch,"4/22/26, 6:21 AM",,OUTGOING,https://www.linkedin.com/in/thejacobkantor,https://www.linkedin.com/in/jennakmitch
Jacob Kantor,Dr. Beth Regulbuto,"4/22/26, 6:22 AM",,OUTGOING,https://www.linkedin.com/in/thejacobkantor,https://www.linkedin.com/in/dr-beth-regulbuto-b41a068
Jacob Kantor,Joseph Parker Mayo,"4/22/26, 6:14 AM",,OUTGOING,https://www.linkedin.com/in/thejacobkantor,https://www.linkedin.com/in/josephparkermayo
Jacob Kantor,Alexandra Blomberg,"4/22/26, 6:14 AM",,OUTGOING,https://www.linkedin.com/in/thejacobkantor,https://www.linkedin.com/in/alexandra-blomberg-69253314
Jacob Kantor,"Nadia Caldwell, M.A.","4/21/26, 10:48 PM",,OUTGOING,https://www.linkedin.com/in/thejacobkantor,https://www.linkedin.com/in/nadia-caldwell-m-a-6487abb7
Jacob Kantor,Danny Liu,"4/21/26, 10:48 PM",,OUTGOING,https://www.linkedin.com/in/thejacobkantor,https://www.linkedin.com/in/dannydotliu
Jacob Kantor,Nancy Chou,"4/21/26, 8:13 PM",,OUTGOING,https://www.linkedin.com/in/thejacobkantor,https://www.linkedin.com/in/nancylchou
Jacob Kantor,Matt LaBonge,"4/21/26, 8:12 PM",,OUTGOING,https://www.linkedin.com/in/thejacobkantor,https://www.linkedin.com/in/matt-labonge-8023602
Jacob Kantor,Ashley Lautzenheiser,"4/21/26, 7:28 PM",,OUTGOING,https://www.linkedin.com/in/thejacobkantor,https://www.linkedin.com/in/ashleylautzenheiser
Jacob Kantor,MacKenzie Price,"4/21/26, 6:55 PM",,OUTGOING,https://www.linkedin.com/in/thejacobkantor,https://www.linkedin.com/in/mackenzielprice
Jacob Kantor,Ben Mark,"4/21/26, 1:43 PM",,OUTGOING,https://www.linkedin.com/in/thejacobkantor,https://www.linkedin.com/in/ben-mark-57963927
Jacob Kantor,Eric Weisman,"4/21/26, 1:43 PM",,OUTGOING,https://www.linkedin.com/in/thejacobkantor,https://www.linkedin.com/in/eric-weisman-499828a
Jacob Kantor,Brad Dubis,"4/21/26, 1:42 PM",,OUTGOING,https://www.linkedin.com/in/thejacobkantor,https://www.linkedin.com/in/bdubis
Jacob Kantor,Mason Wooldridge,"4/21/26, 1:40 PM",,OUTGOING,https://www.linkedin.com/in/thejacobkantor,https://www.linkedin.com/in/mason-wooldridge-614a0361
Jacob Kantor,Rebecca Holmes,"4/21/26, 10:16 AM",,OUTGOING,https://www.linkedin.com/in/thejacobkantor,https://www.linkedin.com/in/rebholmes
Jacob Kantor,Mackenzie Shane,"4/21/26, 10:16 AM",,OUTGOING,https://www.linkedin.com/in/thejacobkantor,https://www.linkedin.com/in/mackenzie-shane-b6928a66
Jacob Kantor,"Paul Nitake, M.Ed.","4/21/26, 10:16 AM",,OUTGOING,https://www.linkedin.com/in/thejacobkantor,https://www.linkedin.com/in/paul-nitake-m-ed-90929920
Jacob Kantor,Jay King,"4/21/26, 10:15 AM",,OUTGOING,https://www.linkedin.com/in/thejacobkantor,https://www.linkedin.com/in/johnjkingiii
Jacob Kantor,Janeth S. Cabañes,"4/21/26, 10:15 AM",,OUTGOING,https://www.linkedin.com/in/thejacobkantor,https://www.linkedin.com/in/janethcabañes
Jacob Kantor,"Fiona Young, PhD","4/21/26, 10:15 AM",,OUTGOING,https://www.linkedin.com/in/thejacobkantor,https://www.linkedin.com/in/fy2721
Jacob Kantor,Kelly Shell,"4/21/26, 8:23 AM",,OUTGOING,https://www.linkedin.com/in/thejacobkantor,https://www.linkedin.com/in/kelly-shell-072073a9
Jacob Kantor,Andrew Aulbur,"4/21/26, 8:23 AM",,OUTGOING,https://www.linkedin.com/in/thejacobkantor,https://www.linkedin.com/in/andrew-aulbur
Jacob Kantor,Maria Clara Mesa Abad,"4/21/26, 8:23 AM",,OUTGOING,https://www.linkedin.com/in/thejacobkantor,https://www.linkedin.com/in/mariacmesa
Jacob Kantor,Ani Katchiguian,"4/20/26, 8:53 PM",,OUTGOING,https://www.linkedin.com/in/thejacobkantor,https://www.linkedin.com/in/ani-katchiguian-446555303
Jacob Kantor,Lucy Ashman,"4/20/26, 8:26 PM",,OUTGOING,https://www.linkedin.com/in/thejacobkantor,https://www.linkedin.com/in/lucy-ashman-a2bb164b
Jacob Kantor,Kevin Stout,"4/20/26, 8:19 PM",,OUTGOING,https://www.linkedin.com/in/thejacobkantor,https://www.linkedin.com/in/kevinbstout
Jacob Kantor,Laura Velez Villa,"4/20/26, 8:20 PM",,OUTGOING,https://www.linkedin.com/in/thejacobkantor,https://www.linkedin.com/in/lauvelezvilla
Jacob Kantor,Adam Hall,"4/20/26, 8:14 PM",,OUTGOING,https://www.linkedin.com/in/thejacobkantor,https://www.linkedin.com/in/adamlhall
Jacob Kantor,Dr. Michael J.  Barnes,"4/20/26, 7:29 PM",,OUTGOING,https://www.linkedin.com/in/thejacobkantor,https://www.linkedin.com/in/dr-michael-j-barnes-883b74184
Jacob Kantor,"Laurie Wittbrodt, Ed.D.","4/20/26, 6:46 PM",,OUTGOING,https://www.linkedin.com/in/thejacobkantor,https://www.linkedin.com/in/lauriewittbrodt
Jacob Kantor,Wael Saade,"4/20/26, 6:46 PM",,OUTGOING,https://www.linkedin.com/in/thejacobkantor,https://www.linkedin.com/in/wael-saade
Jacob Kantor,Brooke Olsen-Farrell,"4/20/26, 6:46 PM",,OUTGOING,https://www.linkedin.com/in/thejacobkantor,https://www.linkedin.com/in/brooke-olsen-farrell-1837a953
Jacob Kantor,Kathlyn Kelly,"4/20/26, 6:38 PM",,OUTGOING,https://www.linkedin.com/in/thejacobkantor,https://www.linkedin.com/in/kathlynkelly
Jacob Kantor,Suraj Gopal,"4/20/26, 6:38 PM",,OUTGOING,https://www.linkedin.com/in/thejacobkantor,https://www.linkedin.com/in/suraj-s-gopal
Jacob Kantor,Diana G.,"4/20/26, 6:38 PM",,OUTGOING,https://www.linkedin.com/in/thejacobkantor,https://www.linkedin.com/in/grossdiana
Jacob Kantor,David Lewis,"4/20/26, 1:50 PM",,OUTGOING,https://www.linkedin.com/in/thejacobkantor,https://www.linkedin.com/in/david-lewis-186a5111
Jacob Kantor,Maximiliano Armadillo,"4/20/26, 1:50 PM",,OUTGOING,https://www.linkedin.com/in/thejacobkantor,https://www.linkedin.com/in/maximiliano-armadillo-526870401
Jacob Kantor,Jeremy Duckworth,"4/20/26, 1:50 PM",,OUTGOING,https://www.linkedin.com/in/thejacobkantor,https://www.linkedin.com/in/jeremy-duckworth-7b6226159
Jacob Kantor,Ryan Shadle,"4/20/26, 1:50 PM",,OUTGOING,https://www.linkedin.com/in/thejacobkantor,https://www.linkedin.com/in/ryan-shadle-688b0253
Jacob Kantor,Keenan Jackson,"4/20/26, 1:50 PM",,OUTGOING,https://www.linkedin.com/in/thejacobkantor,https://www.linkedin.com/in/keenan-jackson-curriculardesign
Jacob Kantor,Joseph Ghione,"4/20/26, 1:49 PM",,OUTGOING,https://www.linkedin.com/in/thejacobkantor,https://www.linkedin.com/in/joeghione
Jacob Kantor,Sai Kiran Uppu,"4/20/26, 1:49 PM",,OUTGOING,https://www.linkedin.com/in/thejacobkantor,https://www.linkedin.com/in/saikiranuppu-
Jacob Kantor,Patti West-Smith,"4/20/26, 1:49 PM",,OUTGOING,https://www.linkedin.com/in/thejacobkantor,https://www.linkedin.com/in/patti-west-smith-238286123
Jacob Kantor,"Nanissa Madadi, M.Ed","4/19/26, 11:51 PM",,OUTGOING,https://www.linkedin.com/in/thejacobkantor,https://www.linkedin.com/in/nanissamadadi
Jacob Kantor,Suelen  Silva,"4/19/26, 10:05 PM",,OUTGOING,https://www.linkedin.com/in/thejacobkantor,https://www.linkedin.com/in/suelen-silva-guestkeep
Jacob Kantor,Marla Eizik,"4/19/26, 10:04 PM",,OUTGOING,https://www.linkedin.com/in/thejacobkantor,https://www.linkedin.com/in/marla-eizik-31734648
Jacob Kantor,Franciszek Hnatów,"4/19/26, 10:05 PM",,OUTGOING,https://www.linkedin.com/in/thejacobkantor,https://www.linkedin.com/in/fhnatow
Jacob Kantor,Arnav Kumar,"4/19/26, 10:04 PM",,OUTGOING,https://www.linkedin.com/in/thejacobkantor,https://www.linkedin.com/in/arnav-kumar-doc4website
Jacob Kantor,"Susan Rutherford, Ed.D.","4/19/26, 10:04 PM",,OUTGOING,https://www.linkedin.com/in/thejacobkantor,https://www.linkedin.com/in/susan-rutherford-ed-d-11504399
Jacob Kantor,Jennifer Bundy,"4/19/26, 10:04 PM",,OUTGOING,https://www.linkedin.com/in/thejacobkantor,https://www.linkedin.com/in/jenniferbundy
Jacob Kantor,Max Leung,"4/19/26, 10:04 PM",,OUTGOING,https://www.linkedin.com/in/thejacobkantor,https://www.linkedin.com/in/maxl
Jacob Kantor,Ian Altenbaugh,"4/19/26, 10:04 PM",,OUTGOING,https://www.linkedin.com/in/thejacobkantor,https://www.linkedin.com/in/ian-altenbaugh
Jacob Kantor,Jason A. George 🐙,"4/19/26, 10:04 PM",,OUTGOING,https://www.linkedin.com/in/thejacobkantor,https://www.linkedin.com/in/jason-a-george-🐙-063bbbb2
Jacob Kantor,Raul Lopez,"4/19/26, 10:03 PM",,OUTGOING,https://www.linkedin.com/in/thejacobkantor,https://www.linkedin.com/in/raullopez0
Jacob Kantor,"Jeremy Wang, Ph.D.","4/19/26, 10:03 PM",,OUTGOING,https://www.linkedin.com/in/thejacobkantor,https://www.linkedin.com/in/jeremyywang
Jacob Kantor,Brett Moller,"4/19/26, 9:53 PM",,OUTGOING,https://www.linkedin.com/in/thejacobkantor,https://www.linkedin.com/in/brettmoller
Jacob Kantor,Patrick Fogarty,"4/19/26, 8:26 PM",,OUTGOING,https://www.linkedin.com/in/thejacobkantor,https://www.linkedin.com/in/patrick-fogarty-2a692424
Jacob Kantor,Jeremy Singer,"4/19/26, 8:26 PM",,OUTGOING,https://www.linkedin.com/in/thejacobkantor,https://www.linkedin.com/in/jeremy-singer-99b576
Jacob Kantor,Jesse Roy,"4/19/26, 4:16 PM",,OUTGOING,https://www.linkedin.com/in/thejacobkantor,https://www.linkedin.com/in/jesse-roy-a34ab555
Jacob Kantor,"Jina Moore Blount, Ph.D.","4/19/26, 4:17 PM",,OUTGOING,https://www.linkedin.com/in/thejacobkantor,https://www.linkedin.com/in/jinamooreblount
Jacob Kantor,Lindsee Fryatt,"4/19/26, 4:17 PM",,OUTGOING,https://www.linkedin.com/in/thejacobkantor,https://www.linkedin.com/in/lindseefryatt
Jacob Kantor,Rosselle Retome Azar,"4/19/26, 4:16 PM",,OUTGOING,https://www.linkedin.com/in/thejacobkantor,https://www.linkedin.com/in/rosselle-retome-azar-8ab4a828
Jacob Kantor,Maria Cortez,"4/19/26, 4:16 PM",,OUTGOING,https://www.linkedin.com/in/thejacobkantor,https://www.linkedin.com/in/maria-cortez-5081235a
Jacob Kantor,Robert Petitto,"4/19/26, 2:13 PM",,OUTGOING,https://www.linkedin.com/in/thejacobkantor,https://www.linkedin.com/in/rpetitto
Jacob Kantor,Daniel Villegas,"4/19/26, 2:12 PM",,OUTGOING,https://www.linkedin.com/in/thejacobkantor,https://www.linkedin.com/in/daniel-villegas-37b53955
Jacob Kantor,Samantha Brokaw,"4/19/26, 2:09 PM",,OUTGOING,https://www.linkedin.com/in/thejacobkantor,https://www.linkedin.com/in/samantha-brokaw-500856314
Jacob Kantor,Hamoon Ekhtiari,"4/19/26, 9:34 AM",,OUTGOING,https://www.linkedin.com/in/thejacobkantor,https://www.linkedin.com/in/hamoon
Jacob Kantor,Steven P.,"4/19/26, 9:34 AM",,OUTGOING,https://www.linkedin.com/in/thejacobkantor,https://www.linkedin.com/in/steven-peralta
Jacob Kantor,Katya Simpson,"4/19/26, 9:34 AM",,OUTGOING,https://www.linkedin.com/in/thejacobkantor,https://www.linkedin.com/in/katya-simpson-1a68a473
Jacob Kantor,AJ Temple,"4/19/26, 9:34 AM",,OUTGOING,https://www.linkedin.com/in/thejacobkantor,https://www.linkedin.com/in/ajtemple
Jacob Kantor,Dana Nelson,"4/19/26, 9:34 AM",,OUTGOING,https://www.linkedin.com/in/thejacobkantor,https://www.linkedin.com/in/dana-nelson-bb2464a8
Jacob Kantor,Lucas Levine,"4/19/26, 9:34 AM",,OUTGOING,https://www.linkedin.com/in/thejacobkantor,https://www.linkedin.com/in/levinelucas
Jacob Kantor,Hillary Shayne,"4/19/26, 9:34 AM",,OUTGOING,https://www.linkedin.com/in/thejacobkantor,https://www.linkedin.com/in/hillaryshayne
Jacob Kantor,Ariana Dugan,"4/19/26, 9:34 AM",,OUTGOING,https://www.linkedin.com/in/thejacobkantor,https://www.linkedin.com/in/ariana-dugan
Jacob Kantor,Cassie Carpenter,"4/19/26, 8:17 AM",,OUTGOING,https://www.linkedin.com/in/thejacobkantor,https://www.linkedin.com/in/cassie-carpenter
Jacob Kantor,"Ashley May, CETL, CCRE","4/19/26, 8:16 AM",,OUTGOING,https://www.linkedin.com/in/thejacobkantor,https://www.linkedin.com/in/ashleybmay
Jacob Kantor,Phil Puthumana,"4/19/26, 8:16 AM",,OUTGOING,https://www.linkedin.com/in/thejacobkantor,https://www.linkedin.com/in/pputhumana
Jacob Kantor,Nadja Young,"4/19/26, 7:51 AM",,OUTGOING,https://www.linkedin.com/in/thejacobkantor,https://www.linkedin.com/in/nadja-young
Jacob Kantor,Maria Flynn,"4/19/26, 7:51 AM",,OUTGOING,https://www.linkedin.com/in/thejacobkantor,https://www.linkedin.com/in/mflynn2
Jacob Kantor,Stephen Dackin,"4/19/26, 7:51 AM",,OUTGOING,https://www.linkedin.com/in/thejacobkantor,https://www.linkedin.com/in/stephen-dackin-722b0984
Jacob Kantor,Aaron Magnan,"4/18/26, 8:29 PM",,OUTGOING,https://www.linkedin.com/in/thejacobkantor,https://www.linkedin.com/in/aaron-magnan
Jacob Kantor,Toby Potter,"4/18/26, 7:42 PM",,OUTGOING,https://www.linkedin.com/in/thejacobkantor,https://www.linkedin.com/in/toby-potter-2b8715339
Jacob Kantor,Cory Kulig,"4/18/26, 7:03 PM",,OUTGOING,https://www.linkedin.com/in/thejacobkantor,https://www.linkedin.com/in/cory-kulig
Jacob Kantor,Joshua Swodeck,"4/18/26, 6:30 PM",,OUTGOING,https://www.linkedin.com/in/thejacobkantor,https://www.linkedin.com/in/swodeck
Jacob Kantor,Noéline Adam,"4/18/26, 6:30 PM",,OUTGOING,https://www.linkedin.com/in/thejacobkantor,https://www.linkedin.com/in/noeline-baumann
Jacob Kantor,Kristen Franks,"4/18/26, 1:58 PM",,OUTGOING,https://www.linkedin.com/in/thejacobkantor,https://www.linkedin.com/in/kristen-f-47ab00186
Jacob Kantor,"Michael Inforna, Ed.D.","4/18/26, 1:58 PM",,OUTGOING,https://www.linkedin.com/in/thejacobkantor,https://www.linkedin.com/in/michael-inforna-ed-d-80682220a
Jacob Kantor,Shlomy Kattan 🎗️,"4/18/26, 1:58 PM",,OUTGOING,https://www.linkedin.com/in/thejacobkantor,https://www.linkedin.com/in/shlomykattan
Jacob Kantor,Marvin Hurn,"4/18/26, 1:58 PM",,OUTGOING,https://www.linkedin.com/in/thejacobkantor,https://www.linkedin.com/in/marvin-hurn-b49925170
Jacob Kantor,Lacey Gonzales,"4/18/26, 1:58 PM",,OUTGOING,https://www.linkedin.com/in/thejacobkantor,https://www.linkedin.com/in/lacey-gonzales
Jacob Kantor,David Linke,"4/18/26, 1:58 PM",,OUTGOING,https://www.linkedin.com/in/thejacobkantor,https://www.linkedin.com/in/davidlinke
Jacob Kantor,Olivia Lara-Gresty,"4/18/26, 9:08 AM",,OUTGOING,https://www.linkedin.com/in/thejacobkantor,https://www.linkedin.com/in/olivia-lara-gresty-she-her
Jacob Kantor,"Soma Banerjee, Ph.D.","4/17/26, 5:55 PM",,OUTGOING,https://www.linkedin.com/in/thejacobkantor,https://www.linkedin.com/in/soma-banerjee-ph-d-83802243
Jacob Kantor,"Kevin Riggs, M.A. Ed","4/17/26, 5:55 PM",,OUTGOING,https://www.linkedin.com/in/thejacobkantor,https://www.linkedin.com/in/meetkevinriggs
Jacob Kantor,Joseph Miranda,"4/17/26, 5:55 PM",,OUTGOING,https://www.linkedin.com/in/thejacobkantor,https://www.linkedin.com/in/joseph-miranda-9780a6117
Jacob Kantor,Platon Tsybulskiy,"4/17/26, 5:55 PM",,OUTGOING,https://www.linkedin.com/in/thejacobkantor,https://www.linkedin.com/in/platon-tsybulskiy-a5454a108
Jacob Kantor,Jander Mesquita,"4/17/26, 4:56 PM",,OUTGOING,https://www.linkedin.com/in/thejacobkantor,https://www.linkedin.com/in/jandermesquita
Jacob Kantor,Alexa Dunn,"4/17/26, 2:26 PM",,OUTGOING,https://www.linkedin.com/in/thejacobkantor,https://www.linkedin.com/in/alexa-dunn-00401a335
Jacob Kantor,Iqra S.,"4/17/26, 12:31 PM",,OUTGOING,https://www.linkedin.com/in/thejacobkantor,https://www.linkedin.com/in/iqra-s-6b1b96193
Jacob Kantor,Chase Rigby,"4/17/26, 10:44 AM",,OUTGOING,https://www.linkedin.com/in/thejacobkantor,https://www.linkedin.com/in/chaserigby
Jacob Kantor,Michael Hakim,"4/17/26, 8:21 AM",,OUTGOING,https://www.linkedin.com/in/thejacobkantor,https://www.linkedin.com/in/michaelhakim
Jacob Kantor,Liam Matthews,"4/17/26, 6:59 AM",,OUTGOING,https://www.linkedin.com/in/thejacobkantor,https://www.linkedin.com/in/liam-matthews-94a2061a7
Jacob Kantor,Natasha Moraes,"4/17/26, 6:58 AM",,OUTGOING,https://www.linkedin.com/in/thejacobkantor,https://www.linkedin.com/in/natasha-moraes-a367baa6
Jacob Kantor,"Kari Stubbs, PhD","4/16/26, 1:17 PM",,OUTGOING,https://www.linkedin.com/in/thejacobkantor,https://www.linkedin.com/in/karistubbs
Jacob Kantor,Leandro Novis,"4/16/26, 1:15 PM",,OUTGOING,https://www.linkedin.com/in/thejacobkantor,https://www.linkedin.com/in/leandronovis-cro-advisor
Jacob Kantor,Zubia Villacorta,"4/16/26, 1:05 PM",,OUTGOING,https://www.linkedin.com/in/thejacobkantor,https://www.linkedin.com/in/zubia-villacorta-6b206434b
Jacob Kantor,John Lindquist,"4/16/26, 1:05 PM",,OUTGOING,https://www.linkedin.com/in/thejacobkantor,https://www.linkedin.com/in/jlindquist82
Jacob Kantor,Jonathan Sommer,"4/16/26, 11:57 AM",,OUTGOING,https://www.linkedin.com/in/thejacobkantor,https://www.linkedin.com/in/jonathan-sommer
Jacob Kantor,"Donna Housman, Ed.D","4/16/26, 11:57 AM",,OUTGOING,https://www.linkedin.com/in/thejacobkantor,https://www.linkedin.com/in/donnahousman
Jacob Kantor,Curtiss Barnes,"4/16/26, 8:57 AM",Good to share space with you at GSV. Look forward to learning from you,OUTGOING,https://www.linkedin.com/in/thejacobkantor,https://www.linkedin.com/in/curtisspbarnes
Jacob Kantor,Sean Richards,"4/16/26, 8:50 AM",lets jam!,OUTGOING,https://www.linkedin.com/in/thejacobkantor,https://www.linkedin.com/in/seanrichards
Jacob Kantor,Jon Fournier,"4/16/26, 6:47 AM",,OUTGOING,https://www.linkedin.com/in/thejacobkantor,https://www.linkedin.com/in/jon-fournier
Jacob Kantor,Stephanie Parry,"4/16/26, 6:47 AM",,OUTGOING,https://www.linkedin.com/in/thejacobkantor,https://www.linkedin.com/in/stephaniecparry
Jacob Kantor,"Rachel Goodlad, M. Ed.","4/15/26, 11:22 PM",,OUTGOING,https://www.linkedin.com/in/thejacobkantor,https://www.linkedin.com/in/goodlad
Jacob Kantor,Tara Anderson,"4/15/26, 11:20 PM",,OUTGOING,https://www.linkedin.com/in/thejacobkantor,https://www.linkedin.com/in/taraandersontexas
Jacob Kantor,Joe Gelb,"4/15/26, 11:20 PM",,OUTGOING,https://www.linkedin.com/in/thejacobkantor,https://www.linkedin.com/in/joe-gelb-9195ab3
Jacob Kantor,David Heafitz,"4/15/26, 11:19 PM",,OUTGOING,https://www.linkedin.com/in/thejacobkantor,https://www.linkedin.com/in/dheafitz
Jacob Kantor,Scott Meltzer,"4/15/26, 11:19 PM",,OUTGOING,https://www.linkedin.com/in/thejacobkantor,https://www.linkedin.com/in/meltzerscott
Jacob Kantor,"Shannon Hines, Ed.S., M.A.Ed.","4/15/26, 11:18 PM",,OUTGOING,https://www.linkedin.com/in/thejacobkantor,https://www.linkedin.com/in/shannon-hines1
Jacob Kantor,Tiffany Hall,"4/15/26, 11:18 PM",,OUTGOING,https://www.linkedin.com/in/thejacobkantor,https://www.linkedin.com/in/tiffany-hall-colorado
Jacob Kantor,Tisha Peters,"4/15/26, 5:28 PM",,OUTGOING,https://www.linkedin.com/in/thejacobkantor,https://www.linkedin.com/in/tisha-peters
Jacob Kantor,David Soo,"4/15/26, 5:11 PM",,OUTGOING,https://www.linkedin.com/in/thejacobkantor,https://www.linkedin.com/in/soodavid
Jacob Kantor,"Stephanie (Batory) Brown, MBA","4/15/26, 2:58 PM",,OUTGOING,https://www.linkedin.com/in/thejacobkantor,https://www.linkedin.com/in/stephanie-batory-brown-mba-5209013b
Jacob Kantor,Kyle Collins,"4/15/26, 7:16 AM",,OUTGOING,https://www.linkedin.com/in/thejacobkantor,https://www.linkedin.com/in/kyle-collins-2188a11a0
Jacob Kantor,James Marciano,"4/15/26, 12:27 AM",,OUTGOING,https://www.linkedin.com/in/thejacobkantor,https://www.linkedin.com/in/marciano
Jacob Kantor,Matt Luria,"4/15/26, 12:11 AM",,OUTGOING,https://www.linkedin.com/in/thejacobkantor,https://www.linkedin.com/in/mattluria
Jacob Kantor,Jake Wall,"4/15/26, 12:11 AM",,OUTGOING,https://www.linkedin.com/in/thejacobkantor,https://www.linkedin.com/in/jake-wall1
Jacob Kantor,Alamin Hossain,"4/15/26, 12:11 AM",,OUTGOING,https://www.linkedin.com/in/thejacobkantor,https://www.linkedin.com/in/alaminpro
Jacob Kantor,Sagar Arora,"4/15/26, 12:11 AM",,OUTGOING,https://www.linkedin.com/in/thejacobkantor,https://www.linkedin.com/in/sagar-arora-92a9b1102
Jacob Kantor,Ieuan Turner,"4/15/26, 12:11 AM",,OUTGOING,https://www.linkedin.com/in/thejacobkantor,https://www.linkedin.com/in/ieuan-turner-2738aa17b
Jacob Kantor,Stefan Lehmann-Karp,"4/15/26, 12:10 AM",,OUTGOING,https://www.linkedin.com/in/thejacobkantor,https://www.linkedin.com/in/stefan-lehmannkarp
Jacob Kantor,Aditya Kaddu,"4/15/26, 12:10 AM",,OUTGOING,https://www.linkedin.com/in/thejacobkantor,https://www.linkedin.com/in/aditya-kaddu
Jacob Kantor,Ryan Flynn,"4/15/26, 12:10 AM",,OUTGOING,https://www.linkedin.com/in/thejacobkantor,https://www.linkedin.com/in/ryan-flynn1
Jacob Kantor,Chloe M. Osborne,"4/15/26, 12:10 AM",,OUTGOING,https://www.linkedin.com/in/thejacobkantor,https://www.linkedin.com/in/chloe-m-osborne
Jacob Kantor,Patrick Shelton,"4/15/26, 12:10 AM",,OUTGOING,https://www.linkedin.com/in/thejacobkantor,https://www.linkedin.com/in/patrick-shelton-67a1017
Jacob Kantor,James Ruddy,"4/15/26, 12:10 AM",,OUTGOING,https://www.linkedin.com/in/thejacobkantor,https://www.linkedin.com/in/jamesruddy
Jacob Kantor,Tiffany Sawyer M.Ed,"4/15/26, 12:09 AM",,OUTGOING,https://www.linkedin.com/in/thejacobkantor,https://www.linkedin.com/in/tiffanysawyerid
Jacob Kantor,David Weizel,"4/15/26, 12:09 AM",,OUTGOING,https://www.linkedin.com/in/thejacobkantor,https://www.linkedin.com/in/davidweizel
Jacob Kantor,Heather Evans,"4/15/26, 12:09 AM",,OUTGOING,https://www.linkedin.com/in/thejacobkantor,https://www.linkedin.com/in/heatheraevans
Jacob Kantor,Clifton Roozeboom,"4/15/26, 12:09 AM",,OUTGOING,https://www.linkedin.com/in/thejacobkantor,https://www.linkedin.com/in/clifton-roozeboom-79bb936a
Jacob Kantor,Ron Steiner,"4/15/26, 12:09 AM",,OUTGOING,https://www.linkedin.com/in/thejacobkantor,https://www.linkedin.com/in/ronesteiner
Jacob Kantor,Kara Thorstenson,"4/15/26, 12:08 AM",,OUTGOING,https://www.linkedin.com/in/thejacobkantor,https://www.linkedin.com/in/kara-thorstenson-7b92b887
Jacob Kantor,Tristan Harris,"4/14/26, 11:22 PM",,OUTGOING,https://www.linkedin.com/in/thejacobkantor,https://www.linkedin.com/in/tristanharris
Jacob Kantor,Erin Bilbrey,"4/13/26, 6:20 PM",,OUTGOING,https://www.linkedin.com/in/thejacobkantor,https://www.linkedin.com/in/erinbrowner
Jacob Kantor,"Siobhan Dennis, PhD","4/13/26, 6:20 PM",,OUTGOING,https://www.linkedin.com/in/thejacobkantor,https://www.linkedin.com/in/siobhan-dennis-phd-49049b174
Jacob Kantor,Gabe Williamson,"4/13/26, 6:20 PM",,OUTGOING,https://www.linkedin.com/in/thejacobkantor,https://www.linkedin.com/in/gabe-williamson-752490161
Jacob Kantor,Aidan Velle,"4/13/26, 6:20 PM",,OUTGOING,https://www.linkedin.com/in/thejacobkantor,https://www.linkedin.com/in/aidan-velle-684518101
Jacob Kantor,Kalila Green,"4/13/26, 6:20 PM",,OUTGOING,https://www.linkedin.com/in/thejacobkantor,https://www.linkedin.com/in/kalila-green
Jacob Kantor,Kristin Ramirez,"4/13/26, 6:19 PM",,OUTGOING,https://www.linkedin.com/in/thejacobkantor,https://www.linkedin.com/in/kristin-ramirez827
Jacob Kantor,Nicholas Funari,"4/13/26, 6:19 PM",,OUTGOING,https://www.linkedin.com/in/thejacobkantor,https://www.linkedin.com/in/nicholas-funari-721906135
Jacob Kantor,Emily Amick,"4/13/26, 9:08 AM",,OUTGOING,https://www.linkedin.com/in/thejacobkantor,https://www.linkedin.com/in/emily-amick
Jacob Kantor,Kaiden Gray,"4/13/26, 1:08 AM",,OUTGOING,https://www.linkedin.com/in/thejacobkantor,https://www.linkedin.com/in/kaidengray
Jacob Kantor,Benjamin Ryon,"4/13/26, 1:08 AM",,OUTGOING,https://www.linkedin.com/in/thejacobkantor,https://www.linkedin.com/in/benjamin-ryon
Jacob Kantor,Kristen Campbell,"4/13/26, 1:06 AM",,OUTGOING,https://www.linkedin.com/in/thejacobkantor,https://www.linkedin.com/in/kristen-campbell
Jacob Kantor,Cristina Morrell,"4/13/26, 1:06 AM",,OUTGOING,https://www.linkedin.com/in/thejacobkantor,https://www.linkedin.com/in/cristina-morrell-7a5a992
Jacob Kantor,Coty Spengler,"4/13/26, 1:06 AM",,OUTGOING,https://www.linkedin.com/in/thejacobkantor,https://www.linkedin.com/in/coty-spengler-bb49b470
Jacob Kantor,Philip Martell,"4/13/26, 1:05 AM",,OUTGOING,https://www.linkedin.com/in/thejacobkantor,https://www.linkedin.com/in/philip-martell-093579aa
Jacob Kantor,Jason Strumwasser,"4/13/26, 1:06 AM",,OUTGOING,https://www.linkedin.com/in/thejacobkantor,https://www.linkedin.com/in/jstrumwasser
Jacob Kantor,Joe Murphy,"4/13/26, 1:05 AM",,OUTGOING,https://www.linkedin.com/in/thejacobkantor,https://www.linkedin.com/in/joe-murphy8
Jacob Kantor,Brian Feeney,"4/13/26, 1:05 AM",,OUTGOING,https://www.linkedin.com/in/thejacobkantor,https://www.linkedin.com/in/brian-feeney
Jacob Kantor,Schuyler Lauder,"4/13/26, 1:06 AM",,OUTGOING,https://www.linkedin.com/in/thejacobkantor,https://www.linkedin.com/in/schuylerlauder
Jacob Kantor,Michael Doddridge,"4/13/26, 1:05 AM",,OUTGOING,https://www.linkedin.com/in/thejacobkantor,https://www.linkedin.com/in/michaeldoddridge
Jacob Kantor,Greg Pitzer,"4/13/26, 1:04 AM",,OUTGOING,https://www.linkedin.com/in/thejacobkantor,https://www.linkedin.com/in/gpitzer
Jacob Kantor,Erdi Tac 😼,"4/13/26, 1:04 AM",,OUTGOING,https://www.linkedin.com/in/thejacobkantor,https://www.linkedin.com/in/erditac
Jacob Kantor,Lakisha Young,"4/13/26, 1:04 AM",,OUTGOING,https://www.linkedin.com/in/thejacobkantor,https://www.linkedin.com/in/lakishayoung
Jacob Kantor,👋🏼 Amanda Goodson,"4/13/26, 12:38 AM",,OUTGOING,https://www.linkedin.com/in/thejacobkantor,https://www.linkedin.com/in/amanda-goodson
Jacob Kantor,"Trish Murphy Landeg, MBA","4/12/26, 5:20 PM",,OUTGOING,https://www.linkedin.com/in/thejacobkantor,https://www.linkedin.com/in/trishlandeg
Jacob Kantor,Katherine Bontje,"4/12/26, 10:30 AM",,OUTGOING,https://www.linkedin.com/in/thejacobkantor,https://www.linkedin.com/in/katherine-bontje
Jacob Kantor,Dr. Bhargav A. Vyas,"4/12/26, 10:13 AM",,OUTGOING,https://www.linkedin.com/in/thejacobkantor,https://www.linkedin.com/in/vyas77
Jacob Kantor,Renee Venegas,"4/12/26, 10:13 AM",,OUTGOING,https://www.linkedin.com/in/thejacobkantor,https://www.linkedin.com/in/renee-venegas
Jacob Kantor,Ilene Reinfeld,"4/12/26, 10:12 AM",,OUTGOING,https://www.linkedin.com/in/thejacobkantor,https://www.linkedin.com/in/ilene-reinfeld
Jacob Kantor,Anirban Jhuri,"4/12/26, 10:13 AM",,OUTGOING,https://www.linkedin.com/in/thejacobkantor,https://www.linkedin.com/in/anirbanjhuri
Jacob Kantor,"Natalie Boyne, Ph.D.","4/12/26, 8:16 AM",,OUTGOING,https://www.linkedin.com/in/thejacobkantor,https://www.linkedin.com/in/nataliemboyne
Jacob Kantor,Ankit Patel,"4/12/26, 8:15 AM",,OUTGOING,https://www.linkedin.com/in/thejacobkantor,https://www.linkedin.com/in/ankitpt
Jacob Kantor,Sam Weber,"4/12/26, 8:15 AM",,OUTGOING,https://www.linkedin.com/in/thejacobkantor,https://www.linkedin.com/in/sdweber21
Jacob Kantor,Žan Dapčevič,"4/12/26, 8:15 AM",,OUTGOING,https://www.linkedin.com/in/thejacobkantor,https://www.linkedin.com/in/zandap
Jacob Kantor,Brian Miller,"4/12/26, 8:15 AM",,OUTGOING,https://www.linkedin.com/in/thejacobkantor,https://www.linkedin.com/in/brian-miller-a07a337
Jacob Kantor,Heather Willis,"4/12/26, 8:15 AM",,OUTGOING,https://www.linkedin.com/in/thejacobkantor,https://www.linkedin.com/in/drheatherwillis
Jacob Kantor,Michael Escareno,"4/12/26, 8:15 AM",,OUTGOING,https://www.linkedin.com/in/thejacobkantor,https://www.linkedin.com/in/michael-escareno-01a620b2
Jacob Kantor,Alyssa Morton (Schechter),"4/12/26, 8:15 AM",,OUTGOING,https://www.linkedin.com/in/thejacobkantor,https://www.linkedin.com/in/alyssamorton
Jacob Kantor,David Rezaei,"4/12/26, 8:15 AM",,OUTGOING,https://www.linkedin.com/in/thejacobkantor,https://www.linkedin.com/in/drezaei904
Jacob Kantor,Andy Vogel,"4/11/26, 8:48 PM",,OUTGOING,https://www.linkedin.com/in/thejacobkantor,https://www.linkedin.com/in/andy-vogel
Jacob Kantor,Pete Sanderson,"4/11/26, 7:25 PM",,OUTGOING,https://www.linkedin.com/in/thejacobkantor,https://www.linkedin.com/in/peter-sanderson
Jacob Kantor,Joe Turner,"4/11/26, 7:25 PM",,OUTGOING,https://www.linkedin.com/in/thejacobkantor,https://www.linkedin.com/in/joe-turner-226b61117
Jacob Kantor,Mark Hughes,"4/11/26, 7:25 PM",,OUTGOING,https://www.linkedin.com/in/thejacobkantor,https://www.linkedin.com/in/mark-hughes-91b2601b
Jacob Kantor,Jessica Marliese Savino,"4/11/26, 7:24 PM",,OUTGOING,https://www.linkedin.com/in/thejacobkantor,https://www.linkedin.com/in/jessicamarliesesavino
Jacob Kantor,Abby Domine,"4/11/26, 7:24 PM",,OUTGOING,https://www.linkedin.com/in/thejacobkantor,https://www.linkedin.com/in/abbydomine
Jacob Kantor,Kyle Davis,"4/11/26, 7:23 PM",,OUTGOING,https://www.linkedin.com/in/thejacobkantor,https://www.linkedin.com/in/kyle-davis-179815143
Jacob Kantor,Brandon Anderson,"4/11/26, 7:23 PM",,OUTGOING,https://www.linkedin.com/in/thejacobkantor,https://www.linkedin.com/in/jestonbanderson
Jacob Kantor,Gloria Xu,"4/11/26, 7:22 PM",,OUTGOING,https://www.linkedin.com/in/thejacobkantor,https://www.linkedin.com/in/gloriaxuqiuyue
Jacob Kantor,Brian Barnes,"4/11/26, 7:22 PM",,OUTGOING,https://www.linkedin.com/in/thejacobkantor,https://www.linkedin.com/in/brianrbarnes
Jacob Kantor,G-Jay Yong,"4/11/26, 7:22 PM",,OUTGOING,https://www.linkedin.com/in/thejacobkantor,https://www.linkedin.com/in/gjyong
Jacob Kantor,"Brittany Cyran, MPH","4/11/26, 7:21 PM",,OUTGOING,https://www.linkedin.com/in/thejacobkantor,https://www.linkedin.com/in/brittanycyran
Jacob Kantor,Andrew Kenney,"4/11/26, 7:21 PM",,OUTGOING,https://www.linkedin.com/in/thejacobkantor,https://www.linkedin.com/in/akenney
Jacob Kantor,"Rachelle Fecteau, MBA, SHRM-SCP","4/11/26, 7:20 PM",,OUTGOING,https://www.linkedin.com/in/thejacobkantor,https://www.linkedin.com/in/rachelle-fecteau-mba-shrm-scp-2b888958
Jacob Kantor,"Scott Russian, CFA","4/11/26, 7:21 PM",,OUTGOING,https://www.linkedin.com/in/thejacobkantor,https://www.linkedin.com/in/scottrussian
Jacob Kantor,"Graham Opie, PMP","4/11/26, 7:21 PM",,OUTGOING,https://www.linkedin.com/in/thejacobkantor,https://www.linkedin.com/in/grahamopie
Jacob Kantor,Tess Michaels,"4/11/26, 7:20 PM",,OUTGOING,https://www.linkedin.com/in/thejacobkantor,https://www.linkedin.com/in/tessmichaels
Jacob Kantor,Vadim Ilchenko,"4/11/26, 7:20 PM",,OUTGOING,https://www.linkedin.com/in/thejacobkantor,https://www.linkedin.com/in/vadim-ilchenko
Jacob Kantor,Oleksandr Bartosiuk,"4/11/26, 7:20 PM",,OUTGOING,https://www.linkedin.com/in/thejacobkantor,https://www.linkedin.com/in/bartosiuk
Jacob Kantor,Alan Greenberg,"4/11/26, 3:34 PM",See you at cigars!,OUTGOING,https://www.linkedin.com/in/thejacobkantor,https://www.linkedin.com/in/alangreenberg8
Jacob Kantor,Katrina Jin,"4/11/26, 3:33 PM",,OUTGOING,https://www.linkedin.com/in/thejacobkantor,https://www.linkedin.com/in/caiyun-jin
Jacob Kantor,Justin Pickens,"4/11/26, 11:09 AM",,OUTGOING,https://www.linkedin.com/in/thejacobkantor,https://www.linkedin.com/in/justin-pickens
Jacob Kantor,Alix Jamison,"4/11/26, 8:13 AM",,OUTGOING,https://www.linkedin.com/in/thejacobkantor,https://www.linkedin.com/in/alixemerson
Jacob Kantor,Omar Lopez M. Ed.,"4/10/26, 8:37 PM",,OUTGOING,https://www.linkedin.com/in/thejacobkantor,https://www.linkedin.com/in/omar-lopez-edtechrgv
Jacob Kantor,June Han,"4/10/26, 7:26 PM",,OUTGOING,https://www.linkedin.com/in/thejacobkantor,https://www.linkedin.com/in/junjunehan
Jacob Kantor,Kunal Patil,"4/10/26, 7:26 PM",,OUTGOING,https://www.linkedin.com/in/thejacobkantor,https://www.linkedin.com/in/kp7730
Jacob Kantor,Samantha Bloom Friedman,"4/10/26, 7:26 PM",,OUTGOING,https://www.linkedin.com/in/thejacobkantor,https://www.linkedin.com/in/samanthabloomfriedman
Jacob Kantor,Shivani (Chokshi) Bhojwani,"4/10/26, 6:24 PM",,OUTGOING,https://www.linkedin.com/in/thejacobkantor,https://www.linkedin.com/in/shivanichokshi
Jacob Kantor,"Denise B. Sifuentes, M.Ed.","4/10/26, 5:29 PM",,OUTGOING,https://www.linkedin.com/in/thejacobkantor,https://www.linkedin.com/in/denise-b-s-5082461a5
Jacob Kantor,Lisa Marie Hanna,"4/10/26, 2:09 PM",,OUTGOING,https://www.linkedin.com/in/thejacobkantor,https://www.linkedin.com/in/lisa-marie-hanna
Jacob Kantor,Stuart Yates,"7/2/26, 5:43 PM",,OUTGOING,https://www.linkedin.com/in/thejacobkantor,https://www.linkedin.com/in/stuart-yates-707a5b366
Jacob Kantor,Ananya Kapoor,"4/10/26, 2:09 PM",,OUTGOING,https://www.linkedin.com/in/thejacobkantor,https://www.linkedin.com/in/ananya-kapoor-0959b3196
Jacob Kantor,Abhishek Mishra,"4/10/26, 2:09 PM",,OUTGOING,https://www.linkedin.com/in/thejacobkantor,https://www.linkedin.com/in/abhishek-mishra-b44a90393
Jacob Kantor,Dominique Chapman,"4/10/26, 2:09 PM",,OUTGOING,https://www.linkedin.com/in/thejacobkantor,https://www.linkedin.com/in/dominique-chapman-08908b197
Jacob Kantor,Corinne Bishop,"4/10/26, 2:09 PM",,OUTGOING,https://www.linkedin.com/in/thejacobkantor,https://www.linkedin.com/in/corinne-bishop
Jacob Kantor,Iain Raleigh,"4/10/26, 9:06 AM",,OUTGOING,https://www.linkedin.com/in/thejacobkantor,https://www.linkedin.com/in/iraleigh
Jacob Kantor,Mitchell Davis,"4/9/26, 8:45 PM",,OUTGOING,https://www.linkedin.com/in/thejacobkantor,https://www.linkedin.com/in/midavi15
Jacob Kantor,Heather Tow-Yick,"4/9/26, 7:04 PM",,OUTGOING,https://www.linkedin.com/in/thejacobkantor,https://www.linkedin.com/in/htowyick
Jacob Kantor,Paul M. Escala,"4/9/26, 7:04 PM",,OUTGOING,https://www.linkedin.com/in/thejacobkantor,https://www.linkedin.com/in/paulescala
Jacob Kantor,Komal Dadlani,"4/9/26, 6:21 PM",,OUTGOING,https://www.linkedin.com/in/thejacobkantor,https://www.linkedin.com/in/komaldadlani
Jacob Kantor,Andreea Chiș,"4/9/26, 4:13 PM",,OUTGOING,https://www.linkedin.com/in/thejacobkantor,https://www.linkedin.com/in/andreea-chis
Jacob Kantor,Emily Humble,"4/9/26, 12:09 PM",,OUTGOING,https://www.linkedin.com/in/thejacobkantor,https://www.linkedin.com/in/emily-humble-9132a039
Jacob Kantor,Anton Parfeniuk,"4/9/26, 8:45 AM",,OUTGOING,https://www.linkedin.com/in/thejacobkantor,https://www.linkedin.com/in/anton-parfeniuk
Jacob Kantor,Steve Kupfer,"4/9/26, 8:45 AM",,OUTGOING,https://www.linkedin.com/in/thejacobkantor,https://www.linkedin.com/in/kupfer
Jacob Kantor,Dexter Shy,"4/9/26, 8:13 AM",,OUTGOING,https://www.linkedin.com/in/thejacobkantor,https://www.linkedin.com/in/dextershy
Jacob Kantor,Maurice Wharton,"4/9/26, 8:13 AM",,OUTGOING,https://www.linkedin.com/in/thejacobkantor,https://www.linkedin.com/in/maurice-wharton
Jacob Kantor,Emma Jones,"4/8/26, 8:22 PM",,OUTGOING,https://www.linkedin.com/in/thejacobkantor,https://www.linkedin.com/in/emmalaureljones
Jacob Kantor,Jake Mosher,"4/8/26, 8:22 PM",,OUTGOING,https://www.linkedin.com/in/thejacobkantor,https://www.linkedin.com/in/the-real-jake-mosher
Jacob Kantor,Adam Hogue,"4/8/26, 8:03 PM",,OUTGOING,https://www.linkedin.com/in/thejacobkantor,https://www.linkedin.com/in/adam-hogue-59b75836
Jacob Kantor,Angela Wood,"4/8/26, 8:02 PM",,OUTGOING,https://www.linkedin.com/in/thejacobkantor,https://www.linkedin.com/in/angela-wood-21a594219
Jacob Kantor,Karlo Young,"4/8/26, 6:14 PM",Will you be at ASU GSV on Sunday? Hosting cigar night with some superintendents/asst sups/directors of innovation. LMK if I can send you info,OUTGOING,https://www.linkedin.com/in/thejacobkantor,https://www.linkedin.com/in/karloyoung
Jacob Kantor,Trey Hemmingsen,"4/8/26, 6:12 PM",Will you be at ASU GSV on Sunday? Hosting cigar night with some superintendents/asst sups/directors of innovation. LMK if I can send you info,OUTGOING,https://www.linkedin.com/in/thejacobkantor,https://www.linkedin.com/in/treyhemmingsen
Jacob Kantor,Alexa Petersen ,"4/8/26, 6:12 PM",Will you be at ASU GSV on Sunday? Hosting cigar night with some superintendents/asst sups/directors of innovation. LMK if I can send you info,OUTGOING,https://www.linkedin.com/in/thejacobkantor,https://www.linkedin.com/in/alexa-petersen-7a7741
Jacob Kantor,Mark Limbach,"4/8/26, 6:12 PM",Will you be at ASU GSV on Sunday? Hosting cigar night with some superintendents/asst sups/directors of innovation. LMK if I can send you info,OUTGOING,https://www.linkedin.com/in/thejacobkantor,https://www.linkedin.com/in/mark-limbach-41b14213
Jacob Kantor,Nicole Staubli,"4/8/26, 6:10 PM",Will you be at ASU GSV on Sunday? Hosting cigar night with some superintendents/asst sups/directors of innovation. LMK if I can send you info,OUTGOING,https://www.linkedin.com/in/thejacobkantor,https://www.linkedin.com/in/nstaubli
Jacob Kantor,Connor Harrington,"4/8/26, 6:09 PM",Will you be at ASU GSV on Sunday? Hosting cigar night with some superintendents/asst sups/directors of innovation. LMK if I can send you info,OUTGOING,https://www.linkedin.com/in/thejacobkantor,https://www.linkedin.com/in/connor-harrington-52a11a63
Jacob Kantor,Charlie Hadlow,"4/8/26, 6:08 PM",,OUTGOING,https://www.linkedin.com/in/thejacobkantor,https://www.linkedin.com/in/charlie-hadlow-277993b1
Jacob Kantor,Jordan Meranus,"4/8/26, 6:08 PM",Will you be at ASU GSV on Sunday? Hosting cigar night with some superintendents/asst sups/directors of innovation. LMK if I can send you info,OUTGOING,https://www.linkedin.com/in/thejacobkantor,https://www.linkedin.com/in/jordan-meranus-44159717
Jacob Kantor,Kim Fahey,"4/8/26, 6:08 PM",Will you be at ASU GSV on Sunday? Hosting cigar night with some superintendents/asst sups/directors of innovation. LMK if I can send you info,OUTGOING,https://www.linkedin.com/in/thejacobkantor,https://www.linkedin.com/in/kim-fahey-15b0715
Jacob Kantor,Bo Hurd,"4/8/26, 6:07 PM",,OUTGOING,https://www.linkedin.com/in/thejacobkantor,https://www.linkedin.com/in/bo-hurd
Jacob Kantor,Shabo Mulic,"4/8/26, 6:07 PM",Will you be at ASU GSV on Sunday? Hosting cigar night with some superintendents/asst sups/directors of innovation. LMK if I can send you info,OUTGOING,https://www.linkedin.com/in/thejacobkantor,https://www.linkedin.com/in/shabomulic
Jacob Kantor,Jonathan Shar,"4/8/26, 6:06 PM",Will you be at ASU GSV on Sunday? Hosting cigar night with some superintendents/asst sups/directors of innovation. LMK if I can send you info,OUTGOING,https://www.linkedin.com/in/thejacobkantor,https://www.linkedin.com/in/jonathan-shar-857b463
Jacob Kantor,Shawna Erdmann,"4/8/26, 6:06 PM",Will you be at ASU GSV on Sunday? Hosting cigar night with some superintendents/asst sups/directors of innovation. LMK if I can send you info,OUTGOING,https://www.linkedin.com/in/thejacobkantor,https://www.linkedin.com/in/shawnarabelloerdmann
Jacob Kantor,Sofia Wilson,"4/8/26, 6:05 PM",Will you be at ASU GSV on Sunday? Hosting cigar night with some superintendents/asst sups/directors of innovation. LMK if I can send you info,OUTGOING,https://www.linkedin.com/in/thejacobkantor,https://www.linkedin.com/in/sofia-wilson-47343327
Jacob Kantor,Julia Dallos,"4/8/26, 6:05 PM",Will you be at ASU GSV on Sunday? Hosting cigar night with some superintendents/asst sups/directors of innovation. LMK if I can send you info,OUTGOING,https://www.linkedin.com/in/thejacobkantor,https://www.linkedin.com/in/julia-dallos-3b3a8413
Jacob Kantor,Kelly Magner,"4/8/26, 6:05 PM",Will you be at ASU GSV on Sunday? Hosting cigar night with some superintendents/asst sups/directors of innovation. LMK if I can send you info,OUTGOING,https://www.linkedin.com/in/thejacobkantor,https://www.linkedin.com/in/kmmagner
Jacob Kantor,Kees Bol,"4/8/26, 6:04 PM",Will you be at ASU GSV on Sunday? Hosting cigar night with some superintendents/asst sups/directors of innovation. LMK if I can send you info,OUTGOING,https://www.linkedin.com/in/thejacobkantor,https://www.linkedin.com/in/kees-bol-4713421
Jacob Kantor,Brian Patry,"4/8/26, 6:02 PM",,OUTGOING,https://www.linkedin.com/in/thejacobkantor,https://www.linkedin.com/in/brianpatry
Jacob Kantor,"Molly O'Neill, PhD","4/8/26, 5:37 PM",,OUTGOING,https://www.linkedin.com/in/thejacobkantor,https://www.linkedin.com/in/molly-oneill-phd
Jacob Kantor,Brent Duckor,"4/8/26, 11:34 AM",,OUTGOING,https://www.linkedin.com/in/thejacobkantor,https://www.linkedin.com/in/brent-duckor-2bb07011
Jacob Kantor,Guillaume pare,"4/8/26, 10:18 AM",,OUTGOING,https://www.linkedin.com/in/thejacobkantor,https://www.linkedin.com/in/guillaume-pare-01a215295
Jacob Kantor,Matthew Harvey,"4/8/26, 10:18 AM",,OUTGOING,https://www.linkedin.com/in/thejacobkantor,https://www.linkedin.com/in/mattharvey41
Jacob Kantor,Caroline Lin,"4/7/26, 7:31 PM",,OUTGOING,https://www.linkedin.com/in/thejacobkantor,https://www.linkedin.com/in/carolinelin0721
Jacob Kantor,James P Collier,"4/7/26, 7:31 PM",,OUTGOING,https://www.linkedin.com/in/thejacobkantor,https://www.linkedin.com/in/jamespcollier
Jacob Kantor,Peter McBride,"4/7/26, 1:53 PM",,OUTGOING,https://www.linkedin.com/in/thejacobkantor,https://www.linkedin.com/in/peter-mcbride-32793268
Jacob Kantor,Suhail Farooqui,"4/7/26, 1:52 PM",,OUTGOING,https://www.linkedin.com/in/thejacobkantor,https://www.linkedin.com/in/suhailfarooqui
Jacob Kantor,Jamen Dyer Steelman,"4/7/26, 1:51 PM",,OUTGOING,https://www.linkedin.com/in/thejacobkantor,https://www.linkedin.com/in/jamensteelman
Jacob Kantor,Ahmed Huneidi,"4/7/26, 9:27 AM",,OUTGOING,https://www.linkedin.com/in/thejacobkantor,https://www.linkedin.com/in/ahmed-huneidi
Jacob Kantor,Katy Contreras,"4/6/26, 9:13 PM",,OUTGOING,https://www.linkedin.com/in/thejacobkantor,https://www.linkedin.com/in/katy-contreras
Jacob Kantor,Todd Bishop,"4/6/26, 3:04 PM",,OUTGOING,https://www.linkedin.com/in/thejacobkantor,https://www.linkedin.com/in/todd-bishop-b203726b
Jacob Kantor,Whitney Cooper,"4/6/26, 3:04 PM",,OUTGOING,https://www.linkedin.com/in/thejacobkantor,https://www.linkedin.com/in/whitneyicooper
Jacob Kantor,Morgan Wasik,"4/6/26, 3:04 PM",,OUTGOING,https://www.linkedin.com/in/thejacobkantor,https://www.linkedin.com/in/morgan-wasik-123396247
Jacob Kantor,Alexander Becker,"4/6/26, 1:00 PM",,OUTGOING,https://www.linkedin.com/in/thejacobkantor,https://www.linkedin.com/in/alexander-becker-79112735
Jacob Kantor,Jamie Davenport,"4/6/26, 1:00 PM",,OUTGOING,https://www.linkedin.com/in/thejacobkantor,https://www.linkedin.com/in/jamie-davenport-651621382
Jacob Kantor,Bryan Glasrud,"4/6/26, 12:58 PM",Hey Bryan - Pam Rabin passed me your info just now. She said you are the person I HAVE to talk to. ,OUTGOING,https://www.linkedin.com/in/thejacobkantor,https://www.linkedin.com/in/bglasrud
Jacob Kantor,Nick Schiner 🔜 Serious Play,"4/6/26, 8:24 AM",,OUTGOING,https://www.linkedin.com/in/thejacobkantor,https://www.linkedin.com/in/nickschiner
Jacob Kantor,"Kerry Gallagher, JD","4/5/26, 9:14 PM",,OUTGOING,https://www.linkedin.com/in/thejacobkantor,https://www.linkedin.com/in/kerrysheehangallagher
Jacob Kantor,Reece Leyh,"4/5/26, 7:53 PM",,OUTGOING,https://www.linkedin.com/in/thejacobkantor,https://www.linkedin.com/in/reece-leyh-k12edtech
Jacob Kantor,Rachelle Sakacs,"4/5/26, 7:53 PM",,OUTGOING,https://www.linkedin.com/in/thejacobkantor,https://www.linkedin.com/in/rachelle-sakacs-89443354
Jacob Kantor,"Keith Pretlow, Ed.D","4/5/26, 7:53 PM",,OUTGOING,https://www.linkedin.com/in/thejacobkantor,https://www.linkedin.com/in/drkeithpretlow
Jacob Kantor,MD Miraj Islam,"4/5/26, 7:52 PM",,OUTGOING,https://www.linkedin.com/in/thejacobkantor,https://www.linkedin.com/in/mdmirajislam
Jacob Kantor,Ray Barrera,"4/5/26, 7:52 PM",,OUTGOING,https://www.linkedin.com/in/thejacobkantor,https://www.linkedin.com/in/raybarrera
Jacob Kantor,Jacob Wertz,"4/5/26, 7:52 PM",,OUTGOING,https://www.linkedin.com/in/thejacobkantor,https://www.linkedin.com/in/jakewertz
Jacob Kantor,Arundeep Dhami,"4/5/26, 7:52 PM",,OUTGOING,https://www.linkedin.com/in/thejacobkantor,https://www.linkedin.com/in/arundeep-dhami
Jacob Kantor,Gareth Reece,"4/5/26, 7:52 PM",,OUTGOING,https://www.linkedin.com/in/thejacobkantor,https://www.linkedin.com/in/gareth-reece-7819763a
Jacob Kantor,Julian Voll,"4/5/26, 7:52 PM",,OUTGOING,https://www.linkedin.com/in/thejacobkantor,https://www.linkedin.com/in/thejulianvoll
Jacob Kantor,Jim Crawford,"4/5/26, 7:52 PM",,OUTGOING,https://www.linkedin.com/in/thejacobkantor,https://www.linkedin.com/in/jim-crawford-15040966
Jacob Kantor,Lindsey Joiner,"4/5/26, 7:52 PM",,OUTGOING,https://www.linkedin.com/in/thejacobkantor,https://www.linkedin.com/in/lindsey-joiner-b60188227
Jacob Kantor,Robert Westhoefer,"4/5/26, 7:52 PM",,OUTGOING,https://www.linkedin.com/in/thejacobkantor,https://www.linkedin.com/in/robert-westhoefer
Jacob Kantor,Jennifer Bailey,"4/5/26, 7:51 PM",,OUTGOING,https://www.linkedin.com/in/thejacobkantor,https://www.linkedin.com/in/jennifer-bailey-9a093b25
Jacob Kantor,Lewis Ellis,"4/5/26, 7:52 PM",,OUTGOING,https://www.linkedin.com/in/thejacobkantor,https://www.linkedin.com/in/lewis-ellis-657928107
Jacob Kantor,Greg Harp,"4/5/26, 7:52 PM",,OUTGOING,https://www.linkedin.com/in/thejacobkantor,https://www.linkedin.com/in/gregharp
Jacob Kantor,Phillip Steinert,"4/5/26, 7:52 PM",,OUTGOING,https://www.linkedin.com/in/thejacobkantor,https://www.linkedin.com/in/phillip-steinert-389a041a8
Jacob Kantor,Dhanashree Page,"4/5/26, 7:51 PM",,OUTGOING,https://www.linkedin.com/in/thejacobkantor,https://www.linkedin.com/in/dhanashreepagecsr
Jacob Kantor,Vicky Le,"4/5/26, 7:17 PM",,OUTGOING,https://www.linkedin.com/in/thejacobkantor,https://www.linkedin.com/in/vickyle
Jacob Kantor,Sarah Fryar,"3/31/26, 8:56 PM",,OUTGOING,https://www.linkedin.com/in/thejacobkantor,https://www.linkedin.com/in/sarahfryar
Jacob Kantor,Alan Tripp,"3/31/26, 8:56 PM",,OUTGOING,https://www.linkedin.com/in/thejacobkantor,https://www.linkedin.com/in/alantripp
Jacob Kantor,Steve Fitzgerald,"3/31/26, 8:56 PM",,OUTGOING,https://www.linkedin.com/in/thejacobkantor,https://www.linkedin.com/in/stevefitzgerald
Jacob Kantor,Ray Kelly,"3/31/26, 8:55 PM",,OUTGOING,https://www.linkedin.com/in/thejacobkantor,https://www.linkedin.com/in/raykelly
Jacob Kantor,Marissa Lowman,"3/31/26, 8:55 PM",,OUTGOING,https://www.linkedin.com/in/thejacobkantor,https://www.linkedin.com/in/marissalowman
Jacob Kantor,Kristy Cunningham,"3/31/26, 8:55 PM",,OUTGOING,https://www.linkedin.com/in/thejacobkantor,https://www.linkedin.com/in/kristy-s-cunningham
Jacob Kantor,"Sneha Kasuganti, CFA","3/31/26, 8:55 PM",,OUTGOING,https://www.linkedin.com/in/thejacobkantor,https://www.linkedin.com/in/sneha-kasuganti-cfa
Jacob Kantor,Mark Grovic,"3/31/26, 8:55 PM",,OUTGOING,https://www.linkedin.com/in/thejacobkantor,https://www.linkedin.com/in/grovic
Jacob Kantor,Lara Metcalf,"3/31/26, 8:54 PM",,OUTGOING,https://www.linkedin.com/in/thejacobkantor,https://www.linkedin.com/in/larametcalf
Jacob Kantor,"Melissa LaBarrere,M.Ed","3/31/26, 7:32 PM",,OUTGOING,https://www.linkedin.com/in/thejacobkantor,https://www.linkedin.com/in/melissa-labarrere
Jacob Kantor,"Adrian Straker, MS .Ed","3/31/26, 7:30 PM",,OUTGOING,https://www.linkedin.com/in/thejacobkantor,https://www.linkedin.com/in/adrianstraker85aml
Jacob Kantor,Sam Marley,"3/31/26, 7:22 PM",,OUTGOING,https://www.linkedin.com/in/thejacobkantor,https://www.linkedin.com/in/sam-marley-275a51a4
Jacob Kantor,Alex Penn,"3/31/26, 7:22 PM",,OUTGOING,https://www.linkedin.com/in/thejacobkantor,https://www.linkedin.com/in/apenn
Jacob Kantor,Armand Gaerlan,"3/31/26, 7:20 PM",YO,OUTGOING,https://www.linkedin.com/in/thejacobkantor,https://www.linkedin.com/in/armandgaerlan
Jacob Kantor,Jayna Devani,"3/31/26, 4:44 PM",,OUTGOING,https://www.linkedin.com/in/thejacobkantor,https://www.linkedin.com/in/jaynadevani
Jacob Kantor,Tam Nguyen,"3/31/26, 3:25 PM",Hey Tam - Chris Bell said I have to know you!,OUTGOING,https://www.linkedin.com/in/thejacobkantor,https://www.linkedin.com/in/tamminhnguyen
Jacob Kantor,Joshua Holmes,"3/31/26, 3:23 PM",,OUTGOING,https://www.linkedin.com/in/thejacobkantor,https://www.linkedin.com/in/joshua-holmes-letsconnect
Jacob Kantor,Kamlesh Gupta,"3/31/26, 2:11 PM",,OUTGOING,https://www.linkedin.com/in/thejacobkantor,https://www.linkedin.com/in/kamleshgupta2
Jacob Kantor,Robert Kwon,"3/31/26, 2:11 PM",,OUTGOING,https://www.linkedin.com/in/thejacobkantor,https://www.linkedin.com/in/robertkwon
Jacob Kantor,Euan Wilmshurst,"3/30/26, 10:47 PM",,OUTGOING,https://www.linkedin.com/in/thejacobkantor,https://www.linkedin.com/in/euan-wilmshurst
Jacob Kantor,Katrina Pendrick,"3/30/26, 10:06 PM",,OUTGOING,https://www.linkedin.com/in/thejacobkantor,https://www.linkedin.com/in/katrina-pendrick
Jacob Kantor,Emma Garrett Nelson ,"3/30/26, 6:59 PM",,OUTGOING,https://www.linkedin.com/in/thejacobkantor,https://www.linkedin.com/in/egarrnelson
Jacob Kantor,Amanda Cook,"3/30/26, 6:14 PM",,OUTGOING,https://www.linkedin.com/in/thejacobkantor,https://www.linkedin.com/in/amanda-cook-10168240
Jacob Kantor,Thomas Wallenius,"3/30/26, 6:14 PM",,OUTGOING,https://www.linkedin.com/in/thejacobkantor,https://www.linkedin.com/in/thomaswallenius
Jacob Kantor,Brenda Lampman Thompson,"3/30/26, 6:14 PM",,OUTGOING,https://www.linkedin.com/in/thejacobkantor,https://www.linkedin.com/in/brenda-lampman-thompson-ba943b3a4
Jacob Kantor,Michelle A. Barth,"3/30/26, 5:44 PM",,OUTGOING,https://www.linkedin.com/in/thejacobkantor,https://www.linkedin.com/in/michelleabarth
Jacob Kantor,"Dr. KC Curberson-Alvarado, Ed.D.,MBA","3/30/26, 5:07 PM",,OUTGOING,https://www.linkedin.com/in/thejacobkantor,https://www.linkedin.com/in/dralva
Jacob Kantor,"Julie Hong, Ed.D.","3/30/26, 5:07 PM",,OUTGOING,https://www.linkedin.com/in/thejacobkantor,https://www.linkedin.com/in/julie-hong-ed-d-5733766b
Jacob Kantor,Vincent Marigna,"3/30/26, 4:56 PM",,OUTGOING,https://www.linkedin.com/in/thejacobkantor,https://www.linkedin.com/in/vincent-marigna
Jacob Kantor,Jimmy Koerner,"3/30/26, 3:00 PM",,OUTGOING,https://www.linkedin.com/in/thejacobkantor,https://www.linkedin.com/in/jimmy-koerner-4542a091
Jacob Kantor,Eitan Fire,"3/30/26, 3:00 PM",,OUTGOING,https://www.linkedin.com/in/thejacobkantor,https://www.linkedin.com/in/eitanfire
Jacob Kantor,Lauren Van Gomple,"3/30/26, 2:59 PM",,OUTGOING,https://www.linkedin.com/in/thejacobkantor,https://www.linkedin.com/in/lauren-van-gomple
Jacob Kantor,Dana Kahlhamer,"3/30/26, 2:59 PM",,OUTGOING,https://www.linkedin.com/in/thejacobkantor,https://www.linkedin.com/in/dana-kahlhamer-7415507
Jacob Kantor,Zac Hansel,"3/30/26, 2:53 PM",Good to spend time with you at common sense!,OUTGOING,https://www.linkedin.com/in/thejacobkantor,https://www.linkedin.com/in/zac-hansel
Jacob Kantor,Yi Ng,"3/30/26, 2:52 PM",Good to spend time with you at common sense!,OUTGOING,https://www.linkedin.com/in/thejacobkantor,https://www.linkedin.com/in/yister
Jacob Kantor,Whitney Whealdon,"3/30/26, 2:52 PM",Good to spend time with you at common sense!,OUTGOING,https://www.linkedin.com/in/thejacobkantor,https://www.linkedin.com/in/whealdon
Jacob Kantor,Whitney Krapes,"3/30/26, 2:51 PM",Good to spend time with you at common sense!,OUTGOING,https://www.linkedin.com/in/thejacobkantor,https://www.linkedin.com/in/whitneykrapes
Jacob Kantor,Wendy Donner,"3/30/26, 2:51 PM",Good to spend time with you at common sense!,OUTGOING,https://www.linkedin.com/in/thejacobkantor,https://www.linkedin.com/in/wendydonner
Jacob Kantor,Vivian Chong,"3/30/26, 2:51 PM",Good to spend time with you at common sense!,OUTGOING,https://www.linkedin.com/in/thejacobkantor,https://www.linkedin.com/in/vchong112
Jacob Kantor,Vincent Wilson,"3/30/26, 2:50 PM",Good to spend time with you at common sense!,OUTGOING,https://www.linkedin.com/in/thejacobkantor,https://www.linkedin.com/in/vincent-wilson-08a75314
Jacob Kantor,Tyler Katzenberger,"3/30/26, 2:50 PM",Good to spend time with you at common sense!,OUTGOING,https://www.linkedin.com/in/thejacobkantor,https://www.linkedin.com/in/tyler-katzenberger-526393200
Jacob Kantor,Tricia Douglas,"3/30/26, 2:49 PM",Good to spend time with you at common sense!,OUTGOING,https://www.linkedin.com/in/thejacobkantor,https://www.linkedin.com/in/sayhitricia
Jacob Kantor,Terri Schwartzbeck,"3/30/26, 2:49 PM",Good to spend time with you at common sense!,OUTGOING,https://www.linkedin.com/in/thejacobkantor,https://www.linkedin.com/in/terrischwartzbeck
Jacob Kantor,Tazin Khan,"3/30/26, 2:48 PM",Good to spend time with you at common sense!,OUTGOING,https://www.linkedin.com/in/thejacobkantor,https://www.linkedin.com/in/tazin-khan-49930740
Jacob Kantor,Tara Shanley,"3/30/26, 2:48 PM",Good to spend time with you at common sense!,OUTGOING,https://www.linkedin.com/in/thejacobkantor,https://www.linkedin.com/in/tara-shanley
Jacob Kantor,"Tamara Sobel, J.D.","3/30/26, 2:47 PM",Good to spend time with you at common sense!,OUTGOING,https://www.linkedin.com/in/thejacobkantor,https://www.linkedin.com/in/tamara-sobel-j-d-022173149
Jacob Kantor,Talia Stringfellow,"3/30/26, 2:44 PM",Good to spend time with you at common sense!,OUTGOING,https://www.linkedin.com/in/thejacobkantor,https://www.linkedin.com/in/taliastringfellow
Jacob Kantor,"Supreet Mann, PhD","3/30/26, 2:44 PM",Good to spend time with you at common sense!,OUTGOING,https://www.linkedin.com/in/thejacobkantor,https://www.linkedin.com/in/supreet-mann-phd-2a403364
Jacob Kantor,Sunny Liu,"3/30/26, 2:44 PM",Good to spend time with you at common sense!,OUTGOING,https://www.linkedin.com/in/thejacobkantor,https://www.linkedin.com/in/sunny-liu-961a9134
Jacob Kantor,Steve Kesel,"3/30/26, 2:31 PM",Good to spend time with you at common sense!,OUTGOING,https://www.linkedin.com/in/thejacobkantor,https://www.linkedin.com/in/stevekesel
Jacob Kantor,Stephanie LeBlanc-Godfrey,"3/30/26, 2:31 PM",Good to spend time with you at common sense!,OUTGOING,https://www.linkedin.com/in/thejacobkantor,https://www.linkedin.com/in/stephanieleblancgodfrey
Jacob Kantor,Stacey Schesser,"3/30/26, 2:30 PM",Good to spend time with you at common sense!,OUTGOING,https://www.linkedin.com/in/thejacobkantor,https://www.linkedin.com/in/schess
Jacob Kantor,Simone Marean,"3/30/26, 2:30 PM",Good to spend time with you at common sense!,OUTGOING,https://www.linkedin.com/in/thejacobkantor,https://www.linkedin.com/in/simone-marean-4523915
Jacob Kantor,Silvia Lovato,"3/30/26, 2:30 PM",Good to spend time with you at common sense!,OUTGOING,https://www.linkedin.com/in/thejacobkantor,https://www.linkedin.com/in/silvialovato
Jacob Kantor,Sheri Lippman,"3/30/26, 2:29 PM",Good to spend time with you at common sense!,OUTGOING,https://www.linkedin.com/in/thejacobkantor,https://www.linkedin.com/in/sheri-lippman-02bab1a1
Jacob Kantor,Sharon Olken,"3/30/26, 2:28 PM",Good to spend time with you at common sense!,OUTGOING,https://www.linkedin.com/in/thejacobkantor,https://www.linkedin.com/in/sharon-olken-2515106
Jacob Kantor,Sharon Jones Phinney,"3/30/26, 2:28 PM",Good to spend time with you at common sense!,OUTGOING,https://www.linkedin.com/in/thejacobkantor,https://www.linkedin.com/in/sharon-jones-phinney
Jacob Kantor,Sarah Gallagher Trombley,"3/30/26, 2:28 PM",Good to spend time with you at common sense!,OUTGOING,https://www.linkedin.com/in/thejacobkantor,https://www.linkedin.com/in/sarah-gallagher-trombley-4737513
Jacob Kantor,Sarah Fahmy Breslaw,"3/30/26, 2:27 PM",Good to spend time with you at common sense!,OUTGOING,https://www.linkedin.com/in/thejacobkantor,https://www.linkedin.com/in/sarahbreslaw
Jacob Kantor,Sara Singer Schiff,"3/30/26, 2:26 PM",Good to spend time with you at common sense!,OUTGOING,https://www.linkedin.com/in/thejacobkantor,https://www.linkedin.com/in/sarasingerschiff
Jacob Kantor,Samantha Ketcham (Breault),"3/30/26, 2:26 PM",Good to spend time with you at common sense!,OUTGOING,https://www.linkedin.com/in/thejacobkantor,https://www.linkedin.com/in/samantha-ketcham
Jacob Kantor,Saffron Sadiq,"3/30/26, 2:26 PM",Good to spend time with you at common sense!,OUTGOING,https://www.linkedin.com/in/thejacobkantor,https://www.linkedin.com/in/saffronriasadiq
Jacob Kantor,Robert Garcia,"3/30/26, 2:25 PM",Good to spend time with you at common sense!,OUTGOING,https://www.linkedin.com/in/thejacobkantor,https://www.linkedin.com/in/garcia-robert
Jacob Kantor,Rob VanAlkemade,"3/30/26, 2:25 PM",Good to spend time with you at common sense!,OUTGOING,https://www.linkedin.com/in/thejacobkantor,https://www.linkedin.com/in/vanalkemade
Jacob Kantor,Rik Panganiban,"3/30/26, 2:24 PM",Good to spend time with you at common sense!,OUTGOING,https://www.linkedin.com/in/thejacobkantor,https://www.linkedin.com/in/rikomatic
Jacob Kantor,Richard Huskey,"3/30/26, 2:24 PM",Good to spend time with you at common sense!,OUTGOING,https://www.linkedin.com/in/thejacobkantor,https://www.linkedin.com/in/richardhuskey
Jacob Kantor,Rebecca Ruiz,"3/30/26, 2:23 PM",Good to spend time with you at common sense!,OUTGOING,https://www.linkedin.com/in/thejacobkantor,https://www.linkedin.com/in/rebeccaruiz
Jacob Kantor,Rebecca Goldberg,"3/30/26, 2:23 PM",Good to spend time with you at common sense!,OUTGOING,https://www.linkedin.com/in/thejacobkantor,https://www.linkedin.com/in/rebeccamgoldberg
Jacob Kantor,Randi Weingarten,"3/30/26, 2:23 PM",Good to spend time with you at common sense!,OUTGOING,https://www.linkedin.com/in/thejacobkantor,https://www.linkedin.com/in/randi-weingarten-05896224
Jacob Kantor,"Rachelle Raudes, MSL","3/30/26, 2:22 PM",Good to spend time with you at common sense!,OUTGOING,https://www.linkedin.com/in/thejacobkantor,https://www.linkedin.com/in/rachelle-raudes
Jacob Kantor,Paul Siefken,"3/30/26, 2:22 PM",Good to spend time with you at common sense!,OUTGOING,https://www.linkedin.com/in/thejacobkantor,https://www.linkedin.com/in/paulsiefken
Jacob Kantor,Patti Miller,"3/30/26, 2:21 PM",Good to spend time with you at common sense!,OUTGOING,https://www.linkedin.com/in/thejacobkantor,https://www.linkedin.com/in/patti-miller-65370b3
Jacob Kantor,"Nina Vasan, MD, MBA","3/30/26, 2:21 PM",Good to spend time with you at common sense!,OUTGOING,https://www.linkedin.com/in/thejacobkantor,https://www.linkedin.com/in/ninavasan
Jacob Kantor,Nina Kaiser,"3/30/26, 2:20 PM",Good to spend time with you at common sense!,OUTGOING,https://www.linkedin.com/in/thejacobkantor,https://www.linkedin.com/in/nina-kaiser-79227513
Jacob Kantor,Nidhi Sharma,"3/30/26, 2:20 PM",Good to spend time with you at common sense!,OUTGOING,https://www.linkedin.com/in/thejacobkantor,https://www.linkedin.com/in/nidhi21
Jacob Kantor,"Nicole Owings-Fonner, MA, PMP","3/30/26, 2:20 PM",Good to spend time with you at common sense!,OUTGOING,https://www.linkedin.com/in/thejacobkantor,https://www.linkedin.com/in/nicole-owings-fonner
Jacob Kantor,"Monika Neff Lind, PhD","3/30/26, 2:19 PM",Good to spend time with you at common sense!,OUTGOING,https://www.linkedin.com/in/thejacobkantor,https://www.linkedin.com/in/monika-neff-lind-phd
Jacob Kantor,Molly Takagi,"3/30/26, 2:19 PM",Good to spend time with you at common sense!,OUTGOING,https://www.linkedin.com/in/thejacobkantor,https://www.linkedin.com/in/molly-takagi-5b850a5b
Jacob Kantor,Mindy Laponis,"3/30/26, 2:19 PM",Good to spend time with you at common sense!,OUTGOING,https://www.linkedin.com/in/thejacobkantor,https://www.linkedin.com/in/mindy-laponis-70468339
Jacob Kantor,Megan Morrone,"3/30/26, 2:15 PM",Good to spend time with you at common sense!,OUTGOING,https://www.linkedin.com/in/thejacobkantor,https://www.linkedin.com/in/meganmorrone
Jacob Kantor,Maya Englehorn,"3/30/26, 2:14 PM",Good to spend time with you at common sense!,OUTGOING,https://www.linkedin.com/in/thejacobkantor,https://www.linkedin.com/in/maya-englehorn-9354a1222
Jacob Kantor,"Mathilde Cerioli, Ph.D","3/30/26, 2:12 PM",Good to spend time with you at common sense!,OUTGOING,https://www.linkedin.com/in/thejacobkantor,https://www.linkedin.com/in/mathilde-neugnot-cerioli
Jacob Kantor,Mary Zhu,"3/30/26, 2:12 PM",Good to spend time with you at common sense!,OUTGOING,https://www.linkedin.com/in/thejacobkantor,https://www.linkedin.com/in/maryyzhu
Jacob Kantor,Mark Drexler,"3/30/26, 2:11 PM",Good to spend time with you at common sense!,OUTGOING,https://www.linkedin.com/in/thejacobkantor,https://www.linkedin.com/in/drexlermark
Jacob Kantor,Mahalia Morgan,"3/30/26, 2:11 PM",Good to spend time with you at common sense!,OUTGOING,https://www.linkedin.com/in/thejacobkantor,https://www.linkedin.com/in/mahalia-morgan2027
Jacob Kantor,Lisa Ann Sepulveda,"3/30/26, 2:09 PM",Good to spend time with you at common sense!,OUTGOING,https://www.linkedin.com/in/thejacobkantor,https://www.linkedin.com/in/lisaannsepulveda
Jacob Kantor,Leo Jeronimo,"3/30/26, 2:09 PM",,OUTGOING,https://www.linkedin.com/in/thejacobkantor,https://www.linkedin.com/in/leo-jeronimo-292893284
Jacob Kantor,Leah Defenbaugh,"3/30/26, 2:09 PM",Good to spend time with you at common sense!,OUTGOING,https://www.linkedin.com/in/thejacobkantor,https://www.linkedin.com/in/leah-defenbaugh
Jacob Kantor,Lawrence Wilkinson,"3/30/26, 2:09 PM",Good to spend time with you at common sense!,OUTGOING,https://www.linkedin.com/in/thejacobkantor,https://www.linkedin.com/in/lhwilkinson
Jacob Kantor,Lauren Rahlson (Peterson),"3/30/26, 2:08 PM",,OUTGOING,https://www.linkedin.com/in/thejacobkantor,https://www.linkedin.com/in/lauren-rahlson-peterson-000991115
Jacob Kantor,"Lauren Girouard, PhD","3/30/26, 2:06 PM",Good to spend time with you at common sense!,OUTGOING,https://www.linkedin.com/in/thejacobkantor,https://www.linkedin.com/in/lauren-girouard-phd-6b9305182
Jacob Kantor,Laura Danforth,"3/30/26, 2:05 PM",Good to spend time with you at common sense!,OUTGOING,https://www.linkedin.com/in/thejacobkantor,https://www.linkedin.com/in/laura-danforth
Jacob Kantor,"Kyra Brissette, MBA","3/30/26, 2:03 PM",Good to spend time with you at common sense!,OUTGOING,https://www.linkedin.com/in/thejacobkantor,https://www.linkedin.com/in/kyra-brissette-mba-b2a6391
Jacob Kantor,Kristy Taylor,"3/30/26, 2:03 PM",Good to spend time with you at common sense!,OUTGOING,https://www.linkedin.com/in/thejacobkantor,https://www.linkedin.com/in/kristy-taylor-5325212a
Jacob Kantor,Kris Perry,"3/30/26, 2:03 PM",Good to spend time with you at common sense!,OUTGOING,https://www.linkedin.com/in/thejacobkantor,https://www.linkedin.com/in/kris-perry
Jacob Kantor,Kirsten Olsen Cahill,"3/30/26, 2:03 PM",Good to spend time with you at common sense!,OUTGOING,https://www.linkedin.com/in/thejacobkantor,https://www.linkedin.com/in/kirsten-olsen-cahill
Jacob Kantor,Kirk Bjorkman Wandy,"3/30/26, 2:02 PM",Good to spend time with you at common sense!,OUTGOING,https://www.linkedin.com/in/thejacobkantor,https://www.linkedin.com/in/kirkbjorkmanwandy
Jacob Kantor,Khushi Malde,"3/30/26, 2:01 PM",Good to spend time with you at common sense!,OUTGOING,https://www.linkedin.com/in/thejacobkantor,https://www.linkedin.com/in/khushi-malde
Jacob Kantor,Kevin Walther,"3/30/26, 2:01 PM",Good to spend time with you at common sense!,OUTGOING,https://www.linkedin.com/in/thejacobkantor,https://www.linkedin.com/in/kevin-walther-52b16125
Jacob Kantor,Kelly McKinley,"3/30/26, 2:00 PM",Good to spend time with you at common sense!,OUTGOING,https://www.linkedin.com/in/thejacobkantor,https://www.linkedin.com/in/kelly-mckinley-4286a721
Jacob Kantor,Katya Hancock,"3/30/26, 1:59 PM",Good to spend time with you at common sense!,OUTGOING,https://www.linkedin.com/in/thejacobkantor,https://www.linkedin.com/in/katyahancock
Jacob Kantor,Katie Krcal,"3/30/26, 1:58 PM",Good to spend time with you at common sense!,OUTGOING,https://www.linkedin.com/in/thejacobkantor,https://www.linkedin.com/in/katiekrcal
Jacob Kantor,Katharine Greenbaum,"3/30/26, 1:58 PM",Good to spend time with you at common sense!,OUTGOING,https://www.linkedin.com/in/thejacobkantor,https://www.linkedin.com/in/katharine-greenbaum-5a256114
Jacob Kantor,Kami Peer,"3/30/26, 1:57 PM",Good to spend time with you at common sense!,OUTGOING,https://www.linkedin.com/in/thejacobkantor,https://www.linkedin.com/in/kami-peer
Jacob Kantor,Kaamna Bhojwani,"3/30/26, 1:58 PM",Good to spend time with you at common sense!,OUTGOING,https://www.linkedin.com/in/thejacobkantor,https://www.linkedin.com/in/kaamnabhojwani
Jacob Kantor,Julia Sellers,"3/30/26, 1:57 PM",Good to spend time with you at common sense!,OUTGOING,https://www.linkedin.com/in/thejacobkantor,https://www.linkedin.com/in/julia-sellers-a4a5531a
Jacob Kantor,Juan Mendoza,"3/30/26, 1:56 PM",Good to spend time with you at common sense!,OUTGOING,https://www.linkedin.com/in/thejacobkantor,https://www.linkedin.com/in/juanlm1331
Jacob Kantor,Joshua Kagi,"3/30/26, 1:56 PM",Good to spend time with you at common sense!,OUTGOING,https://www.linkedin.com/in/thejacobkantor,https://www.linkedin.com/in/joshuakagi
Jacob Kantor,Joseph Gidjunis,"3/30/26, 1:55 PM",Good to spend time with you at common sense!,OUTGOING,https://www.linkedin.com/in/thejacobkantor,https://www.linkedin.com/in/joseph-gidjunis
Jacob Kantor,Joel Breakstone,"3/30/26, 1:54 PM",Good to spend time with you at common sense!,OUTGOING,https://www.linkedin.com/in/thejacobkantor,https://www.linkedin.com/in/breakstone
Jacob Kantor,"Jeremiah Aja, M.A., M.Div., LPCC","3/30/26, 1:52 PM",Good to spend time with you at common sense!,OUTGOING,https://www.linkedin.com/in/thejacobkantor,https://www.linkedin.com/in/jeremiahaja
Jacob Kantor,Jen Weiss,"3/30/26, 1:52 PM",,OUTGOING,https://www.linkedin.com/in/thejacobkantor,https://www.linkedin.com/in/jen-weiss-coaching-consulting
Jacob Kantor,Jennifer Gottesfeld,"3/30/26, 1:51 PM",Good to spend time with you at common sense!,OUTGOING,https://www.linkedin.com/in/thejacobkantor,https://www.linkedin.com/in/jennifer-gottesfeld-133b7b18
Jacob Kantor,Jennifer Berger,"3/30/26, 1:51 PM",,OUTGOING,https://www.linkedin.com/in/thejacobkantor,https://www.linkedin.com/in/jennifer-berger-09a08a115
Jacob Kantor,Jennifer Arnest,"3/30/26, 1:50 PM",Good to spend time with you at common sense!,OUTGOING,https://www.linkedin.com/in/thejacobkantor,https://www.linkedin.com/in/jenniferarnest
Jacob Kantor,Jennifer Camus-Beebe,"3/30/26, 1:50 PM",Good to spend time with you at common sense!,OUTGOING,https://www.linkedin.com/in/thejacobkantor,https://www.linkedin.com/in/jennifercamus
Jacob Kantor,Jeffrey C. Riley,"3/30/26, 1:49 PM",Good to spend time with you at common sense!,OUTGOING,https://www.linkedin.com/in/thejacobkantor,https://www.linkedin.com/in/jeffrey-c-riley-a110608b
Jacob Kantor,"Jasmine Maze, M.S.Ed. ","3/30/26, 1:47 PM",Good to spend time with you at common sense!,OUTGOING,https://www.linkedin.com/in/thejacobkantor,https://www.linkedin.com/in/jasminemaze
Jacob Kantor,Jasmine Hood Miller,"3/30/26, 1:45 PM",Good to spend time with you at common sense!,OUTGOING,https://www.linkedin.com/in/thejacobkantor,https://www.linkedin.com/in/jasminehoodmiller
Jacob Kantor,Jamika Doakes,"3/30/26, 1:45 PM",Good to spend time with you at common sense!,OUTGOING,https://www.linkedin.com/in/thejacobkantor,https://www.linkedin.com/in/jamika-doakes
Jacob Kantor,Jake Rozran,"3/30/26, 1:45 PM",Good to spend time with you at common sense!,OUTGOING,https://www.linkedin.com/in/thejacobkantor,https://www.linkedin.com/in/jacob-rozran
Jacob Kantor,Jahnavi Rao,"3/30/26, 1:44 PM",Good to spend time with you at common sense!,OUTGOING,https://www.linkedin.com/in/thejacobkantor,https://www.linkedin.com/in/jahnavirao
Jacob Kantor,"Jacqueline Vickery, PhD","3/30/26, 1:44 PM",Good to spend time with you at common sense! ,OUTGOING,https://www.linkedin.com/in/thejacobkantor,https://www.linkedin.com/in/jrvickery
Jacob Kantor,Hilary McDaniel,"3/30/26, 1:42 PM",Good to spend time with you at common sense!,OUTGOING,https://www.linkedin.com/in/thejacobkantor,https://www.linkedin.com/in/hilary-mcdaniel
Jacob Kantor,Helen Yang,"3/30/26, 1:42 PM",Good to spend time with you at common sense!,OUTGOING,https://www.linkedin.com/in/thejacobkantor,https://www.linkedin.com/in/helenart
Jacob Kantor,Hannah Kahl,"3/30/26, 1:41 PM",Good to spend time with you at common sense!,OUTGOING,https://www.linkedin.com/in/thejacobkantor,https://www.linkedin.com/in/hannah-kahl-409072127
Jacob Kantor,Hannah Griswold,"3/30/26, 1:41 PM",Good to spend time with you at common sense!,OUTGOING,https://www.linkedin.com/in/thejacobkantor,https://www.linkedin.com/in/hannah-griswold-12a65b230
Jacob Kantor,Dave Zachman,"3/30/26, 12:22 PM",,OUTGOING,https://www.linkedin.com/in/thejacobkantor,https://www.linkedin.com/in/dave-zachman-02b5b024
Jacob Kantor,Behzad Sadeghi,"3/30/26, 12:19 PM",,OUTGOING,https://www.linkedin.com/in/thejacobkantor,https://www.linkedin.com/in/behzadsadeghi
Jacob Kantor,Damon Glymph,"3/30/26, 12:18 PM",Great to be with you at Kiumars house!,OUTGOING,https://www.linkedin.com/in/thejacobkantor,https://www.linkedin.com/in/damonglymph
Jacob Kantor,Daniel O'Neil,"3/30/26, 12:17 PM",,OUTGOING,https://www.linkedin.com/in/thejacobkantor,https://www.linkedin.com/in/daniel-o-neil-a012a8216
Jacob Kantor,John Helgeson,"3/30/26, 12:16 PM",Great to be with you at Kiumars house!,OUTGOING,https://www.linkedin.com/in/thejacobkantor,https://www.linkedin.com/in/john-helgeson-72a72516
Jacob Kantor,John Helgeson,"3/30/26, 12:16 PM",Great to be with you at Kiumars house!,OUTGOING,https://www.linkedin.com/in/thejacobkantor,https://www.linkedin.com/in/john-helgeson
Jacob Kantor,Kelly Gomez,"3/30/26, 12:16 PM",Great to be with you at Kiumars house!,OUTGOING,https://www.linkedin.com/in/thejacobkantor,https://www.linkedin.com/in/kelly-gomez-41ba5743
Jacob Kantor,Nadia Shaiq,"3/30/26, 12:15 PM",Nadia Shaiq,OUTGOING,https://www.linkedin.com/in/thejacobkantor,https://www.linkedin.com/in/nadia-shaiq-420484175
Jacob Kantor,Okaiteye Paul,"3/30/26, 12:15 PM",Great to be with you at Kiumars house!,OUTGOING,https://www.linkedin.com/in/thejacobkantor,https://www.linkedin.com/in/okaiteye-paul-6b1190169
Jacob Kantor,"Sonali Tucker - MBA, Ed.D.","3/30/26, 12:15 PM",Great to be with you at Kiumars house!,OUTGOING,https://www.linkedin.com/in/thejacobkantor,https://www.linkedin.com/in/sonali-tucker-mba-ed-d-0a419b3b
Jacob Kantor,Tracy Austin,"3/30/26, 12:14 PM",Great to be with you at Kiumars house!,OUTGOING,https://www.linkedin.com/in/thejacobkantor,https://www.linkedin.com/in/tracyleaaustin
Jacob Kantor,Ranie Lambe,"3/30/26, 12:13 PM",were you at Kiumars house?,OUTGOING,https://www.linkedin.com/in/thejacobkantor,https://www.linkedin.com/in/ranie-lambe
Jacob Kantor,Ellen Li,"3/30/26, 12:12 PM",Ellen Li,OUTGOING,https://www.linkedin.com/in/thejacobkantor,https://www.linkedin.com/in/ellenlyj
Jacob Kantor,"Aida  Tate, Ed.D. 🌻","3/30/26, 12:11 PM",Great to be with you at Kiumars house!,OUTGOING,https://www.linkedin.com/in/thejacobkantor,https://www.linkedin.com/in/aida-tate-ed-d-7199a010
Jacob Kantor,Angeline Chen,"3/30/26, 12:11 PM",Great to be with you at Kiumars house!,OUTGOING,https://www.linkedin.com/in/thejacobkantor,https://www.linkedin.com/in/angelinechenlaw
Jacob Kantor,David Ritcherson,"3/30/26, 12:10 PM",Great to be with you at Kiumars house!,OUTGOING,https://www.linkedin.com/in/thejacobkantor,https://www.linkedin.com/in/david-ritcherson-51314331
Jacob Kantor,Hedako Brown,"3/30/26, 12:09 PM",Great to be with you at Kiumars house!,OUTGOING,https://www.linkedin.com/in/thejacobkantor,https://www.linkedin.com/in/hedako-brown-6108a33ba
Jacob Kantor,Ian Eddy,"3/30/26, 12:08 PM",Great to be with you at Kiumars house!,OUTGOING,https://www.linkedin.com/in/thejacobkantor,https://www.linkedin.com/in/ian-eddy-b4922913
Jacob Kantor,"Ifeyinwa Njubigbo, Ed.D","3/30/26, 12:08 PM",Great to be with you at Kiumars house!,OUTGOING,https://www.linkedin.com/in/thejacobkantor,https://www.linkedin.com/in/ifeyinwa-njubigbo-ed-d-311b37154
Jacob Kantor,Ara Issagholian,"3/30/26, 11:37 AM",,OUTGOING,https://www.linkedin.com/in/thejacobkantor,https://www.linkedin.com/in/ara-issagholian-b4aa676
Jacob Kantor,Stacy Behmer,"3/30/26, 11:26 AM",,OUTGOING,https://www.linkedin.com/in/thejacobkantor,https://www.linkedin.com/in/stacy-behmer-8564015
Jacob Kantor,Holly Papworth,"3/30/26, 11:20 AM",,OUTGOING,https://www.linkedin.com/in/thejacobkantor,https://www.linkedin.com/in/hollypapworth
Jacob Kantor,Jonno White WI-DG-TE,"3/30/26, 10:25 AM",,OUTGOING,https://www.linkedin.com/in/thejacobkantor,https://www.linkedin.com/in/jonno-white-wi-dg-te-983486136
Jacob Kantor,Brett Stidham,"3/30/26, 9:22 AM",,OUTGOING,https://www.linkedin.com/in/thejacobkantor,https://www.linkedin.com/in/brett-stidham
Jacob Kantor,Jason Mitan,"3/30/26, 9:22 AM",,OUTGOING,https://www.linkedin.com/in/thejacobkantor,https://www.linkedin.com/in/jason-mitan
Jacob Kantor,Shawn Levi Robinson,"3/30/26, 9:22 AM",,OUTGOING,https://www.linkedin.com/in/thejacobkantor,https://www.linkedin.com/in/shawn-levi-robinson-13312b8
Jacob Kantor,Ruth Burnett,"3/30/26, 9:22 AM",,OUTGOING,https://www.linkedin.com/in/thejacobkantor,https://www.linkedin.com/in/ruth-burnett-337561267
Jacob Kantor,Ty Duncan,"3/30/26, 9:22 AM",,OUTGOING,https://www.linkedin.com/in/thejacobkantor,https://www.linkedin.com/in/ty-duncan-b99b9414
Jacob Kantor,"Gena Koster, Ed.D.","3/30/26, 9:22 AM",,OUTGOING,https://www.linkedin.com/in/thejacobkantor,https://www.linkedin.com/in/genakoster
Jacob Kantor,Jeremy Hessman,"3/30/26, 9:21 AM",,OUTGOING,https://www.linkedin.com/in/thejacobkantor,https://www.linkedin.com/in/jeremy-hessman-43627261
Jacob Kantor,Anya Dalkin,"3/30/26, 9:22 AM",,OUTGOING,https://www.linkedin.com/in/thejacobkantor,https://www.linkedin.com/in/anya-dalkin-9a261562
Jacob Kantor,Alice Hladkykh,"3/30/26, 9:21 AM",,OUTGOING,https://www.linkedin.com/in/thejacobkantor,https://www.linkedin.com/in/alicehladkykh
Jacob Kantor,Guyang Chen-Ware,"3/30/26, 8:59 AM",Good to be at Common Sense with you last week!,OUTGOING,https://www.linkedin.com/in/thejacobkantor,https://www.linkedin.com/in/guyangchenware
Jacob Kantor,Giulia Geneletti,"3/30/26, 8:59 AM",Good to be at Common Sense with you last week!,OUTGOING,https://www.linkedin.com/in/thejacobkantor,https://www.linkedin.com/in/giulia-geneletti
Jacob Kantor,Gabrielle Durana,"3/30/26, 8:58 AM",Good to be at Common Sense with you last week!,OUTGOING,https://www.linkedin.com/in/thejacobkantor,https://www.linkedin.com/in/gabrielledurana
Jacob Kantor,Flora Troy,"3/30/26, 8:57 AM",Good to be at Common Sense with you last week!,OUTGOING,https://www.linkedin.com/in/thejacobkantor,https://www.linkedin.com/in/flora-troy
Jacob Kantor,Ezza Naveed 📖,"3/30/26, 8:57 AM",Good to be at Common Sense with you last week!,OUTGOING,https://www.linkedin.com/in/thejacobkantor,https://www.linkedin.com/in/enaveed
Jacob Kantor,Evan Welty,"3/30/26, 8:56 AM",Good to be at Common Sense with you last week!,OUTGOING,https://www.linkedin.com/in/thejacobkantor,https://www.linkedin.com/in/evan-welty-42143b351
Jacob Kantor,Evan Welty,"3/30/26, 8:55 AM",Good to be at Common Sense with you last week!,OUTGOING,https://www.linkedin.com/in/thejacobkantor,https://www.linkedin.com/in/evan-welty
Jacob Kantor,Erikk Henderson-Hood,"3/30/26, 8:55 AM",Good to be at Common Sense with you last week!,OUTGOING,https://www.linkedin.com/in/thejacobkantor,https://www.linkedin.com/in/erikkhood
Jacob Kantor,Emma Dorn,"3/30/26, 8:54 AM",Good to be at Common Sense with you last week!,OUTGOING,https://www.linkedin.com/in/thejacobkantor,https://www.linkedin.com/in/emma-dorn-1676101
Jacob Kantor,Emily W.,"3/30/26, 8:53 AM",Good to be at Common Sense with you last week!,OUTGOING,https://www.linkedin.com/in/thejacobkantor,https://www.linkedin.com/in/emily-w-82599a84
Jacob Kantor,Emily Schlemmer,"3/30/26, 8:52 AM",Good to be at Common Sense with you last week!,OUTGOING,https://www.linkedin.com/in/thejacobkantor,https://www.linkedin.com/in/emilyschlemmer
Jacob Kantor,Emily (Markovich) Morris,"3/30/26, 8:50 AM",Good to be at Common Sense with you last week!,OUTGOING,https://www.linkedin.com/in/thejacobkantor,https://www.linkedin.com/in/emilymarmorris
Jacob Kantor,Elyse Rowe,"3/30/26, 8:50 AM",Good to be at Common Sense with you last week!,OUTGOING,https://www.linkedin.com/in/thejacobkantor,https://www.linkedin.com/in/elyserowe
Jacob Kantor,Elva Si,"3/30/26, 8:49 AM",Good to be at Common Sense with you last week!,OUTGOING,https://www.linkedin.com/in/thejacobkantor,https://www.linkedin.com/in/yanwenelvasi
Jacob Kantor,Elizabeth Foley,"3/30/26, 8:48 AM",Good to be at Common Sense with you last week!,OUTGOING,https://www.linkedin.com/in/thejacobkantor,https://www.linkedin.com/in/elizabeth-foley-97a8a74
Jacob Kantor,Edda Collins Coleman,"3/30/26, 8:45 AM",Good to be at Common Sense with you last week!,OUTGOING,https://www.linkedin.com/in/thejacobkantor,https://www.linkedin.com/in/eddacoleman
Jacob Kantor,Donnell Probst,"3/30/26, 8:45 AM",Good to be at Common Sense with you last week!,OUTGOING,https://www.linkedin.com/in/thejacobkantor,https://www.linkedin.com/in/donnell
Jacob Kantor,Donald McKendrick,"3/30/26, 8:45 AM",Good to be at Common Sense with you last week!,OUTGOING,https://www.linkedin.com/in/thejacobkantor,https://www.linkedin.com/in/donaldmckendrick
Jacob Kantor,Diana Tran,"3/30/26, 8:44 AM",Good to be at Common Sense with you last week!,OUTGOING,https://www.linkedin.com/in/thejacobkantor,https://www.linkedin.com/in/dianatamdantran
Jacob Kantor,Diana Hawkins Manuelian,"3/30/26, 8:43 AM",Good to be at Common Sense with you last week!,OUTGOING,https://www.linkedin.com/in/thejacobkantor,https://www.linkedin.com/in/diana-hawkins-manuelian-88a526
Jacob Kantor,Diana Hawkins,"3/30/26, 8:43 AM",,OUTGOING,https://www.linkedin.com/in/thejacobkantor,https://www.linkedin.com/in/diana-hawkins-159b9012
Jacob Kantor,Debbie Truong,"3/30/26, 8:43 AM",Good to be at Common Sense with you last week!,OUTGOING,https://www.linkedin.com/in/thejacobkantor,https://www.linkedin.com/in/debbietruong
Jacob Kantor,Dawn Thomsen,"3/30/26, 8:42 AM",Good to be at Common Sense with you last week!,OUTGOING,https://www.linkedin.com/in/thejacobkantor,https://www.linkedin.com/in/dawnthomsen
Jacob Kantor,Dawn Bounds,"3/30/26, 8:42 AM",Good to be at Common Sense with you last week!,OUTGOING,https://www.linkedin.com/in/thejacobkantor,https://www.linkedin.com/in/dawntbounds
Jacob Kantor,Dave Notari,"3/30/26, 8:42 AM",Good to be at Common Sense with you last week!,OUTGOING,https://www.linkedin.com/in/thejacobkantor,https://www.linkedin.com/in/dave-notari-2757569
Jacob Kantor,David Freedland,"3/30/26, 8:41 AM",Good to be at Common Sense with you last week!,OUTGOING,https://www.linkedin.com/in/thejacobkantor,https://www.linkedin.com/in/dfreedland
Jacob Kantor,David Bayne,"3/30/26, 8:41 AM",Good to be at Common Sense with you last week!,OUTGOING,https://www.linkedin.com/in/thejacobkantor,https://www.linkedin.com/in/david-bayne-8b697b9
Jacob Kantor,Dave Peth,"3/30/26, 8:40 AM",Good to be at Common Sense with you last week!,OUTGOING,https://www.linkedin.com/in/thejacobkantor,https://www.linkedin.com/in/davepeth
Jacob Kantor,Darla Silva,"3/30/26, 8:40 AM",Good to be at Common Sense with you last week!,OUTGOING,https://www.linkedin.com/in/thejacobkantor,https://www.linkedin.com/in/darla-silva-7675651b
Jacob Kantor,Darja Djordjevic MD PhD,"3/30/26, 8:40 AM",Good to be at Common Sense with you last week!,OUTGOING,https://www.linkedin.com/in/thejacobkantor,https://www.linkedin.com/in/darja-djordjevicmdphd
Jacob Kantor,Daniel Weiss,"3/30/26, 8:39 AM",Good to be at Common Sense with you last week!,OUTGOING,https://www.linkedin.com/in/thejacobkantor,https://www.linkedin.com/in/danieldannyweiss
Jacob Kantor,Dane W.,"3/30/26, 8:36 AM",Good to be at Common Sense with you last week!,OUTGOING,https://www.linkedin.com/in/thejacobkantor,https://www.linkedin.com/in/danewitbeck
Jacob Kantor,Dan Sawney,"3/30/26, 8:36 AM",Good to be at Common Sense with you last week!,OUTGOING,https://www.linkedin.com/in/thejacobkantor,https://www.linkedin.com/in/dsawney
Jacob Kantor,Dan Rea,"3/30/26, 8:36 AM",Good to be at Common Sense with you last week!,OUTGOING,https://www.linkedin.com/in/thejacobkantor,https://www.linkedin.com/in/dan-rea-bb493118
Jacob Kantor,Cindy Johnson,"3/30/26, 8:35 AM",Good to be at Common Sense with you last week!,OUTGOING,https://www.linkedin.com/in/thejacobkantor,https://www.linkedin.com/in/cindy-johnson-2651443a
Jacob Kantor,Craig Strang,"3/30/26, 8:35 AM",Good to be at Common Sense with you last week!,OUTGOING,https://www.linkedin.com/in/thejacobkantor,https://www.linkedin.com/in/craig-strang-010a9b14
Jacob Kantor,Cori Stott,"3/30/26, 8:34 AM",Good to be at Common Sense with you last week!,OUTGOING,https://www.linkedin.com/in/thejacobkantor,https://www.linkedin.com/in/coristott
Jacob Kantor,Claire Sutton,"3/30/26, 8:30 AM",,OUTGOING,https://www.linkedin.com/in/thejacobkantor,https://www.linkedin.com/in/clairessutton
Jacob Kantor,"Adrienne DiMatteo, Ed.S.","3/29/26, 10:31 PM",,OUTGOING,https://www.linkedin.com/in/thejacobkantor,https://www.linkedin.com/in/adrienne-dimatteo-ed-s-2054b94b
Jacob Kantor,Jannita Demian,"3/29/26, 10:30 PM",,OUTGOING,https://www.linkedin.com/in/thejacobkantor,https://www.linkedin.com/in/jdemian
Jacob Kantor,Celine Malvoisin,"3/25/26, 8:40 PM",Great to be at Common Sense with you!,OUTGOING,https://www.linkedin.com/in/thejacobkantor,https://www.linkedin.com/in/celinemalvoisin
Jacob Kantor,Cecilia Flores,"3/25/26, 8:39 PM",Great to be at Common Sense with you!,OUTGOING,https://www.linkedin.com/in/thejacobkantor,https://www.linkedin.com/in/anaceciliaflores
Jacob Kantor,Caroline Barlerin,"3/25/26, 8:39 PM",Great to be at Common Sense with you!,OUTGOING,https://www.linkedin.com/in/thejacobkantor,https://www.linkedin.com/in/cbarlerin
Jacob Kantor,Cameron Munson,"3/25/26, 8:38 PM",Great to be at Common Sense with you!,OUTGOING,https://www.linkedin.com/in/thejacobkantor,https://www.linkedin.com/in/cameronmunson1
Jacob Kantor,Bryan Twarek (BT),"3/25/26, 8:38 PM",Great to be at Common Sense with you!,OUTGOING,https://www.linkedin.com/in/thejacobkantor,https://www.linkedin.com/in/twarek
Jacob Kantor,Brittani Kollar,"3/25/26, 8:38 PM",Great to be at Common Sense with you!,OUTGOING,https://www.linkedin.com/in/thejacobkantor,https://www.linkedin.com/in/brittanikollar
Jacob Kantor,"Breniel Lemley, PhD","3/25/26, 8:36 PM",Great to be at Common Sense with you!,OUTGOING,https://www.linkedin.com/in/thejacobkantor,https://www.linkedin.com/in/breniel
Jacob Kantor,Betty Ray,"3/25/26, 8:36 PM",Great to be at Common Sense with you!,OUTGOING,https://www.linkedin.com/in/thejacobkantor,https://www.linkedin.com/in/bettyray
Jacob Kantor,Betsy Bozdech McNab,"3/25/26, 8:35 PM",Great to be at Common Sense with you!,OUTGOING,https://www.linkedin.com/in/thejacobkantor,https://www.linkedin.com/in/betsy-bozdech-mcnab-2305a3
Jacob Kantor,Beth Sears,"3/25/26, 8:35 PM",Great to be at Common Sense with you!,OUTGOING,https://www.linkedin.com/in/thejacobkantor,https://www.linkedin.com/in/bethsears
Jacob Kantor,Ben Gucciardi,"3/25/26, 8:34 PM",Great to be at Common Sense with you!,OUTGOING,https://www.linkedin.com/in/thejacobkantor,https://www.linkedin.com/in/bengucciardi
Jacob Kantor,Barbara Reklis,"3/25/26, 8:34 PM",Great to be at Common Sense with you!,OUTGOING,https://www.linkedin.com/in/thejacobkantor,https://www.linkedin.com/in/barbara-reklis-945424105
Jacob Kantor,Ashley N Kolaya,"3/25/26, 8:34 PM",Great to be at Common Sense with you!,OUTGOING,https://www.linkedin.com/in/thejacobkantor,https://www.linkedin.com/in/ashleykolaya
Jacob Kantor,Ashley Ambrose,"3/25/26, 8:34 PM",Great to be at Common Sense with you!,OUTGOING,https://www.linkedin.com/in/thejacobkantor,https://www.linkedin.com/in/ashley-ambrose-globalhealth
Jacob Kantor,Ashley Garrett,"3/25/26, 8:33 PM",Great to be at Common Sense with you!,OUTGOING,https://www.linkedin.com/in/thejacobkantor,https://www.linkedin.com/in/ashley-garrett-507a494
Jacob Kantor,Ashley Garrett,"3/25/26, 8:33 PM",,OUTGOING,https://www.linkedin.com/in/thejacobkantor,https://www.linkedin.com/in/ashley-garrett-3639892aa
Jacob Kantor,Annie Cheng,"3/25/26, 8:33 PM",Great to be at Common Sense with you!,OUTGOING,https://www.linkedin.com/in/thejacobkantor,https://www.linkedin.com/in/annie-cheng-42b750201
Jacob Kantor,Anna Luna,"3/25/26, 8:32 PM",Great to be at Common Sense with you!,OUTGOING,https://www.linkedin.com/in/thejacobkantor,https://www.linkedin.com/in/annaluna
Jacob Kantor,Anna Edmundson,"3/25/26, 8:32 PM",Great to be at Common Sense with you!,OUTGOING,https://www.linkedin.com/in/thejacobkantor,https://www.linkedin.com/in/anna-edmundson-1b603770
Jacob Kantor,Ann Miyashiro,"3/25/26, 8:31 PM",Great to be at Common Sense with you!,OUTGOING,https://www.linkedin.com/in/thejacobkantor,https://www.linkedin.com/in/annchao
Jacob Kantor,Angelina Montgomery,"3/25/26, 8:31 PM",Great to be at Common Sense with you!,OUTGOING,https://www.linkedin.com/in/thejacobkantor,https://www.linkedin.com/in/angelinaahedo
Jacob Kantor,Andy Chen,"3/25/26, 8:30 PM",Great to be at Common Sense with you!,OUTGOING,https://www.linkedin.com/in/thejacobkantor,https://www.linkedin.com/in/andy-chen-824b641
Jacob Kantor,An-Me Chung,"3/25/26, 8:30 PM",Great to be at Common Sense with you!,OUTGOING,https://www.linkedin.com/in/thejacobkantor,https://www.linkedin.com/in/an-me-chung-0b95632a
Jacob Kantor,"Amber Stone, MPPA","3/25/26, 8:29 PM",Great to be at Common Sense with you!,OUTGOING,https://www.linkedin.com/in/thejacobkantor,https://www.linkedin.com/in/amber-n-stone
Jacob Kantor,Allison Van Houten,"3/25/26, 8:28 PM",Great to be at Common Sense with you!,OUTGOING,https://www.linkedin.com/in/thejacobkantor,https://www.linkedin.com/in/allisonvanhouten
Jacob Kantor,Allison S.,"3/25/26, 8:28 PM",Great to be at Common Sense with you!,OUTGOING,https://www.linkedin.com/in/thejacobkantor,https://www.linkedin.com/in/aeschuster
Jacob Kantor,Allison D.,"3/25/26, 8:28 PM",Great to be at Common Sense with you!,OUTGOING,https://www.linkedin.com/in/thejacobkantor,https://www.linkedin.com/in/allisondevore
Jacob Kantor,"Allison Caplovitz, PhD","3/25/26, 8:27 PM",Great to be at Common Sense with you!,OUTGOING,https://www.linkedin.com/in/thejacobkantor,https://www.linkedin.com/in/allison-caplovitz
Jacob Kantor,"Alexandra (Allie) D. W. Sullivan, PhD","3/25/26, 8:27 PM",,OUTGOING,https://www.linkedin.com/in/thejacobkantor,https://www.linkedin.com/in/alexandra-allie-d-w-sullivan-phd-59590045
Jacob Kantor,Alexandra Thompson,"3/25/26, 8:26 PM",Great to be at Common Sense with you!,OUTGOING,https://www.linkedin.com/in/thejacobkantor,https://www.linkedin.com/in/alexandra-thompson-73857238b
Jacob Kantor,Alex Tower Ewers,"3/25/26, 8:25 PM",Great to be at Common Sense with you!,OUTGOING,https://www.linkedin.com/in/thejacobkantor,https://www.linkedin.com/in/alexandra-tower-ewers
Jacob Kantor,Aish Sinha,"3/25/26, 8:24 PM",Great to be at Common Sense with you!,OUTGOING,https://www.linkedin.com/in/thejacobkantor,https://www.linkedin.com/in/aishsinha
Jacob Kantor,Agustin Urgiles,"3/25/26, 8:24 PM",Great to be at Common Sense with you!,OUTGOING,https://www.linkedin.com/in/thejacobkantor,https://www.linkedin.com/in/agustin-urgiles-6b4ba79
Jacob Kantor,Aditi Goel,"3/25/26, 8:24 PM",Great to be at Common Sense with you!,OUTGOING,https://www.linkedin.com/in/thejacobkantor,https://www.linkedin.com/in/aditigoelp16partners
Jacob Kantor,Adina Trager,"3/25/26, 8:24 PM",Great to be at Common Sense with you!,OUTGOING,https://www.linkedin.com/in/thejacobkantor,https://www.linkedin.com/in/adina-trager-1873b2137
Jacob Kantor,Abby Sheffer,"3/25/26, 8:21 PM",Great to be at Common Sense with you!,OUTGOING,https://www.linkedin.com/in/thejacobkantor,https://www.linkedin.com/in/abby-sheffer
Jacob Kantor,"Lauren Knebel, M.S., M.A.","3/25/26, 8:18 PM",,OUTGOING,https://www.linkedin.com/in/thejacobkantor,https://www.linkedin.com/in/lknebelcontentmanager
Jacob Kantor,Adedeji Olunaike,"3/25/26, 8:18 PM",,OUTGOING,https://www.linkedin.com/in/thejacobkantor,https://www.linkedin.com/in/ade-olunaike
Jacob Kantor,Barry Groves,"3/25/26, 7:59 PM",,OUTGOING,https://www.linkedin.com/in/thejacobkantor,https://www.linkedin.com/in/barry-groves-b4154715a
Jacob Kantor,Oliver Lerner,"3/25/26, 7:56 PM",,OUTGOING,https://www.linkedin.com/in/thejacobkantor,https://www.linkedin.com/in/oliverlerner
Jacob Kantor,Terrence Loftus,"3/25/26, 7:53 PM",Terry! I'm on with Jose from LACOE. Will you be at CITE? We are submitting a session together. ,OUTGOING,https://www.linkedin.com/in/thejacobkantor,https://www.linkedin.com/in/terrenceloftus
Jacob Kantor,Victor Barahona,"3/25/26, 4:43 PM",,OUTGOING,https://www.linkedin.com/in/thejacobkantor,https://www.linkedin.com/in/victor-barahona-56b7a5308
Jacob Kantor,Carolina Bergamasco Valle,"3/25/26, 4:43 PM",,OUTGOING,https://www.linkedin.com/in/thejacobkantor,https://www.linkedin.com/in/carolina-bergamasco
Jacob Kantor,"Dr. Melanie Brown, NBCT","3/25/26, 4:28 PM",,OUTGOING,https://www.linkedin.com/in/thejacobkantor,https://www.linkedin.com/in/melaniebrown
Jacob Kantor,David Febles,"3/25/26, 4:27 PM",,OUTGOING,https://www.linkedin.com/in/thejacobkantor,https://www.linkedin.com/in/david-febles-520298231
Jacob Kantor,Carlos Quentin,"3/25/26, 4:26 PM",,OUTGOING,https://www.linkedin.com/in/thejacobkantor,https://www.linkedin.com/in/carlos-quentin-1172261a5
Jacob Kantor,"Amanda S. Roth, PhD","3/25/26, 4:26 PM",,OUTGOING,https://www.linkedin.com/in/thejacobkantor,https://www.linkedin.com/in/amandaroth
Jacob Kantor,Amy Fousek,"3/25/26, 4:26 PM",,OUTGOING,https://www.linkedin.com/in/thejacobkantor,https://www.linkedin.com/in/amy-fousek-107337278
Jacob Kantor,Melissa Hughes,"3/25/26, 4:24 PM",,OUTGOING,https://www.linkedin.com/in/thejacobkantor,https://www.linkedin.com/in/melissaghughes
Jacob Kantor,Charly Kandathil,"3/25/26, 1:42 PM",,OUTGOING,https://www.linkedin.com/in/thejacobkantor,https://www.linkedin.com/in/charly-kandathil-9867ab318
Jacob Kantor,Christian Hartjes,"3/25/26, 9:49 AM",,OUTGOING,https://www.linkedin.com/in/thejacobkantor,https://www.linkedin.com/in/christian-hartjes-80434236
Jacob Kantor,"Alicia Cernitz, M.A.","3/25/26, 9:17 AM",,OUTGOING,https://www.linkedin.com/in/thejacobkantor,https://www.linkedin.com/in/aliciacernitz
Jacob Kantor,Samara Jaffe,"3/24/26, 9:24 PM",,OUTGOING,https://www.linkedin.com/in/thejacobkantor,https://www.linkedin.com/in/samarajaffe
Jacob Kantor,Michael Ioffe,"3/24/26, 9:23 PM",,OUTGOING,https://www.linkedin.com/in/thejacobkantor,https://www.linkedin.com/in/michaelaioffe
Jacob Kantor,McKenzie McFee,"3/24/26, 8:17 PM",,OUTGOING,https://www.linkedin.com/in/thejacobkantor,https://www.linkedin.com/in/mckenzie-mcfee
Jacob Kantor,Jennifer Veneracion,"3/24/26, 8:02 PM",,OUTGOING,https://www.linkedin.com/in/thejacobkantor,https://www.linkedin.com/in/jennifer-veneracion-96523a230
Jacob Kantor,Stephanie Villarreal,"3/24/26, 8:01 PM",,OUTGOING,https://www.linkedin.com/in/thejacobkantor,https://www.linkedin.com/in/steph-villarreal-prod-leader
Jacob Kantor,Pa Vue,"3/24/26, 8:01 PM",,OUTGOING,https://www.linkedin.com/in/thejacobkantor,https://www.linkedin.com/in/pa-vue-a71a71366
Jacob Kantor,Esther Tamanaha,"3/24/26, 7:59 PM",,OUTGOING,https://www.linkedin.com/in/thejacobkantor,https://www.linkedin.com/in/esther-tamanaha-56b7073b4
Jacob Kantor,"Ilinanoa ""Lina""  Suliafu","3/24/26, 7:58 PM",,OUTGOING,https://www.linkedin.com/in/thejacobkantor,https://www.linkedin.com/in/ilinanoa-lina-suliafu-bb3198201
Jacob Kantor,Leland S.,"3/24/26, 7:57 PM",,OUTGOING,https://www.linkedin.com/in/thejacobkantor,https://www.linkedin.com/in/leland-s-80037122
Jacob Kantor,Neary Sim,"3/24/26, 7:56 PM",,OUTGOING,https://www.linkedin.com/in/thejacobkantor,https://www.linkedin.com/in/neary-sim-57916a17
Jacob Kantor,Susan Shih,"3/24/26, 7:56 PM",,OUTGOING,https://www.linkedin.com/in/thejacobkantor,https://www.linkedin.com/in/msusanshih
Jacob Kantor,Nicole Ferrara,"3/24/26, 7:56 PM",,OUTGOING,https://www.linkedin.com/in/thejacobkantor,https://www.linkedin.com/in/nicolehschneider
Jacob Kantor,Nicole Schneider,"3/24/26, 7:56 PM",,OUTGOING,https://www.linkedin.com/in/thejacobkantor,https://www.linkedin.com/in/nicole-schneider-580762261
Jacob Kantor,Mark Salinas,"3/24/26, 7:54 PM",,OUTGOING,https://www.linkedin.com/in/thejacobkantor,https://www.linkedin.com/in/marksalinasforhayward
Jacob Kantor,Christine Salazar,"3/24/26, 7:53 PM",,OUTGOING,https://www.linkedin.com/in/thejacobkantor,https://www.linkedin.com/in/christinehsalazar
Jacob Kantor,"L. Erika Saito, Ph.D.","3/24/26, 7:53 PM",,OUTGOING,https://www.linkedin.com/in/thejacobkantor,https://www.linkedin.com/in/lorine-erika-saito-educator
Jacob Kantor,Lauren Ridgway,"3/24/26, 7:53 PM",,OUTGOING,https://www.linkedin.com/in/thejacobkantor,https://www.linkedin.com/in/lauren-ridgway-24a80619b
Jacob Kantor,Grace Ridgeway,"3/24/26, 7:53 PM",,OUTGOING,https://www.linkedin.com/in/thejacobkantor,https://www.linkedin.com/in/grace-ridgeway-97331426a
Jacob Kantor,Mimi Quan,"3/24/26, 7:51 PM",,OUTGOING,https://www.linkedin.com/in/thejacobkantor,https://www.linkedin.com/in/mimi-quan-863bb5
Jacob Kantor,Mimi Quan,"3/24/26, 7:50 PM",,OUTGOING,https://www.linkedin.com/in/thejacobkantor,https://www.linkedin.com/in/mimi-quan
Jacob Kantor,Anna Sanfilippo Pulido,"3/24/26, 7:50 PM",,OUTGOING,https://www.linkedin.com/in/thejacobkantor,https://www.linkedin.com/in/anna-sanfilippo-pulido-a19a6ab
Jacob Kantor,Lalaine Perez,"3/24/26, 7:49 PM",,OUTGOING,https://www.linkedin.com/in/thejacobkantor,https://www.linkedin.com/in/lalaine-perez-530b4145
Jacob Kantor,"Christine Paul, Ed.D.","3/24/26, 7:48 PM",,OUTGOING,https://www.linkedin.com/in/thejacobkantor,https://www.linkedin.com/in/dr-christine-paul
Jacob Kantor,"Christine Paul, Ph.D. ","3/24/26, 7:48 PM",,OUTGOING,https://www.linkedin.com/in/thejacobkantor,https://www.linkedin.com/in/christine-paul-ph-d-b0361979
Jacob Kantor,Julie Pak,"3/24/26, 7:48 PM",,OUTGOING,https://www.linkedin.com/in/thejacobkantor,https://www.linkedin.com/in/julie-pak-66b72a33b
Jacob Kantor,Rose Northcott,"3/24/26, 7:42 PM",,OUTGOING,https://www.linkedin.com/in/thejacobkantor,https://www.linkedin.com/in/rose-northcott-3201281a9
Jacob Kantor,Michael Lam,"3/24/26, 7:42 PM",,OUTGOING,https://www.linkedin.com/in/thejacobkantor,https://www.linkedin.com/in/michael-lam-44129a308
Jacob Kantor,Jorge Navarro,"3/24/26, 7:39 PM",,OUTGOING,https://www.linkedin.com/in/thejacobkantor,https://www.linkedin.com/in/jorge-navarro-061096101
Jacob Kantor,"Marco A. Nava, Ed.D.","3/24/26, 7:38 PM",,OUTGOING,https://www.linkedin.com/in/thejacobkantor,https://www.linkedin.com/in/manavita
Jacob Kantor,Armine Movsesyan,"3/24/26, 7:38 PM",,OUTGOING,https://www.linkedin.com/in/thejacobkantor,https://www.linkedin.com/in/armine-movsesyan-17147050
Jacob Kantor,Fayroze Mostafa,"3/24/26, 7:37 PM",,OUTGOING,https://www.linkedin.com/in/thejacobkantor,https://www.linkedin.com/in/fayroze-mostafa-87597184
Jacob Kantor,Farrah Morrisey,"3/24/26, 7:37 PM",,OUTGOING,https://www.linkedin.com/in/thejacobkantor,https://www.linkedin.com/in/farrah-morrisey-ab919814
Jacob Kantor,Derek Moore,"3/24/26, 7:37 PM",,OUTGOING,https://www.linkedin.com/in/thejacobkantor,https://www.linkedin.com/in/derek-moore-63a56a218
Jacob Kantor,Kelly Bean,"3/24/26, 7:35 PM",,OUTGOING,https://www.linkedin.com/in/thejacobkantor,https://www.linkedin.com/in/kelly-bean-3836a6
Jacob Kantor,Christian-Joseph Macahilig,"3/24/26, 7:34 PM",,OUTGOING,https://www.linkedin.com/in/thejacobkantor,https://www.linkedin.com/in/cjmacahilig
Jacob Kantor,Mimi Luong,"3/24/26, 7:33 PM",,OUTGOING,https://www.linkedin.com/in/thejacobkantor,https://www.linkedin.com/in/mimitluong
Jacob Kantor,Rudy Lopez,"3/24/26, 7:33 PM",,OUTGOING,https://www.linkedin.com/in/thejacobkantor,https://www.linkedin.com/in/rudolphlopez
Jacob Kantor,"María Y. León, M.A.Ed.","3/24/26, 7:32 PM",,OUTGOING,https://www.linkedin.com/in/thejacobkantor,https://www.linkedin.com/in/mariayeranialeon
Jacob Kantor,Maria De Leon,"3/24/26, 7:32 PM",,OUTGOING,https://www.linkedin.com/in/thejacobkantor,https://www.linkedin.com/in/maria-de-leon-63b0b2106
Jacob Kantor,Mai Xi Lee,"3/24/26, 7:31 PM",,OUTGOING,https://www.linkedin.com/in/thejacobkantor,https://www.linkedin.com/in/mai-xi-lee-003527234
Jacob Kantor,Lourdes Lantin,"3/24/26, 7:28 PM",,OUTGOING,https://www.linkedin.com/in/thejacobkantor,https://www.linkedin.com/in/luredez
Jacob Kantor,Mary L.,"3/24/26, 7:27 PM",,OUTGOING,https://www.linkedin.com/in/thejacobkantor,https://www.linkedin.com/in/laiheem
Jacob Kantor,Phung Lai,"3/24/26, 7:28 PM",,OUTGOING,https://www.linkedin.com/in/thejacobkantor,https://www.linkedin.com/in/missphunglai
Jacob Kantor,Steve Kong,"3/24/26, 7:27 PM",,OUTGOING,https://www.linkedin.com/in/thejacobkantor,https://www.linkedin.com/in/steve-kong-aa39501b2
Jacob Kantor,Elaine Kong,"3/24/26, 7:27 PM",,OUTGOING,https://www.linkedin.com/in/thejacobkantor,https://www.linkedin.com/in/elainekongca
Jacob Kantor,Kenneth Ko,"3/24/26, 7:26 PM",,OUTGOING,https://www.linkedin.com/in/thejacobkantor,https://www.linkedin.com/in/kenneth-ko-2b0627201
Jacob Kantor,Kenna Kitamura,"3/24/26, 7:26 PM",,OUTGOING,https://www.linkedin.com/in/thejacobkantor,https://www.linkedin.com/in/kenna-kitamura-b24119129
Jacob Kantor,Angela khoury,"3/24/26, 7:24 PM",,OUTGOING,https://www.linkedin.com/in/thejacobkantor,https://www.linkedin.com/in/angela-khoury-6280b9a2
Jacob Kantor,JOY Dodge MPA SHRM-SCP,"3/24/26, 7:22 PM",,OUTGOING,https://www.linkedin.com/in/thejacobkantor,https://www.linkedin.com/in/joy-dodge-mpa-shrm-scp-65506319
Jacob Kantor,Julie Johnson,"3/24/26, 7:22 PM",,OUTGOING,https://www.linkedin.com/in/thejacobkantor,https://www.linkedin.com/in/juliejohnsonpmp
Jacob Kantor,Arlene Inouye,"3/24/26, 7:20 PM",,OUTGOING,https://www.linkedin.com/in/thejacobkantor,https://www.linkedin.com/in/arlene-inouye-74618816
Jacob Kantor,Janet Hwang,"3/24/26, 7:19 PM",,OUTGOING,https://www.linkedin.com/in/thejacobkantor,https://www.linkedin.com/in/janet-hwang-41b671197
Jacob Kantor,"Eveline Huh, Ed.D.","3/24/26, 7:19 PM",,OUTGOING,https://www.linkedin.com/in/thejacobkantor,https://www.linkedin.com/in/eveline-huh-ed-d-367433a
Jacob Kantor,Bao Ho,"3/24/26, 7:18 PM",,OUTGOING,https://www.linkedin.com/in/thejacobkantor,https://www.linkedin.com/in/bao-ho-3a831711
Jacob Kantor,Megan hagelis,"3/24/26, 7:15 PM",,OUTGOING,https://www.linkedin.com/in/thejacobkantor,https://www.linkedin.com/in/megan-hagelis-06262745
Jacob Kantor,Michael Haggen,"3/24/26, 7:15 PM",,OUTGOING,https://www.linkedin.com/in/thejacobkantor,https://www.linkedin.com/in/michaelhaggen
Jacob Kantor,Kevin Her,"3/24/26, 7:14 PM",,OUTGOING,https://www.linkedin.com/in/thejacobkantor,https://www.linkedin.com/in/kevin-her-6074065a
Jacob Kantor,May Her,"3/24/26, 7:14 PM",,OUTGOING,https://www.linkedin.com/in/thejacobkantor,https://www.linkedin.com/in/may-her-4770891a6
Jacob Kantor,Jodee Grimes,"3/24/26, 7:12 PM",,OUTGOING,https://www.linkedin.com/in/thejacobkantor,https://www.linkedin.com/in/jodee-grimes-56299089
Jacob Kantor,"Larrah Feliciano, Ed.D.","3/24/26, 7:11 PM",,OUTGOING,https://www.linkedin.com/in/thejacobkantor,https://www.linkedin.com/in/larrah-feliciano
Jacob Kantor,Dr. Lori (Gonzalez) Barber,"3/24/26, 7:10 PM",,OUTGOING,https://www.linkedin.com/in/thejacobkantor,https://www.linkedin.com/in/drloribarber
Jacob Kantor,Alex Freitag,"3/24/26, 7:07 PM",,OUTGOING,https://www.linkedin.com/in/thejacobkantor,https://www.linkedin.com/in/alex-f-freitag
Jacob Kantor,Cheryle Gehrlich,"3/24/26, 7:07 PM",,OUTGOING,https://www.linkedin.com/in/thejacobkantor,https://www.linkedin.com/in/cherylegehrlich
Jacob Kantor,"Fernando Duran, Ph.D.","3/24/26, 6:31 PM",,OUTGOING,https://www.linkedin.com/in/thejacobkantor,https://www.linkedin.com/in/fernandoduranphd
Jacob Kantor,Bill Ready,"3/24/26, 4:20 PM",,OUTGOING,https://www.linkedin.com/in/thejacobkantor,https://www.linkedin.com/in/williamready
Jacob Kantor,Christopher Roebuck,"3/24/26, 2:20 PM",,OUTGOING,https://www.linkedin.com/in/thejacobkantor,https://www.linkedin.com/in/c-roebuck
Jacob Kantor,Kyleigh Nevis,"3/24/26, 2:05 PM",,OUTGOING,https://www.linkedin.com/in/thejacobkantor,https://www.linkedin.com/in/kyleigh-nevis
Jacob Kantor,Jatinder (Jit) Sihra,"3/24/26, 1:13 PM",,OUTGOING,https://www.linkedin.com/in/thejacobkantor,https://www.linkedin.com/in/jitsihra
Jacob Kantor,Don Bott,"3/24/26, 9:23 AM",,OUTGOING,https://www.linkedin.com/in/thejacobkantor,https://www.linkedin.com/in/don-bott-61b66719
Jacob Kantor,Ronald Gonzales-Lawrence,"3/24/26, 9:23 AM",,OUTGOING,https://www.linkedin.com/in/thejacobkantor,https://www.linkedin.com/in/ronaldgonzaleslawrence
Jacob Kantor,Charles Ju,"3/24/26, 9:22 AM",,OUTGOING,https://www.linkedin.com/in/thejacobkantor,https://www.linkedin.com/in/charlesju
Jacob Kantor,Genevieve Gallagher,"3/24/26, 9:21 AM",,OUTGOING,https://www.linkedin.com/in/thejacobkantor,https://www.linkedin.com/in/genevieve-gallagher-53185565
Jacob Kantor,Spencer Olsefsky ,"3/24/26, 9:21 AM",,OUTGOING,https://www.linkedin.com/in/thejacobkantor,https://www.linkedin.com/in/spencerolsefsky
Jacob Kantor,"Russell Gould, PMP","3/24/26, 9:21 AM",,OUTGOING,https://www.linkedin.com/in/thejacobkantor,https://www.linkedin.com/in/russell-gould-pmp-05773546
Jacob Kantor,Andy Victor,"3/24/26, 9:21 AM",,OUTGOING,https://www.linkedin.com/in/thejacobkantor,https://www.linkedin.com/in/andrewvictor
Jacob Kantor,Ryan Schwartzberg,"3/24/26, 9:21 AM",,OUTGOING,https://www.linkedin.com/in/thejacobkantor,https://www.linkedin.com/in/ryanschwartzberg
Jacob Kantor,Alexandra Pokras,"3/24/26, 9:21 AM",,OUTGOING,https://www.linkedin.com/in/thejacobkantor,https://www.linkedin.com/in/alexandrapokras
Jacob Kantor,"A Garcia, Ed.D","3/24/26, 9:20 AM",,OUTGOING,https://www.linkedin.com/in/thejacobkantor,https://www.linkedin.com/in/a-garcia-ed-d-8b8aa2303
Jacob Kantor,Will Gayhart,"3/24/26, 9:20 AM",,OUTGOING,https://www.linkedin.com/in/thejacobkantor,https://www.linkedin.com/in/williamgayhart
Jacob Kantor,Talmage Morgan,"3/24/26, 9:20 AM",,OUTGOING,https://www.linkedin.com/in/thejacobkantor,https://www.linkedin.com/in/talmage-morgan
Jacob Kantor,Gretchen Doll,"3/24/26, 9:20 AM",,OUTGOING,https://www.linkedin.com/in/thejacobkantor,https://www.linkedin.com/in/gretchenkdoll
Jacob Kantor,Kelsi Page,"3/24/26, 9:20 AM",,OUTGOING,https://www.linkedin.com/in/thejacobkantor,https://www.linkedin.com/in/kelsi-page
Jacob Kantor,Shannon Williams,"3/24/26, 8:45 AM",,OUTGOING,https://www.linkedin.com/in/thejacobkantor,https://www.linkedin.com/in/shannonlwilliams
Jacob Kantor,Scott Ahern,"3/24/26, 7:22 AM",,OUTGOING,https://www.linkedin.com/in/thejacobkantor,https://www.linkedin.com/in/scott-ahern-b9430ba
Jacob Kantor,Dylan Alles,"3/24/26, 7:21 AM",,OUTGOING,https://www.linkedin.com/in/thejacobkantor,https://www.linkedin.com/in/dylanalles
Jacob Kantor,Andy Donner,"3/24/26, 7:21 AM",,OUTGOING,https://www.linkedin.com/in/thejacobkantor,https://www.linkedin.com/in/andydonner
Jacob Kantor,Almetria Vaba,"3/24/26, 7:09 AM",,OUTGOING,https://www.linkedin.com/in/thejacobkantor,https://www.linkedin.com/in/almetria-vaba
Jacob Kantor,Dr. Misha Kouzeh,"3/23/26, 9:18 PM",,OUTGOING,https://www.linkedin.com/in/thejacobkantor,https://www.linkedin.com/in/mkouzeh
Jacob Kantor,Yvette Renteria,"3/23/26, 7:05 PM",,OUTGOING,https://www.linkedin.com/in/thejacobkantor,https://www.linkedin.com/in/yvette-renteria-b0a4ab47
Jacob Kantor,David Gay,"3/23/26, 12:57 PM",,OUTGOING,https://www.linkedin.com/in/thejacobkantor,https://www.linkedin.com/in/davidrgay
Jacob Kantor,Saksham Sharma,"3/23/26, 12:57 PM",,OUTGOING,https://www.linkedin.com/in/thejacobkantor,https://www.linkedin.com/in/sakshamsharma1
Jacob Kantor,"Katherine Carnazzo Larsen, PhD","3/23/26, 12:57 PM",,OUTGOING,https://www.linkedin.com/in/thejacobkantor,https://www.linkedin.com/in/katherine-carnazzo-larsen
Jacob Kantor,Elizabeth Rotolo,"3/23/26, 12:54 PM",,OUTGOING,https://www.linkedin.com/in/thejacobkantor,https://www.linkedin.com/in/erotolo
Jacob Kantor,Morris Mastin,"3/23/26, 7:12 AM",,OUTGOING,https://www.linkedin.com/in/thejacobkantor,https://www.linkedin.com/in/morris-mastin-a1829421
Jacob Kantor,Brian Gresser,"3/23/26, 7:12 AM",,OUTGOING,https://www.linkedin.com/in/thejacobkantor,https://www.linkedin.com/in/brian-gresser-ab66167
Jacob Kantor,Bryanne Leeming,"3/23/26, 7:12 AM",,OUTGOING,https://www.linkedin.com/in/thejacobkantor,https://www.linkedin.com/in/bryanneleeming
Jacob Kantor,Nikhita Meka,"3/23/26, 7:12 AM",,OUTGOING,https://www.linkedin.com/in/thejacobkantor,https://www.linkedin.com/in/nikhita-meka
Jacob Kantor,Leimomi Lane,"3/23/26, 7:12 AM",,OUTGOING,https://www.linkedin.com/in/thejacobkantor,https://www.linkedin.com/in/leimomi-lane-55a39425
Jacob Kantor,Patrik Eide,"3/23/26, 7:12 AM",,OUTGOING,https://www.linkedin.com/in/thejacobkantor,https://www.linkedin.com/in/patrikeide
Jacob Kantor,Amanda Haughs,"3/23/26, 7:11 AM",,OUTGOING,https://www.linkedin.com/in/thejacobkantor,https://www.linkedin.com/in/amandahaughs
Jacob Kantor,Madeline Shue,"3/23/26, 6:23 AM",,OUTGOING,https://www.linkedin.com/in/thejacobkantor,https://www.linkedin.com/in/madeline-shue-183251177
Jacob Kantor,Zenna Arab,"3/23/26, 6:23 AM",,OUTGOING,https://www.linkedin.com/in/thejacobkantor,https://www.linkedin.com/in/zenna-arab-621a3694
Jacob Kantor,Cecilia L.,"3/23/26, 6:23 AM",,OUTGOING,https://www.linkedin.com/in/thejacobkantor,https://www.linkedin.com/in/cecilialundborg
Jacob Kantor,Richard Lin,"3/23/26, 6:23 AM",,OUTGOING,https://www.linkedin.com/in/thejacobkantor,https://www.linkedin.com/in/richard-lin-b0784295
Jacob Kantor,Robert Hou,"3/23/26, 6:23 AM",,OUTGOING,https://www.linkedin.com/in/thejacobkantor,https://www.linkedin.com/in/robert-hou
Jacob Kantor,Gayathri Padmanabhan,"3/23/26, 6:23 AM",,OUTGOING,https://www.linkedin.com/in/thejacobkantor,https://www.linkedin.com/in/gayathri-padmanabhan-530b2777
Jacob Kantor,Jessica Tabussi,"3/23/26, 6:22 AM",,OUTGOING,https://www.linkedin.com/in/thejacobkantor,https://www.linkedin.com/in/jessica-tabussi-a1b14482
Jacob Kantor,Kat B.,"3/23/26, 6:23 AM",,OUTGOING,https://www.linkedin.com/in/thejacobkantor,https://www.linkedin.com/in/katngy
Jacob Kantor,Bartek Pucek,"3/23/26, 6:22 AM",,OUTGOING,https://www.linkedin.com/in/thejacobkantor,https://www.linkedin.com/in/bartekpucek
Jacob Kantor,Bradford Harris,"3/23/26, 6:17 AM",,OUTGOING,https://www.linkedin.com/in/thejacobkantor,https://www.linkedin.com/in/bradfordeharris
Jacob Kantor,Soniya Perl,"3/22/26, 9:52 PM",,OUTGOING,https://www.linkedin.com/in/thejacobkantor,https://www.linkedin.com/in/soniya-perl-15858132
Jacob Kantor,Mathew Judge,"3/22/26, 9:52 PM",,OUTGOING,https://www.linkedin.com/in/thejacobkantor,https://www.linkedin.com/in/mathew-judge-2291b33b3
Jacob Kantor,Roland Ranz Nelson,"3/22/26, 7:51 PM",,OUTGOING,https://www.linkedin.com/in/thejacobkantor,https://www.linkedin.com/in/ranznelson
Jacob Kantor,Angel z,"3/22/26, 7:47 PM",,OUTGOING,https://www.linkedin.com/in/thejacobkantor,https://www.linkedin.com/in/angelzam23
Jacob Kantor,Daniel Berezhnoy,"3/22/26, 7:47 PM",,OUTGOING,https://www.linkedin.com/in/thejacobkantor,https://www.linkedin.com/in/daniil-ios
Jacob Kantor,Ismail Orujov,"3/22/26, 7:46 PM",,OUTGOING,https://www.linkedin.com/in/thejacobkantor,https://www.linkedin.com/in/ismailor
Jacob Kantor,Siddhant Satapathy,"3/22/26, 7:46 PM",,OUTGOING,https://www.linkedin.com/in/thejacobkantor,https://www.linkedin.com/in/siddhant-satapathy
Jacob Kantor,Bri Wilburn,"3/22/26, 7:46 PM",,OUTGOING,https://www.linkedin.com/in/thejacobkantor,https://www.linkedin.com/in/bri-wilburn-3523471b8
Jacob Kantor,Kurt Beidler,"3/22/26, 7:45 PM",,OUTGOING,https://www.linkedin.com/in/thejacobkantor,https://www.linkedin.com/in/kurt-beidler-ceo
Jacob Kantor,MinJune Kim,"3/22/26, 7:43 PM",,OUTGOING,https://www.linkedin.com/in/thejacobkantor,https://www.linkedin.com/in/qria
Jacob Kantor,Chris Povio,"3/22/26, 7:43 PM",,OUTGOING,https://www.linkedin.com/in/thejacobkantor,https://www.linkedin.com/in/chrispovio
Jacob Kantor,Ashley Kuczynski,"3/22/26, 7:42 PM",,OUTGOING,https://www.linkedin.com/in/thejacobkantor,https://www.linkedin.com/in/pensivebeauty
Jacob Kantor,Brianna Wegryn,"3/22/26, 7:42 PM",,OUTGOING,https://www.linkedin.com/in/thejacobkantor,https://www.linkedin.com/in/brianna-wegryn
Jacob Kantor,Ariel Nathanson,"3/22/26, 7:41 PM",,OUTGOING,https://www.linkedin.com/in/thejacobkantor,https://www.linkedin.com/in/ariel-nathanson-361b2650
Jacob Kantor,Elisha Singh,"3/22/26, 7:41 PM",,OUTGOING,https://www.linkedin.com/in/thejacobkantor,https://www.linkedin.com/in/helloelisha
Jacob Kantor,John Kobs,"3/22/26, 7:40 PM",,OUTGOING,https://www.linkedin.com/in/thejacobkantor,https://www.linkedin.com/in/johnkobs
Jacob Kantor,Jordan Long,"3/22/26, 7:39 PM",,OUTGOING,https://www.linkedin.com/in/thejacobkantor,https://www.linkedin.com/in/jordan-t-long
Jacob Kantor,Grady Smith,"3/22/26, 7:39 PM",,OUTGOING,https://www.linkedin.com/in/thejacobkantor,https://www.linkedin.com/in/grady-smith-334aa5123
Jacob Kantor,Alice E. Pang,"3/22/26, 7:38 PM",,OUTGOING,https://www.linkedin.com/in/thejacobkantor,https://www.linkedin.com/in/aepang
Jacob Kantor,Jen Wirt,"3/22/26, 7:38 PM",Love what you are doin... we have been doing speech for 4+ years for my little one ,OUTGOING,https://www.linkedin.com/in/thejacobkantor,https://www.linkedin.com/in/jenniferpabian
Jacob Kantor,"Jennifer Ortiz, M.Ed., PMP®","3/22/26, 7:37 PM",,OUTGOING,https://www.linkedin.com/in/thejacobkantor,https://www.linkedin.com/in/jenniferortiz90
Jacob Kantor,Parveen Marrero,"3/22/26, 7:36 PM",,OUTGOING,https://www.linkedin.com/in/thejacobkantor,https://www.linkedin.com/in/parveen-marrero-aa8247ab
Jacob Kantor,Keith Corso,"3/22/26, 7:36 PM",,OUTGOING,https://www.linkedin.com/in/thejacobkantor,https://www.linkedin.com/in/keith-corso
Jacob Kantor,Ishan Gupta 🧃,"3/22/26, 7:35 PM",,OUTGOING,https://www.linkedin.com/in/thejacobkantor,https://www.linkedin.com/in/ishangpt
Jacob Kantor,David Paffenholz 🧃,"3/22/26, 7:35 PM",,OUTGOING,https://www.linkedin.com/in/thejacobkantor,https://www.linkedin.com/in/david-paffenholz
Jacob Kantor,Michael Kraft,"3/22/26, 5:16 PM",,OUTGOING,https://www.linkedin.com/in/thejacobkantor,https://www.linkedin.com/in/mkraft
Jacob Kantor,Delia Estrada,"3/22/26, 4:56 PM",,OUTGOING,https://www.linkedin.com/in/thejacobkantor,https://www.linkedin.com/in/delia-estrada-0a9b3615
Jacob Kantor,Herb Espiritu,"3/22/26, 4:56 PM",,OUTGOING,https://www.linkedin.com/in/thejacobkantor,https://www.linkedin.com/in/herb-espiritu-532569244
Jacob Kantor,Marti Emerald,"3/22/26, 4:55 PM",,OUTGOING,https://www.linkedin.com/in/thejacobkantor,https://www.linkedin.com/in/marti-emerald-08749316
Jacob Kantor,Patricio Dujan,"3/22/26, 4:55 PM",,OUTGOING,https://www.linkedin.com/in/thejacobkantor,https://www.linkedin.com/in/patricio-dujan
Jacob Kantor,Lindsay Chavez,"3/22/26, 4:51 PM",,OUTGOING,https://www.linkedin.com/in/thejacobkantor,https://www.linkedin.com/in/lindsaybaca
Jacob Kantor,Eileen Chen,"3/22/26, 4:51 PM",,OUTGOING,https://www.linkedin.com/in/thejacobkantor,https://www.linkedin.com/in/eileen-chen-1163203b
Jacob Kantor,Elsa Chen,"3/22/26, 4:51 PM",,OUTGOING,https://www.linkedin.com/in/thejacobkantor,https://www.linkedin.com/in/elsa-chen-6463531
Jacob Kantor,Elsa Chen,"3/22/26, 4:51 PM",,OUTGOING,https://www.linkedin.com/in/thejacobkantor,https://www.linkedin.com/in/elsachen
Jacob Kantor,Russell Coronado,"3/22/26, 4:49 PM",,OUTGOING,https://www.linkedin.com/in/thejacobkantor,https://www.linkedin.com/in/russell-coronado-8077974a
Jacob Kantor,Tom Webster,"3/22/26, 4:19 PM",,OUTGOING,https://www.linkedin.com/in/thejacobkantor,https://www.linkedin.com/in/tom-webster-72333515
Jacob Kantor,Kai Talas,"3/22/26, 4:07 PM",,OUTGOING,https://www.linkedin.com/in/thejacobkantor,https://www.linkedin.com/in/kaitalas
Jacob Kantor,"Kailee Oines, M.Ed.","3/22/26, 2:42 PM",,OUTGOING,https://www.linkedin.com/in/thejacobkantor,https://www.linkedin.com/in/kailee-oines-m-ed-965638300
Jacob Kantor,Houston Barber,"3/22/26, 11:12 AM",,OUTGOING,https://www.linkedin.com/in/thejacobkantor,https://www.linkedin.com/in/houstonbarber1
Jacob Kantor,Francisco Tamayo,"3/22/26, 8:34 AM",,OUTGOING,https://www.linkedin.com/in/thejacobkantor,https://www.linkedin.com/in/franciscotamayo
Jacob Kantor,Olivia Arendsee,"3/22/26, 8:27 AM",,OUTGOING,https://www.linkedin.com/in/thejacobkantor,https://www.linkedin.com/in/olivia-arendsee
Jacob Kantor,Christine Teahan,"3/22/26, 7:47 AM",,OUTGOING,https://www.linkedin.com/in/thejacobkantor,https://www.linkedin.com/in/christine-teahan
Jacob Kantor,Jack Pennoyer,"3/21/26, 11:36 PM",,OUTGOING,https://www.linkedin.com/in/thejacobkantor,https://www.linkedin.com/in/jack-pennoyer681
Jacob Kantor,William Meyer PhD,"3/21/26, 11:12 PM",,OUTGOING,https://www.linkedin.com/in/thejacobkantor,https://www.linkedin.com/in/william-meyer-phd-0b47983a
Jacob Kantor,Filiz Lisa Yalcin,"3/21/26, 11:05 PM",,OUTGOING,https://www.linkedin.com/in/thejacobkantor,https://www.linkedin.com/in/filizlisayalcin
Jacob Kantor,"Jini Mayer, Ed.D.","3/21/26, 11:05 PM",,OUTGOING,https://www.linkedin.com/in/thejacobkantor,https://www.linkedin.com/in/jini-mayer-ed-d-b3b052122
Jacob Kantor,Erin Vallejo,"3/21/26, 11:05 PM",,OUTGOING,https://www.linkedin.com/in/thejacobkantor,https://www.linkedin.com/in/erin-vallejo
Jacob Kantor,Vijay Gollapudi,"3/21/26, 11:04 PM",,OUTGOING,https://www.linkedin.com/in/thejacobkantor,https://www.linkedin.com/in/vijay-gollapudi
Jacob Kantor,Mark Ryan,"3/21/26, 10:52 PM",,OUTGOING,https://www.linkedin.com/in/thejacobkantor,https://www.linkedin.com/in/mark-ryan-47b58bab
Jacob Kantor,Debbie Roberts,"3/21/26, 10:44 PM",,OUTGOING,https://www.linkedin.com/in/thejacobkantor,https://www.linkedin.com/in/debbie-roberts-41b818132
Jacob Kantor,Scott Perloff,"3/21/26, 10:38 PM",,OUTGOING,https://www.linkedin.com/in/thejacobkantor,https://www.linkedin.com/in/sperloff
Jacob Kantor,"Brian Landisi, Ed.D.","3/21/26, 10:22 PM",,OUTGOING,https://www.linkedin.com/in/thejacobkantor,https://www.linkedin.com/in/brian-landisi
Jacob Kantor,Matt Kuhn PhD,"3/21/26, 10:21 PM",,OUTGOING,https://www.linkedin.com/in/thejacobkantor,https://www.linkedin.com/in/mattscottkuhn
Jacob Kantor,Randal Glynn,"3/21/26, 9:33 PM",,OUTGOING,https://www.linkedin.com/in/thejacobkantor,https://www.linkedin.com/in/rmccormackslp
Jacob Kantor,"Nada or ""Neda"" Anasseri","3/21/26, 9:28 PM",,OUTGOING,https://www.linkedin.com/in/thejacobkantor,https://www.linkedin.com/in/nanasseri
Jacob Kantor,Denise Douglas,"3/21/26, 9:27 PM",,OUTGOING,https://www.linkedin.com/in/thejacobkantor,https://www.linkedin.com/in/denise-douglas-a8a9391a3
Jacob Kantor,Tisha Richmond,"3/21/26, 9:26 PM",,OUTGOING,https://www.linkedin.com/in/thejacobkantor,https://www.linkedin.com/in/tishrich
Jacob Kantor,Hui-Wen Harrison,"3/21/26, 7:46 PM",,OUTGOING,https://www.linkedin.com/in/thejacobkantor,https://www.linkedin.com/in/huiwenharrison
Jacob Kantor,Ricardo Gomez,"3/21/26, 7:46 PM",,OUTGOING,https://www.linkedin.com/in/thejacobkantor,https://www.linkedin.com/in/ricardo-gomez-7bab6191
Jacob Kantor,Ben Markley,"3/21/26, 7:46 PM",,OUTGOING,https://www.linkedin.com/in/thejacobkantor,https://www.linkedin.com/in/benmarkley
Jacob Kantor,Crystal Hsia,"3/21/26, 7:46 PM",,OUTGOING,https://www.linkedin.com/in/thejacobkantor,https://www.linkedin.com/in/crystal-hsia
Jacob Kantor,Katie Angelone,"3/21/26, 5:16 PM",,OUTGOING,https://www.linkedin.com/in/thejacobkantor,https://www.linkedin.com/in/katie-angelone-1b640916b
Jacob Kantor,Krysta Bradley,"3/21/26, 2:15 PM",,OUTGOING,https://www.linkedin.com/in/thejacobkantor,https://www.linkedin.com/in/krysta-bradley-0261b41ab
Jacob Kantor,Ishika Mehrotra,"3/21/26, 2:09 PM",,OUTGOING,https://www.linkedin.com/in/thejacobkantor,https://www.linkedin.com/in/ishika-mehrotra-900407182
Jacob Kantor,Jacob Orellana,"3/21/26, 2:09 PM",,OUTGOING,https://www.linkedin.com/in/thejacobkantor,https://www.linkedin.com/in/jacob-orellana-4099672b6
Jacob Kantor,Alfredo Silva,"3/21/26, 2:08 PM",,OUTGOING,https://www.linkedin.com/in/thejacobkantor,https://www.linkedin.com/in/alfredo-silva-844402150
Jacob Kantor,Lee Williams,"3/21/26, 10:44 AM",,OUTGOING,https://www.linkedin.com/in/thejacobkantor,https://www.linkedin.com/in/lee-williams-907b518
Jacob Kantor,Dr. David V. Sciarretta,"3/21/26, 8:13 AM",,OUTGOING,https://www.linkedin.com/in/thejacobkantor,https://www.linkedin.com/in/dr-david-v-sciarretta-5b540810
Jacob Kantor,Kristy Klare,"3/21/26, 8:12 AM",,OUTGOING,https://www.linkedin.com/in/thejacobkantor,https://www.linkedin.com/in/kristyklare
Jacob Kantor,Amanda Aitkens,"3/21/26, 8:12 AM",,OUTGOING,https://www.linkedin.com/in/thejacobkantor,https://www.linkedin.com/in/amandaaitkens
Jacob Kantor,Maximilian Tippie,"3/20/26, 11:02 PM",,OUTGOING,https://www.linkedin.com/in/thejacobkantor,https://www.linkedin.com/in/maxtippie
Jacob Kantor,"Robert Dotson, CISSP, CISM","3/20/26, 11:01 PM",,OUTGOING,https://www.linkedin.com/in/thejacobkantor,https://www.linkedin.com/in/robert-d-2454bb4b
Jacob Kantor,Mike Marvel,"3/20/26, 11:01 PM",,OUTGOING,https://www.linkedin.com/in/thejacobkantor,https://www.linkedin.com/in/mike-marvel-9998b0177
Jacob Kantor,Loren Sklar,"3/20/26, 11:01 PM",,OUTGOING,https://www.linkedin.com/in/thejacobkantor,https://www.linkedin.com/in/lorensklar
Jacob Kantor,"Neeraj Kapur, MBA","3/20/26, 11:00 PM",,OUTGOING,https://www.linkedin.com/in/thejacobkantor,https://www.linkedin.com/in/neerajkapur
Jacob Kantor,Francisco Gramajo,"3/20/26, 3:20 PM",,OUTGOING,https://www.linkedin.com/in/thejacobkantor,https://www.linkedin.com/in/francisco-gramajo
Jacob Kantor,Ty Elkins,"3/20/26, 3:20 PM",,OUTGOING,https://www.linkedin.com/in/thejacobkantor,https://www.linkedin.com/in/tye
Jacob Kantor,Brian Briggs,"3/20/26, 3:19 PM",,OUTGOING,https://www.linkedin.com/in/thejacobkantor,https://www.linkedin.com/in/brian-briggs-10712115
Jacob Kantor,Carlos Eduardo Vélez,"3/20/26, 11:01 AM",,OUTGOING,https://www.linkedin.com/in/thejacobkantor,https://www.linkedin.com/in/carlosevelezv
Jacob Kantor,Shannon Moore,"3/20/26, 7:31 AM",,OUTGOING,https://www.linkedin.com/in/thejacobkantor,https://www.linkedin.com/in/smooreteach
Jacob Kantor,Dr. Ruth Perez,"3/20/26, 1:17 AM",,OUTGOING,https://www.linkedin.com/in/thejacobkantor,https://www.linkedin.com/in/dr-ruth-perez-70a8b022
Jacob Kantor,Greg Miller,"3/20/26, 12:54 AM",,OUTGOING,https://www.linkedin.com/in/thejacobkantor,https://www.linkedin.com/in/greg-miller-571b11279
Jacob Kantor,Camden Hershberger,"3/20/26, 12:53 AM",,OUTGOING,https://www.linkedin.com/in/thejacobkantor,https://www.linkedin.com/in/camden-hershberger-a2a133a5
Jacob Kantor,George Vogeley,"3/20/26, 12:53 AM",,OUTGOING,https://www.linkedin.com/in/thejacobkantor,https://www.linkedin.com/in/george-vogeley
Jacob Kantor,Alex Gaeta,"3/20/26, 12:52 AM",,OUTGOING,https://www.linkedin.com/in/thejacobkantor,https://www.linkedin.com/in/alex-gaeta-2a1455151
Jacob Kantor,Max Fedyk,"3/19/26, 8:43 AM",,OUTGOING,https://www.linkedin.com/in/thejacobkantor,https://www.linkedin.com/in/fedyk
Jacob Kantor,Erica Engsberg,"3/19/26, 8:43 AM",,OUTGOING,https://www.linkedin.com/in/thejacobkantor,https://www.linkedin.com/in/erica-engsberg-60b8b5a
Jacob Kantor,Lauren Sharpe,"3/19/26, 1:13 AM",,OUTGOING,https://www.linkedin.com/in/thejacobkantor,https://www.linkedin.com/in/lauren-sharpe
Jacob Kantor,Kirk Koennecke,"3/19/26, 1:13 AM",,OUTGOING,https://www.linkedin.com/in/thejacobkantor,https://www.linkedin.com/in/kirk-koennecke-493798176
Jacob Kantor,Amber Northern,"3/19/26, 1:12 AM",,OUTGOING,https://www.linkedin.com/in/thejacobkantor,https://www.linkedin.com/in/amber-northern-9b5a548
Jacob Kantor,Steve Nixon,"3/18/26, 5:26 PM",,OUTGOING,https://www.linkedin.com/in/thejacobkantor,https://www.linkedin.com/in/stnixon
Jacob Kantor,Katherine Lewis,"3/18/26, 10:30 AM",,OUTGOING,https://www.linkedin.com/in/thejacobkantor,https://www.linkedin.com/in/katherine-k-lewis
Jacob Kantor,"Jennifer Merriman, PhD","3/18/26, 10:19 AM",,OUTGOING,https://www.linkedin.com/in/thejacobkantor,https://www.linkedin.com/in/jennifer-merriman-phd-67b3a312
Jacob Kantor,"Kapil Mathur, Ed.D.","3/18/26, 10:19 AM",,OUTGOING,https://www.linkedin.com/in/thejacobkantor,https://www.linkedin.com/in/kapilcmathur
Jacob Kantor,Melisa Duardo,"3/18/26, 10:19 AM",,OUTGOING,https://www.linkedin.com/in/thejacobkantor,https://www.linkedin.com/in/melisa-duardo-60677219
Jacob Kantor,George Solter,"3/18/26, 10:16 AM",,OUTGOING,https://www.linkedin.com/in/thejacobkantor,https://www.linkedin.com/in/george-solter-56a73726
Jacob Kantor,Chris Chamuris,"3/18/26, 10:16 AM",,OUTGOING,https://www.linkedin.com/in/thejacobkantor,https://www.linkedin.com/in/chris-chamuris-070a995a
Jacob Kantor,Derrick Chau,"3/18/26, 9:52 AM",,OUTGOING,https://www.linkedin.com/in/thejacobkantor,https://www.linkedin.com/in/derrickchau
Jacob Kantor,Nick Melvoin,"3/18/26, 9:52 AM",Great to meet last night. Don't hesitate to let me know how I can be of help!,OUTGOING,https://www.linkedin.com/in/thejacobkantor,https://www.linkedin.com/in/nicholasmelvoin
Jacob Kantor,Gustav Christian Bødker Jensen,"3/18/26, 9:50 AM",,OUTGOING,https://www.linkedin.com/in/thejacobkantor,https://www.linkedin.com/in/gustav-boedker-jensen
Jacob Kantor,Sammy B.,"3/18/26, 9:50 AM",,OUTGOING,https://www.linkedin.com/in/thejacobkantor,https://www.linkedin.com/in/sammy-b-766a083b4
Jacob Kantor,Jose Marquez,"3/18/26, 9:50 AM",,OUTGOING,https://www.linkedin.com/in/thejacobkantor,https://www.linkedin.com/in/jose-marquez-3a04252b3
Jacob Kantor,Gioconda Rodriguez-Padilla,"3/18/26, 9:50 AM",,OUTGOING,https://www.linkedin.com/in/thejacobkantor,https://www.linkedin.com/in/gioconda-rodriguez-padilla-559356260
Jacob Kantor,Raphael Guzman,"3/18/26, 9:50 AM",,OUTGOING,https://www.linkedin.com/in/thejacobkantor,https://www.linkedin.com/in/raphael-guzman-8584223b2
Jacob Kantor,"Derek E. Baird, M.Ed.","3/18/26, 9:50 AM",,OUTGOING,https://www.linkedin.com/in/thejacobkantor,https://www.linkedin.com/in/derekbaird
Jacob Kantor,Ashley C.,"3/18/26, 9:50 AM",,OUTGOING,https://www.linkedin.com/in/thejacobkantor,https://www.linkedin.com/in/ashley-c-89b2509b
Jacob Kantor,Fensi Kotadiya,"3/18/26, 9:39 AM",,OUTGOING,https://www.linkedin.com/in/thejacobkantor,https://www.linkedin.com/in/fensi-kotadiya
Jacob Kantor,Greg Kulowiec,"3/18/26, 9:38 AM",,OUTGOING,https://www.linkedin.com/in/thejacobkantor,https://www.linkedin.com/in/gregkulowiec
Jacob Kantor,"Laura  Gambino MPA,CEcD, SHRM-CP","3/18/26, 9:38 AM",,OUTGOING,https://www.linkedin.com/in/thejacobkantor,https://www.linkedin.com/in/lauragambino
Jacob Kantor,Grace Honner,"3/18/26, 9:37 AM",,OUTGOING,https://www.linkedin.com/in/thejacobkantor,https://www.linkedin.com/in/gracehonner
Jacob Kantor,John Vargas,"3/18/26, 9:37 AM",,OUTGOING,https://www.linkedin.com/in/thejacobkantor,https://www.linkedin.com/in/john-vargas-14822ba
Jacob Kantor,Nina Barraclough,"3/18/26, 9:29 AM",,OUTGOING,https://www.linkedin.com/in/thejacobkantor,https://www.linkedin.com/in/nina-barraclough
Jacob Kantor,Ravi R.,"3/18/26, 8:15 AM",,OUTGOING,https://www.linkedin.com/in/thejacobkantor,https://www.linkedin.com/in/raviriley
Jacob Kantor,Sam Gravell,"3/18/26, 8:15 AM",,OUTGOING,https://www.linkedin.com/in/thejacobkantor,https://www.linkedin.com/in/sam-gravell-training
Jacob Kantor,Scott Macfarlane,"3/18/26, 8:15 AM",,OUTGOING,https://www.linkedin.com/in/thejacobkantor,https://www.linkedin.com/in/scott-macfarlane-b264aa118
Jacob Kantor,Andy Threadgould,"3/18/26, 8:15 AM",,OUTGOING,https://www.linkedin.com/in/thejacobkantor,https://www.linkedin.com/in/andy-t-b301843
Jacob Kantor,Ashley Soifer,"3/18/26, 6:09 AM",,OUTGOING,https://www.linkedin.com/in/thejacobkantor,https://www.linkedin.com/in/ashley-soifer-57820713b
Jacob Kantor,Anjali Singh,"3/17/26, 9:49 PM",,OUTGOING,https://www.linkedin.com/in/thejacobkantor,https://www.linkedin.com/in/anjali-singh-a7786ba4
Jacob Kantor,Jeanne Ngo-mai,"3/17/26, 8:56 PM",,OUTGOING,https://www.linkedin.com/in/thejacobkantor,https://www.linkedin.com/in/jeanne-ngo-mai-82a59a31a
Jacob Kantor,Melissa May Iglesia,"3/17/26, 8:56 PM",,OUTGOING,https://www.linkedin.com/in/thejacobkantor,https://www.linkedin.com/in/melissa-may-iglesia-47373a13
Jacob Kantor,Tiffany Birch SHRM-SCP,"3/17/26, 5:07 PM",,OUTGOING,https://www.linkedin.com/in/thejacobkantor,https://www.linkedin.com/in/tiffany-birch-shrm-scp-67272346
Jacob Kantor,Elise Lenthe,"3/17/26, 2:27 PM",,OUTGOING,https://www.linkedin.com/in/thejacobkantor,https://www.linkedin.com/in/elenthe
Jacob Kantor,"Ben Cross, MSAI","3/17/26, 2:27 PM",,OUTGOING,https://www.linkedin.com/in/thejacobkantor,https://www.linkedin.com/in/ben-cross-msai-452065178
Jacob Kantor,Robert Chang,"3/17/26, 12:28 PM",Good to see you at CAAPLE!,OUTGOING,https://www.linkedin.com/in/thejacobkantor,https://www.linkedin.com/in/robert-chang-99469828
Jacob Kantor,Robert Chang,"3/17/26, 12:28 PM",,OUTGOING,https://www.linkedin.com/in/thejacobkantor,https://www.linkedin.com/in/robert-chang-91a57339
Jacob Kantor,"Tsayli Lily Chang, Ed.D.","3/17/26, 12:28 PM",,OUTGOING,https://www.linkedin.com/in/thejacobkantor,https://www.linkedin.com/in/eceforlife
Jacob Kantor,Lily Chang,"3/17/26, 12:28 PM",Good to see you at CAAPLE!,OUTGOING,https://www.linkedin.com/in/thejacobkantor,https://www.linkedin.com/in/lily-chang-b0044b28a
Jacob Kantor,Jadelyn Chang,"3/17/26, 12:27 PM",Good to see you at CAAPLE!,OUTGOING,https://www.linkedin.com/in/thejacobkantor,https://www.linkedin.com/in/jadelyn-chang-840a913
Jacob Kantor,Andrea Chang-Seo Ed. D. ,"3/17/26, 12:27 PM",Good to see you at CAAPLE!,OUTGOING,https://www.linkedin.com/in/thejacobkantor,https://www.linkedin.com/in/andrea-chang-seo-ed-d-044a51101
Jacob Kantor,Howard Chan,"3/17/26, 12:26 PM",Good to see you at CAAPLE!,OUTGOING,https://www.linkedin.com/in/thejacobkantor,https://www.linkedin.com/in/hchanedu
Jacob Kantor,Billy Chan,"3/17/26, 12:26 PM",Good to see you at CAAPLE!,OUTGOING,https://www.linkedin.com/in/thejacobkantor,https://www.linkedin.com/in/billy-chan-ccc
Jacob Kantor,BILLY CHAN,"3/17/26, 12:25 PM",Good to see you at CAAPLE!,OUTGOING,https://www.linkedin.com/in/thejacobkantor,https://www.linkedin.com/in/billy-chan-24346a31
Jacob Kantor,Karen E. Castro,"3/17/26, 12:25 PM",,OUTGOING,https://www.linkedin.com/in/thejacobkantor,https://www.linkedin.com/in/karen-e-castro-a7775b50
Jacob Kantor,Karen Castro,"3/17/26, 12:25 PM",,OUTGOING,https://www.linkedin.com/in/thejacobkantor,https://www.linkedin.com/in/karencastro
Jacob Kantor,Barby Castro,"3/17/26, 12:25 PM",Good to see you at CAAPLE!,OUTGOING,https://www.linkedin.com/in/thejacobkantor,https://www.linkedin.com/in/barby-castro-b15818229
Jacob Kantor,toua chang,"3/17/26, 12:24 PM",Good to see you at CAAPLE!,OUTGOING,https://www.linkedin.com/in/thejacobkantor,https://www.linkedin.com/in/toua-chang-8811a38b
Jacob Kantor,"Tu Moua Carroz, Ed.D.","3/17/26, 12:22 PM",Good to see you at CAAPLE!,OUTGOING,https://www.linkedin.com/in/thejacobkantor,https://www.linkedin.com/in/tu-m-7807001b8
Jacob Kantor,Iván Carrillo,"3/17/26, 12:22 PM",Good to see you at CAAPLE!,OUTGOING,https://www.linkedin.com/in/thejacobkantor,https://www.linkedin.com/in/iván-carrillo-60078b46
Jacob Kantor,Stuart Caldwell,"3/17/26, 12:21 PM",Good to spend time with you at CAAPLE!,OUTGOING,https://www.linkedin.com/in/thejacobkantor,https://www.linkedin.com/in/stuart-caldwell-09676953
Jacob Kantor,Ailina Butler,"3/17/26, 12:20 PM",,OUTGOING,https://www.linkedin.com/in/thejacobkantor,https://www.linkedin.com/in/ailina-butler-945922395
Jacob Kantor,Connie Jacobs,"3/17/26, 12:14 PM",Hi Connie! Mutual friend in Chris Weber told me I had to know you. =),OUTGOING,https://www.linkedin.com/in/thejacobkantor,https://www.linkedin.com/in/conniejacobs
Jacob Kantor,Will Krasnow,"3/17/26, 11:16 AM",,OUTGOING,https://www.linkedin.com/in/thejacobkantor,https://www.linkedin.com/in/will-krasnow-04280b1a9
Jacob Kantor,Ferrari Garcia,"3/17/26, 11:00 AM",,OUTGOING,https://www.linkedin.com/in/thejacobkantor,https://www.linkedin.com/in/ferrari-garcia-66237943
Jacob Kantor,Jennifer Watterson,"3/17/26, 10:15 AM",,OUTGOING,https://www.linkedin.com/in/thejacobkantor,https://www.linkedin.com/in/jennifer-watterson-70293554
Jacob Kantor,Stephanie Williamson,"3/17/26, 10:14 AM",,OUTGOING,https://www.linkedin.com/in/thejacobkantor,https://www.linkedin.com/in/stephanie-williamson-95164433
Jacob Kantor,"Stephanie Williamson, MBA","3/17/26, 10:13 AM",,OUTGOING,https://www.linkedin.com/in/thejacobkantor,https://www.linkedin.com/in/stephaniekwilliamson
Jacob Kantor,Eryn Wike,"3/17/26, 10:13 AM",,OUTGOING,https://www.linkedin.com/in/thejacobkantor,https://www.linkedin.com/in/erynwike
Jacob Kantor,Natalie Breuner,"3/16/26, 10:53 PM",,OUTGOING,https://www.linkedin.com/in/thejacobkantor,https://www.linkedin.com/in/nataliebreuner
Jacob Kantor,Patrick Adukonis,"3/16/26, 10:52 PM",,OUTGOING,https://www.linkedin.com/in/thejacobkantor,https://www.linkedin.com/in/patrick-adukonis-3819ba22
Jacob Kantor,Jennifer Paloma Rafferty,"3/16/26, 10:52 PM",,OUTGOING,https://www.linkedin.com/in/thejacobkantor,https://www.linkedin.com/in/jp-rafferty
Jacob Kantor,Roman Sarmiento,"3/16/26, 10:51 PM",,OUTGOING,https://www.linkedin.com/in/thejacobkantor,https://www.linkedin.com/in/roman-sarmiento-1039a113
Jacob Kantor,Mihir Shah,"3/16/26, 9:05 PM",,OUTGOING,https://www.linkedin.com/in/thejacobkantor,https://www.linkedin.com/in/mihir-shah-09b142
Jacob Kantor,Brent Porter,"3/16/26, 9:05 PM",,OUTGOING,https://www.linkedin.com/in/thejacobkantor,https://www.linkedin.com/in/brent-porter-5195b844
Jacob Kantor,Tonya Samuels,"3/16/26, 9:05 PM",,OUTGOING,https://www.linkedin.com/in/thejacobkantor,https://www.linkedin.com/in/tonya-samuels-212654b0
Jacob Kantor,Joseph Caraan,"3/16/26, 9:04 PM",,OUTGOING,https://www.linkedin.com/in/thejacobkantor,https://www.linkedin.com/in/jcaraan025
Jacob Kantor,"Caryn Lewis, Ed.D.","3/16/26, 7:59 PM",,OUTGOING,https://www.linkedin.com/in/thejacobkantor,https://www.linkedin.com/in/caryn-lewis-ed-d-8a428265
Jacob Kantor,Dara Futu,"3/16/26, 3:35 PM",,OUTGOING,https://www.linkedin.com/in/thejacobkantor,https://www.linkedin.com/in/darafutu
Jacob Kantor,David Solomon,"3/16/26, 1:05 PM",,OUTGOING,https://www.linkedin.com/in/thejacobkantor,https://www.linkedin.com/in/david-solomon-2b30a821
Jacob Kantor,Carrie Hess,"3/16/26, 11:22 AM",,OUTGOING,https://www.linkedin.com/in/thejacobkantor,https://www.linkedin.com/in/carrie-hess-7185961a4
Jacob Kantor,María Florencia Russo,"3/16/26, 11:22 AM",,OUTGOING,https://www.linkedin.com/in/thejacobkantor,https://www.linkedin.com/in/mariaflorenciarusso
Jacob Kantor,Josh Spoelstra,"3/16/26, 11:21 AM",,OUTGOING,https://www.linkedin.com/in/thejacobkantor,https://www.linkedin.com/in/joshspoelstra
Jacob Kantor,Yuliya Munoz,"3/16/26, 8:14 AM",,OUTGOING,https://www.linkedin.com/in/thejacobkantor,https://www.linkedin.com/in/yuliya-munoz
Jacob Kantor,Dave Woodbury,"3/16/26, 6:10 AM",,OUTGOING,https://www.linkedin.com/in/thejacobkantor,https://www.linkedin.com/in/dave-woodbury-25b3945
Jacob Kantor,Pavel Lieb,"3/15/26, 7:30 PM",,OUTGOING,https://www.linkedin.com/in/thejacobkantor,https://www.linkedin.com/in/pavellieb
Jacob Kantor,Celeste Scott,"3/15/26, 7:30 PM",,OUTGOING,https://www.linkedin.com/in/thejacobkantor,https://www.linkedin.com/in/celeste-scott-685a362b8
Jacob Kantor,James Paul,"3/15/26, 7:30 PM",,OUTGOING,https://www.linkedin.com/in/thejacobkantor,https://www.linkedin.com/in/james-paul-78684425b
Jacob Kantor,Andrew Johnson,"3/15/26, 7:29 PM",,OUTGOING,https://www.linkedin.com/in/thejacobkantor,https://www.linkedin.com/in/andrew-a-johnson
Jacob Kantor,Abhishek Srivastava,"3/15/26, 7:30 PM",,OUTGOING,https://www.linkedin.com/in/thejacobkantor,https://www.linkedin.com/in/abhishek-srivastava-b183b6174
Jacob Kantor,Caleb Stigile,"3/15/26, 7:29 PM",,OUTGOING,https://www.linkedin.com/in/thejacobkantor,https://www.linkedin.com/in/stigile
Jacob Kantor,Russlynn Ali,"3/15/26, 6:50 PM",,OUTGOING,https://www.linkedin.com/in/thejacobkantor,https://www.linkedin.com/in/russlynnali
Jacob Kantor,Cindy Blackburn,"3/15/26, 6:19 PM",,OUTGOING,https://www.linkedin.com/in/thejacobkantor,https://www.linkedin.com/in/cindy-blackburn-9436a81a7
Jacob Kantor,Corey Rogers,"3/15/26, 5:24 PM",,OUTGOING,https://www.linkedin.com/in/thejacobkantor,https://www.linkedin.com/in/corey-marshall-rogers
Jacob Kantor,Eric CeBallos,"3/15/26, 5:18 PM",,OUTGOING,https://www.linkedin.com/in/thejacobkantor,https://www.linkedin.com/in/eric-ceballos-83515b8
Jacob Kantor,Nir Erez,"3/15/26, 3:21 PM",,OUTGOING,https://www.linkedin.com/in/thejacobkantor,https://www.linkedin.com/in/nir-erez-58256
Jacob Kantor,Noam Rahavi,"3/15/26, 3:20 PM",,OUTGOING,https://www.linkedin.com/in/thejacobkantor,https://www.linkedin.com/in/noam-rahavi
Jacob Kantor,Itay Gil,"3/15/26, 3:20 PM",,OUTGOING,https://www.linkedin.com/in/thejacobkantor,https://www.linkedin.com/in/itay-gil-35319054
Jacob Kantor,Adam Rosenthal,"3/15/26, 3:20 PM",,OUTGOING,https://www.linkedin.com/in/thejacobkantor,https://www.linkedin.com/in/adamrosenthalse
Jacob Kantor,Roy Bick,"3/15/26, 3:19 PM",,OUTGOING,https://www.linkedin.com/in/thejacobkantor,https://www.linkedin.com/in/roy-bick-5474015
Jacob Kantor,Ruchir Arora,"3/15/26, 3:17 PM",,OUTGOING,https://www.linkedin.com/in/thejacobkantor,https://www.linkedin.com/in/aroraruchir
Jacob Kantor,Wyatt Grantham,"3/15/26, 3:03 PM",,OUTGOING,https://www.linkedin.com/in/thejacobkantor,https://www.linkedin.com/in/wyatt-grantham
Jacob Kantor,Jonathan Munk,"3/15/26, 3:02 PM",,OUTGOING,https://www.linkedin.com/in/thejacobkantor,https://www.linkedin.com/in/jonathanmunk
Jacob Kantor,Jonathan Woahn,"3/15/26, 3:02 PM",,OUTGOING,https://www.linkedin.com/in/thejacobkantor,https://www.linkedin.com/in/jonathanwoahn
Jacob Kantor,Liana Hallam,"3/15/26, 2:48 PM",,OUTGOING,https://www.linkedin.com/in/thejacobkantor,https://www.linkedin.com/in/liana-hallam-189419112
Jacob Kantor,Emily Ostrowska,"3/15/26, 2:48 PM",,OUTGOING,https://www.linkedin.com/in/thejacobkantor,https://www.linkedin.com/in/emilyostrowska
Jacob Kantor,Matt Abraham,"3/15/26, 2:48 PM",,OUTGOING,https://www.linkedin.com/in/thejacobkantor,https://www.linkedin.com/in/mrabraham
Jacob Kantor,Daniel Tartakovsky,"3/15/26, 2:47 PM",,OUTGOING,https://www.linkedin.com/in/thejacobkantor,https://www.linkedin.com/in/tartakovsky
Jacob Kantor,Jeffrey Sword,"3/15/26, 2:46 PM",,OUTGOING,https://www.linkedin.com/in/thejacobkantor,https://www.linkedin.com/in/jeffrey-sword-80070a31
Jacob Kantor,Seth Rau,"3/15/26, 2:47 PM",,OUTGOING,https://www.linkedin.com/in/thejacobkantor,https://www.linkedin.com/in/sethrau
Jacob Kantor,Joe English,"3/15/26, 2:46 PM",,OUTGOING,https://www.linkedin.com/in/thejacobkantor,https://www.linkedin.com/in/joe-m-english
Jacob Kantor,Zeynep Selamet,"3/15/26, 2:17 PM",,OUTGOING,https://www.linkedin.com/in/thejacobkantor,https://www.linkedin.com/in/zeynepselamet
Jacob Kantor,Anada Lakra,"3/15/26, 2:16 PM",,OUTGOING,https://www.linkedin.com/in/thejacobkantor,https://www.linkedin.com/in/anadalakra
Jacob Kantor,Libby Brien,"3/15/26, 1:42 PM",,OUTGOING,https://www.linkedin.com/in/thejacobkantor,https://www.linkedin.com/in/libby-brien-6a782057
Jacob Kantor,Luke Jubb,"3/15/26, 10:25 AM",,OUTGOING,https://www.linkedin.com/in/thejacobkantor,https://www.linkedin.com/in/lukejubb
Jacob Kantor,Amanda McCarthy,"3/15/26, 8:11 AM",,OUTGOING,https://www.linkedin.com/in/thejacobkantor,https://www.linkedin.com/in/amanda-mccarthy-a48293216
Jacob Kantor,Mark Lienhart,"3/15/26, 7:49 AM",,OUTGOING,https://www.linkedin.com/in/thejacobkantor,https://www.linkedin.com/in/mark-lienhart-6857b094
Jacob Kantor,Danielle Abernethy,"3/14/26, 8:29 PM",,OUTGOING,https://www.linkedin.com/in/thejacobkantor,https://www.linkedin.com/in/danielleabernethy
Jacob Kantor,Jerred Hurst,"3/14/26, 8:29 PM",,OUTGOING,https://www.linkedin.com/in/thejacobkantor,https://www.linkedin.com/in/jerred-hurst-782425299
Jacob Kantor,Richard Hooper,"3/14/26, 8:28 PM",,OUTGOING,https://www.linkedin.com/in/thejacobkantor,https://www.linkedin.com/in/richard-hooper-2161b13b0
Jacob Kantor,Nicholas Andreades,"3/14/26, 3:07 PM",,OUTGOING,https://www.linkedin.com/in/thejacobkantor,https://www.linkedin.com/in/nicholas-andreades
Jacob Kantor,Autumn Robinson,"3/14/26, 8:13 AM",,OUTGOING,https://www.linkedin.com/in/thejacobkantor,https://www.linkedin.com/in/autumn-robinson-62165a175
Jacob Kantor,Erin Shelton,"3/14/26, 8:11 AM",,OUTGOING,https://www.linkedin.com/in/thejacobkantor,https://www.linkedin.com/in/erin-shelton-6563a8119
Jacob Kantor,Allie Belcher,"3/14/26, 8:11 AM",,OUTGOING,https://www.linkedin.com/in/thejacobkantor,https://www.linkedin.com/in/alexandrabelcher
Jacob Kantor,Caitlyn Shelby,"3/14/26, 8:11 AM",,OUTGOING,https://www.linkedin.com/in/thejacobkantor,https://www.linkedin.com/in/caitlyn-shelby-45588573
Jacob Kantor,Stephan Karnauch,"3/14/26, 8:11 AM",,OUTGOING,https://www.linkedin.com/in/thejacobkantor,https://www.linkedin.com/in/stephan-karnauch-0b9b8835
Jacob Kantor,Javier Garcia,"3/14/26, 8:11 AM",,OUTGOING,https://www.linkedin.com/in/thejacobkantor,https://www.linkedin.com/in/javier-manuel-garcia
Jacob Kantor,Elias Chibanda,"3/14/26, 8:11 AM",,OUTGOING,https://www.linkedin.com/in/thejacobkantor,https://www.linkedin.com/in/elias-chibanda-01b450361
Jacob Kantor,Monica Shrew,"3/14/26, 12:16 AM",,OUTGOING,https://www.linkedin.com/in/thejacobkantor,https://www.linkedin.com/in/monica-shrew-0a13b4128
Jacob Kantor,Leah W. Goldblatt ,"3/13/26, 8:28 PM",,OUTGOING,https://www.linkedin.com/in/thejacobkantor,https://www.linkedin.com/in/leahwren
Jacob Kantor,Neil Christie,"3/13/26, 8:28 PM",,OUTGOING,https://www.linkedin.com/in/thejacobkantor,https://www.linkedin.com/in/neil-christie
Jacob Kantor,Rick McDole,"3/13/26, 8:28 PM",,OUTGOING,https://www.linkedin.com/in/thejacobkantor,https://www.linkedin.com/in/rickmcdole
Jacob Kantor,Emily Decatur Steacie,"3/13/26, 7:06 PM",,OUTGOING,https://www.linkedin.com/in/thejacobkantor,https://www.linkedin.com/in/emily-decatur
Jacob Kantor,"Raquel Kloostra, M.S. Ed Tech","3/13/26, 7:03 PM",,OUTGOING,https://www.linkedin.com/in/thejacobkantor,https://www.linkedin.com/in/raquel-kloostra-m-s-ed-tech-242937260
Jacob Kantor,Michelle Glover,"3/13/26, 10:47 AM",,OUTGOING,https://www.linkedin.com/in/thejacobkantor,https://www.linkedin.com/in/michelle-glover-632782194
Jacob Kantor,"Makayla Francis, EdD","3/13/26, 7:56 AM",,OUTGOING,https://www.linkedin.com/in/thejacobkantor,https://www.linkedin.com/in/makayla-francis-edd-63980a128
Jacob Kantor,Robert Schrimpf,"3/13/26, 7:56 AM",,OUTGOING,https://www.linkedin.com/in/thejacobkantor,https://www.linkedin.com/in/robert-schrimpf
Jacob Kantor,Daniel Johnson,"3/13/26, 6:10 AM",,OUTGOING,https://www.linkedin.com/in/thejacobkantor,https://www.linkedin.com/in/dannyjjohnson
Jacob Kantor,Kim Lanzilli,"3/13/26, 6:10 AM",,OUTGOING,https://www.linkedin.com/in/thejacobkantor,https://www.linkedin.com/in/kim-lanzilli-7a71bb12
Jacob Kantor,Christian Oleson,"3/12/26, 9:35 PM",,OUTGOING,https://www.linkedin.com/in/thejacobkantor,https://www.linkedin.com/in/csoleson
Jacob Kantor,Gabriela Perez Barbeito,"3/12/26, 8:36 PM",,OUTGOING,https://www.linkedin.com/in/thejacobkantor,https://www.linkedin.com/in/gabyperez06
Jacob Kantor,Alexis Mauren,"3/12/26, 8:35 PM",,OUTGOING,https://www.linkedin.com/in/thejacobkantor,https://www.linkedin.com/in/alexis-mauren
Jacob Kantor,Aria Lee,"3/12/26, 7:16 PM",,OUTGOING,https://www.linkedin.com/in/thejacobkantor,https://www.linkedin.com/in/ariareidlee
Jacob Kantor,Jennifer Johnson,"3/12/26, 7:16 PM",,OUTGOING,https://www.linkedin.com/in/thejacobkantor,https://www.linkedin.com/in/jenniferjohnson1300
Jacob Kantor,Perry Rosenstein,"3/12/26, 6:44 PM",,OUTGOING,https://www.linkedin.com/in/thejacobkantor,https://www.linkedin.com/in/perryrosenstein
Jacob Kantor,Micah Daigle,"3/12/26, 6:44 PM",,OUTGOING,https://www.linkedin.com/in/thejacobkantor,https://www.linkedin.com/in/micahdaigle
Jacob Kantor,"Jessica Verry, M.Ed.","3/12/26, 6:22 PM",,OUTGOING,https://www.linkedin.com/in/thejacobkantor,https://www.linkedin.com/in/jessica-verry
Jacob Kantor,Fritzi Gragg,"3/12/26, 5:37 PM",,OUTGOING,https://www.linkedin.com/in/thejacobkantor,https://www.linkedin.com/in/fritzi-gragg
Jacob Kantor,Brittany Jones,"3/12/26, 5:37 PM",,OUTGOING,https://www.linkedin.com/in/thejacobkantor,https://www.linkedin.com/in/bngarcia
Jacob Kantor,Jennifer Woods,"3/12/26, 5:36 PM",,OUTGOING,https://www.linkedin.com/in/thejacobkantor,https://www.linkedin.com/in/jennifer-woods-principal
Jacob Kantor,David Tucker,"3/12/26, 5:36 PM",,OUTGOING,https://www.linkedin.com/in/thejacobkantor,https://www.linkedin.com/in/david-tucker-va
Jacob Kantor,Michael Sinclair M.Ed,"3/12/26, 5:35 PM",,OUTGOING,https://www.linkedin.com/in/thejacobkantor,https://www.linkedin.com/in/michael-sinclair-m-ed-44915141
Jacob Kantor,Brandon Wheeland,"7/29/26, 3:01 PM",,OUTGOING,https://www.linkedin.com/in/thejacobkantor,https://www.linkedin.com/in/brandonwheeland
Jacob Kantor,Sadie Clayton,"3/12/26, 1:13 PM",,OUTGOING,https://www.linkedin.com/in/thejacobkantor,https://www.linkedin.com/in/sadie-clayton
Jacob Kantor,Kelly Gump,"3/12/26, 1:13 PM",,OUTGOING,https://www.linkedin.com/in/thejacobkantor,https://www.linkedin.com/in/kellygump
Jacob Kantor,Colin Abendroth,"3/12/26, 1:13 PM",,OUTGOING,https://www.linkedin.com/in/thejacobkantor,https://www.linkedin.com/in/colin-abendroth-49a66129b
Jacob Kantor,Shannon Benson,"3/12/26, 1:13 PM",,OUTGOING,https://www.linkedin.com/in/thejacobkantor,https://www.linkedin.com/in/shannonk12education
Jacob Kantor,Morgan Gallegos,"3/12/26, 11:19 AM",,OUTGOING,https://www.linkedin.com/in/thejacobkantor,https://www.linkedin.com/in/morgan-gallegos-4a769b224
Jacob Kantor,John Trevino,"3/12/26, 11:19 AM",,OUTGOING,https://www.linkedin.com/in/thejacobkantor,https://www.linkedin.com/in/johnalextrevino
Jacob Kantor,Alex Cowen,"3/12/26, 9:22 AM",,OUTGOING,https://www.linkedin.com/in/thejacobkantor,https://www.linkedin.com/in/alex-cowen-80b09921b
Jacob Kantor,Kathryn Kinser,"3/12/26, 9:22 AM",,OUTGOING,https://www.linkedin.com/in/thejacobkantor,https://www.linkedin.com/in/kbkinser
Jacob Kantor,Maria Kane,"3/12/26, 9:22 AM",,OUTGOING,https://www.linkedin.com/in/thejacobkantor,https://www.linkedin.com/in/maria-kane-65a937103
Jacob Kantor,Carly Tamor,"3/12/26, 9:22 AM",,OUTGOING,https://www.linkedin.com/in/thejacobkantor,https://www.linkedin.com/in/carly-tamor
Jacob Kantor,Jennifer Hurst,"3/12/26, 6:20 AM",,OUTGOING,https://www.linkedin.com/in/thejacobkantor,https://www.linkedin.com/in/jennifer-hurst-
Jacob Kantor,Tom Waszkowycz,"3/12/26, 6:13 AM",,OUTGOING,https://www.linkedin.com/in/thejacobkantor,https://www.linkedin.com/in/tomwaszkowycz
Jacob Kantor,"Ryan Roach, M.Ed.","3/12/26, 6:13 AM",,OUTGOING,https://www.linkedin.com/in/thejacobkantor,https://www.linkedin.com/in/ryanjroach
Jacob Kantor,Joe Stafford,"3/12/26, 6:12 AM",,OUTGOING,https://www.linkedin.com/in/thejacobkantor,https://www.linkedin.com/in/joe-stafford-38860695
Jacob Kantor,"Matthew Norko, TLIS","3/11/26, 5:26 PM",,OUTGOING,https://www.linkedin.com/in/thejacobkantor,https://www.linkedin.com/in/mnorko35
Jacob Kantor,"José Manuel Villarreal, Ed.D.","3/11/26, 4:31 PM",,OUTGOING,https://www.linkedin.com/in/thejacobkantor,https://www.linkedin.com/in/josemanuelv
Jacob Kantor,Ilryong Moon,"3/11/26, 6:35 AM",,OUTGOING,https://www.linkedin.com/in/thejacobkantor,https://www.linkedin.com/in/ilryong-moon-5a32b929
Jacob Kantor,Gene Silverman,"3/11/26, 6:02 AM",,OUTGOING,https://www.linkedin.com/in/thejacobkantor,https://www.linkedin.com/in/gene-silverman-6927271a4
Jacob Kantor,Alma Cooper,"3/11/26, 5:54 AM",,OUTGOING,https://www.linkedin.com/in/thejacobkantor,https://www.linkedin.com/in/alma-cooper-007011216
Jacob Kantor,Lauren Clary,"3/10/26, 11:00 PM",,OUTGOING,https://www.linkedin.com/in/thejacobkantor,https://www.linkedin.com/in/lauren-clary-144a5565
Jacob Kantor,Laurie Beaman,"3/10/26, 11:00 PM",,OUTGOING,https://www.linkedin.com/in/thejacobkantor,https://www.linkedin.com/in/laurie-beaman
Jacob Kantor,Ayush Gupta,"3/10/26, 10:29 PM",,OUTGOING,https://www.linkedin.com/in/thejacobkantor,https://www.linkedin.com/in/ayush-gupta-644bba291
Jacob Kantor,Almar Tishenko,"3/10/26, 10:29 PM",,OUTGOING,https://www.linkedin.com/in/thejacobkantor,https://www.linkedin.com/in/almar-tishenko-646398319
Jacob Kantor,Norman Garcia Esparza,"3/10/26, 10:29 PM",,OUTGOING,https://www.linkedin.com/in/thejacobkantor,https://www.linkedin.com/in/norman-garcia-esparza-031958228
Jacob Kantor,Christine Bagarino,"3/10/26, 10:28 PM",,OUTGOING,https://www.linkedin.com/in/thejacobkantor,https://www.linkedin.com/in/cbagarino
Jacob Kantor,Deniz Gulbaharli,"3/10/26, 10:28 PM",,OUTGOING,https://www.linkedin.com/in/thejacobkantor,https://www.linkedin.com/in/denizgulbaharli
Jacob Kantor,Marc A. Raymond,"3/10/26, 10:27 PM",,OUTGOING,https://www.linkedin.com/in/thejacobkantor,https://www.linkedin.com/in/mrcrymnd
Jacob Kantor,Dr. Laurel Aguilar-Kirchhoff,"3/10/26, 10:21 PM",,OUTGOING,https://www.linkedin.com/in/thejacobkantor,https://www.linkedin.com/in/laurel-aguilar-kirchhoff
Jacob Kantor,Kyle Williams,"3/10/26, 4:56 PM",,OUTGOING,https://www.linkedin.com/in/thejacobkantor,https://www.linkedin.com/in/kyle-williams-b44142151
Jacob Kantor,Nibin Sellaraj .R.J,"3/10/26, 6:20 AM",,OUTGOING,https://www.linkedin.com/in/thejacobkantor,https://www.linkedin.com/in/nibin-sellaraj-r-j-034a69291
Jacob Kantor,Cam Doherty,"3/10/26, 6:20 AM",,OUTGOING,https://www.linkedin.com/in/thejacobkantor,https://www.linkedin.com/in/cam-doherty-08a241368
Jacob Kantor,Geoffrey Drayton,"3/10/26, 6:20 AM",,OUTGOING,https://www.linkedin.com/in/thejacobkantor,https://www.linkedin.com/in/geoffrey-drayton-156722168
Jacob Kantor,John Patrick Gotidoc,"3/10/26, 6:20 AM",,OUTGOING,https://www.linkedin.com/in/thejacobkantor,https://www.linkedin.com/in/jpgotidoc
Jacob Kantor,Chris Bernhardi,"3/10/26, 6:20 AM",,OUTGOING,https://www.linkedin.com/in/thejacobkantor,https://www.linkedin.com/in/chris-bernhardi
Jacob Kantor,Ryan Ermeling,"3/10/26, 6:20 AM",,OUTGOING,https://www.linkedin.com/in/thejacobkantor,https://www.linkedin.com/in/ryan-ermeling-a09056b0
Jacob Kantor,Arham Asif,"3/10/26, 6:19 AM",,OUTGOING,https://www.linkedin.com/in/thejacobkantor,https://www.linkedin.com/in/arham-asif-841573210
Jacob Kantor,Nereida Gutierrez,"3/9/26, 10:21 PM",,OUTGOING,https://www.linkedin.com/in/thejacobkantor,https://www.linkedin.com/in/nereida-gutierrez-694b0aa0
Jacob Kantor,"Annice Williams, Ed.D.","3/9/26, 12:29 PM",,OUTGOING,https://www.linkedin.com/in/thejacobkantor,https://www.linkedin.com/in/annice-williams-ed-d-5a8669171
Jacob Kantor,"Anthony Oskar Alvarado, Ed.D.","3/9/26, 12:29 PM",,OUTGOING,https://www.linkedin.com/in/thejacobkantor,https://www.linkedin.com/in/anthonyoskaralvarado
Jacob Kantor,Jayson Jones,"3/9/26, 12:29 PM",,OUTGOING,https://www.linkedin.com/in/thejacobkantor,https://www.linkedin.com/in/jaysongjones
Jacob Kantor,Jack Shepherd,"3/9/26, 12:29 PM",,OUTGOING,https://www.linkedin.com/in/thejacobkantor,https://www.linkedin.com/in/jackcshepherd
Jacob Kantor,Rachel Adegoke,"3/9/26, 12:29 PM",,OUTGOING,https://www.linkedin.com/in/thejacobkantor,https://www.linkedin.com/in/adegokerachel
Jacob Kantor,Luciano Alves Junior,"3/9/26, 12:28 PM",,OUTGOING,https://www.linkedin.com/in/thejacobkantor,https://www.linkedin.com/in/luciano-alves-junior-4b212aa5
Jacob Kantor,Ronald Douglas II,"3/9/26, 12:28 PM",,OUTGOING,https://www.linkedin.com/in/thejacobkantor,https://www.linkedin.com/in/ronald-douglas-ii
Jacob Kantor,Johanna Chouraqui,"3/9/26, 12:28 PM",,OUTGOING,https://www.linkedin.com/in/thejacobkantor,https://www.linkedin.com/in/johannachouraqui
Jacob Kantor,Harriet Jopling,"3/9/26, 12:28 PM",,OUTGOING,https://www.linkedin.com/in/thejacobkantor,https://www.linkedin.com/in/harrietjopling
Jacob Kantor,Selina Wilkinson ,"3/9/26, 12:28 PM",,OUTGOING,https://www.linkedin.com/in/thejacobkantor,https://www.linkedin.com/in/selina-wilkinson-9a113a60
Jacob Kantor,Jarosław Zieliński,"3/9/26, 12:28 PM",,OUTGOING,https://www.linkedin.com/in/thejacobkantor,https://www.linkedin.com/in/vjzielinski
Jacob Kantor,Tracy Berg,"3/9/26, 12:27 PM",,OUTGOING,https://www.linkedin.com/in/thejacobkantor,https://www.linkedin.com/in/tracylberg
Jacob Kantor,Caitlin Xenakis,"3/9/26, 12:16 PM",,OUTGOING,https://www.linkedin.com/in/thejacobkantor,https://www.linkedin.com/in/caitlinxenakis
Jacob Kantor,Hashir Majeed,"3/9/26, 5:06 AM",,OUTGOING,https://www.linkedin.com/in/thejacobkantor,https://www.linkedin.com/in/hashir-majeed11
Jacob Kantor,Noah Rheinheimer,"3/9/26, 5:05 AM",,OUTGOING,https://www.linkedin.com/in/thejacobkantor,https://www.linkedin.com/in/noah-rheinheimer
Jacob Kantor,Nina Mauricia,"3/8/26, 9:30 PM",,OUTGOING,https://www.linkedin.com/in/thejacobkantor,https://www.linkedin.com/in/nina-mauricia
Jacob Kantor,Jason Hoekstra,"3/8/26, 9:29 PM",,OUTGOING,https://www.linkedin.com/in/thejacobkantor,https://www.linkedin.com/in/jasonhoekstra
Jacob Kantor,Francine Blacksher ,"3/7/26, 12:18 PM",,OUTGOING,https://www.linkedin.com/in/thejacobkantor,https://www.linkedin.com/in/francine-blacksher-7b0b8535a
Jacob Kantor,Francine Blacksher,"3/7/26, 12:18 PM",,OUTGOING,https://www.linkedin.com/in/thejacobkantor,https://www.linkedin.com/in/francine-blacksher-6b04ab12
Jacob Kantor,Devina Bhojwani,"3/7/26, 12:17 PM",,OUTGOING,https://www.linkedin.com/in/thejacobkantor,https://www.linkedin.com/in/devina-bhojwani-3452053
Jacob Kantor,Mele Benz,"3/7/26, 12:16 PM",,OUTGOING,https://www.linkedin.com/in/thejacobkantor,https://www.linkedin.com/in/mele-benz-0a68a77
Jacob Kantor,Tracy Benson,"3/7/26, 12:16 PM",,OUTGOING,https://www.linkedin.com/in/thejacobkantor,https://www.linkedin.com/in/bensontracy
Jacob Kantor,Dr. Tracey Benson,"3/7/26, 12:16 PM",,OUTGOING,https://www.linkedin.com/in/thejacobkantor,https://www.linkedin.com/in/traceyabenson
Jacob Kantor,Mary Elizabeth Sammis,"3/7/26, 8:31 AM",,OUTGOING,https://www.linkedin.com/in/thejacobkantor,https://www.linkedin.com/in/mesammis
Jacob Kantor,Katharine Galaxy (Gallogly),"3/7/26, 8:00 AM",,OUTGOING,https://www.linkedin.com/in/thejacobkantor,https://www.linkedin.com/in/katharine-galaxy-gallogly-168ab2177
Jacob Kantor,Radana Dvorak,"3/6/26, 8:38 PM",,OUTGOING,https://www.linkedin.com/in/thejacobkantor,https://www.linkedin.com/in/radanadvorak
Jacob Kantor,Kimberly Benaraw,"3/6/26, 8:37 PM",,OUTGOING,https://www.linkedin.com/in/thejacobkantor,https://www.linkedin.com/in/kimberly-benaraw-650a84374
Jacob Kantor,Brian Anthony B.,"3/6/26, 8:36 PM",,OUTGOING,https://www.linkedin.com/in/thejacobkantor,https://www.linkedin.com/in/brian-anthony-b-68587a6
Jacob Kantor,Thanh Barretto,"3/6/26, 8:36 PM",,OUTGOING,https://www.linkedin.com/in/thejacobkantor,https://www.linkedin.com/in/thanh-barretto-9a8063151
Jacob Kantor,Wes Baker,"3/6/26, 8:35 PM",,OUTGOING,https://www.linkedin.com/in/thejacobkantor,https://www.linkedin.com/in/wes-baker-a66273140
Jacob Kantor,Jaclyn Aviles,"3/6/26, 8:35 PM",,OUTGOING,https://www.linkedin.com/in/thejacobkantor,https://www.linkedin.com/in/jaclyn-aviles-265379355
Jacob Kantor,Javier Arredondo,"3/6/26, 8:34 PM",,OUTGOING,https://www.linkedin.com/in/thejacobkantor,https://www.linkedin.com/in/ja18
Jacob Kantor,Mauricio Arellano,"3/6/26, 8:34 PM",,OUTGOING,https://www.linkedin.com/in/thejacobkantor,https://www.linkedin.com/in/mauricio-arellano-36252436a
Jacob Kantor,Shervaughnna Anderson-Byrd,"3/6/26, 8:33 PM",,OUTGOING,https://www.linkedin.com/in/thejacobkantor,https://www.linkedin.com/in/shervaughnna-anderson-byrd-68137930
Jacob Kantor,Christopher Alvarez,"3/6/26, 8:33 PM",,OUTGOING,https://www.linkedin.com/in/thejacobkantor,https://www.linkedin.com/in/calvarealism
Jacob Kantor,Christine Alvarado,"3/6/26, 8:33 PM",,OUTGOING,https://www.linkedin.com/in/thejacobkantor,https://www.linkedin.com/in/christine-alvarado-587a813
Jacob Kantor,"Adina  Austin, LMFT ","3/6/26, 8:32 PM",,OUTGOING,https://www.linkedin.com/in/thejacobkantor,https://www.linkedin.com/in/adina-austin-lmft-906b1012
Jacob Kantor,Ryan Almazan,"3/6/26, 8:31 PM",,OUTGOING,https://www.linkedin.com/in/thejacobkantor,https://www.linkedin.com/in/ryan-almazan-1356a092
Jacob Kantor,"Greg Akai, EdD","3/6/26, 8:30 PM",,OUTGOING,https://www.linkedin.com/in/thejacobkantor,https://www.linkedin.com/in/greg-akai-edd-23998a1a4
Jacob Kantor,Frank Ahn,"3/6/26, 8:30 PM",,OUTGOING,https://www.linkedin.com/in/thejacobkantor,https://www.linkedin.com/in/frankahn
Jacob Kantor,Parvin Ahmadi,"3/6/26, 8:29 PM",,OUTGOING,https://www.linkedin.com/in/thejacobkantor,https://www.linkedin.com/in/parvin-ahmadi-10844572
Jacob Kantor,Laura Hallberg,"3/6/26, 8:29 PM",,OUTGOING,https://www.linkedin.com/in/thejacobkantor,https://www.linkedin.com/in/ldelgadillo
Jacob Kantor,Kelly  Wong,"3/6/26, 8:27 PM",,OUTGOING,https://www.linkedin.com/in/thejacobkantor,https://www.linkedin.com/in/kellyhwong
Jacob Kantor,Samantha Jo Wooster,"3/6/26, 8:27 PM",,OUTGOING,https://www.linkedin.com/in/thejacobkantor,https://www.linkedin.com/in/samantha-jo-wooster
Jacob Kantor,"Mai Nhia Xiong-Chan, Ed.D","3/6/26, 8:24 PM",,OUTGOING,https://www.linkedin.com/in/thejacobkantor,https://www.linkedin.com/in/mai-nhia-xiong-chan-ed-d-944371b
Jacob Kantor,Fran Yang   M.Ed.,"3/6/26, 8:21 PM",,OUTGOING,https://www.linkedin.com/in/thejacobkantor,https://www.linkedin.com/in/marinfran
Jacob Kantor,Lee Yang,"3/6/26, 8:20 PM",,OUTGOING,https://www.linkedin.com/in/thejacobkantor,https://www.linkedin.com/in/lee-yang-08764340
Jacob Kantor,Ratmony Yee,"3/6/26, 8:19 PM",,OUTGOING,https://www.linkedin.com/in/thejacobkantor,https://www.linkedin.com/in/ratmony-yee-6244aa33
Jacob Kantor,John Yeh,"3/6/26, 8:19 PM",,OUTGOING,https://www.linkedin.com/in/thejacobkantor,https://www.linkedin.com/in/john-yeh-2096551
Jacob Kantor,Edgar Zazueta,"3/6/26, 8:18 PM",good seeing you this week ,OUTGOING,https://www.linkedin.com/in/thejacobkantor,https://www.linkedin.com/in/edgar-zazueta-3a254b124
Jacob Kantor,Matthew Abbott,"3/6/26, 7:59 PM",,OUTGOING,https://www.linkedin.com/in/thejacobkantor,https://www.linkedin.com/in/matthew-abbott-63540654
Jacob Kantor,"Michel Cazary, Ed.D.","3/6/26, 7:59 PM",,OUTGOING,https://www.linkedin.com/in/thejacobkantor,https://www.linkedin.com/in/michel-cazary-ed-d-037628
Jacob Kantor,"Gabriella Duran-Blakey, Ed.D.","3/6/26, 7:58 PM",,OUTGOING,https://www.linkedin.com/in/thejacobkantor,https://www.linkedin.com/in/drgabriellablakey
Jacob Kantor,LaTonya M. Goffney,"3/6/26, 7:58 PM",,OUTGOING,https://www.linkedin.com/in/thejacobkantor,https://www.linkedin.com/in/drgoffney
Jacob Kantor,"Aleesia Johnson, Ed.D.","3/6/26, 7:57 PM",,OUTGOING,https://www.linkedin.com/in/thejacobkantor,https://www.linkedin.com/in/aleesia-johnson-indy
Jacob Kantor,Roger Leon,"3/6/26, 7:57 PM",,OUTGOING,https://www.linkedin.com/in/thejacobkantor,https://www.linkedin.com/in/roger-leon-652b538
Jacob Kantor,Eric Mackey,"3/6/26, 7:56 PM",,OUTGOING,https://www.linkedin.com/in/thejacobkantor,https://www.linkedin.com/in/eric-mackey-88138228
Jacob Kantor,"Danielle Mastrogiovanni, Ed.D","3/6/26, 7:56 PM",,OUTGOING,https://www.linkedin.com/in/thejacobkantor,https://www.linkedin.com/in/danielle-mastrogiovanni-ed-d-777047167
Jacob Kantor,Jim Rosebrock,"3/6/26, 7:55 PM",,OUTGOING,https://www.linkedin.com/in/thejacobkantor,https://www.linkedin.com/in/jim-rosebrock-5a2a7210
Jacob Kantor,Martha Salazar-Zamora,"3/6/26, 7:54 PM",,OUTGOING,https://www.linkedin.com/in/thejacobkantor,https://www.linkedin.com/in/martha-salazar-zamora-3728462a3
Jacob Kantor,Wendell Sumter,"3/6/26, 7:54 PM",,OUTGOING,https://www.linkedin.com/in/thejacobkantor,https://www.linkedin.com/in/wendell-sumter-849a4b7
Jacob Kantor,Dr. Regina Thompson,"3/6/26, 7:54 PM",,OUTGOING,https://www.linkedin.com/in/thejacobkantor,https://www.linkedin.com/in/dr-regina-thompson-9234a545
Jacob Kantor,Michael Jeremy Tucker,"3/6/26, 7:53 PM",,OUTGOING,https://www.linkedin.com/in/thejacobkantor,https://www.linkedin.com/in/michael-jeremy-tucker-3b0311125
Jacob Kantor,Deborah A. Gist,"3/6/26, 7:53 PM",,OUTGOING,https://www.linkedin.com/in/thejacobkantor,https://www.linkedin.com/in/deborahgist
Jacob Kantor,Charlene M. Russell-Tucker,"3/6/26, 7:52 PM",,OUTGOING,https://www.linkedin.com/in/thejacobkantor,https://www.linkedin.com/in/charlene-m-russell-tucker-2b9680a0
Jacob Kantor,Keven Ellis,"3/6/26, 7:52 PM",Look forward to seeing you at SXSW,OUTGOING,https://www.linkedin.com/in/thejacobkantor,https://www.linkedin.com/in/keven-ellis-7a1a859b
Jacob Kantor,"Nyshawana Francis-Thompson, Ed.D","3/6/26, 7:50 PM",,OUTGOING,https://www.linkedin.com/in/thejacobkantor,https://www.linkedin.com/in/nyshawana-francis-thompson-ed-d-6ab94188
Jacob Kantor,"Admon Alexander, Ed. D.","3/6/26, 7:50 PM",,OUTGOING,https://www.linkedin.com/in/thejacobkantor,https://www.linkedin.com/in/admonalexander
Jacob Kantor,Nicole Bond,"3/6/26, 7:49 PM",,OUTGOING,https://www.linkedin.com/in/thejacobkantor,https://www.linkedin.com/in/nicole-bond-639b85b1
Jacob Kantor,"Ty Harris, Ed.S.","3/6/26, 7:49 PM",,OUTGOING,https://www.linkedin.com/in/thejacobkantor,https://www.linkedin.com/in/tyharris38
Jacob Kantor,Doug Henderson,"3/6/26, 7:48 PM",,OUTGOING,https://www.linkedin.com/in/thejacobkantor,https://www.linkedin.com/in/doug-henderson-steam
Jacob Kantor,"Victor Jones, Ph.D","3/6/26, 7:47 PM",,OUTGOING,https://www.linkedin.com/in/thejacobkantor,https://www.linkedin.com/in/victor-jones-ph-d-46271235
Jacob Kantor,Kim Knight,"3/6/26, 7:47 PM",,OUTGOING,https://www.linkedin.com/in/thejacobkantor,https://www.linkedin.com/in/kim-knight-459b6219
Jacob Kantor,"Adrianne Marbury, MPA","3/6/26, 7:45 PM",,OUTGOING,https://www.linkedin.com/in/thejacobkantor,https://www.linkedin.com/in/adrianne-marbury-mpa
Jacob Kantor,"Susan Messmer, Ed.D. ","3/6/26, 7:45 PM",,OUTGOING,https://www.linkedin.com/in/thejacobkantor,https://www.linkedin.com/in/susan-messmer-ed-d-4549a5211
Jacob Kantor,"Corey Morrison, EdD","3/6/26, 7:45 PM",,OUTGOING,https://www.linkedin.com/in/thejacobkantor,https://www.linkedin.com/in/corey-morrison-edd-b9607628
Jacob Kantor,Lars Nelson,"3/6/26, 7:45 PM",,OUTGOING,https://www.linkedin.com/in/thejacobkantor,https://www.linkedin.com/in/lars-nelson-a0470590
Jacob Kantor,Dr. Jessica Plaza,"3/6/26, 7:43 PM",,OUTGOING,https://www.linkedin.com/in/thejacobkantor,https://www.linkedin.com/in/dr-jessica-plaza-b2962639
Jacob Kantor,"Kimberly  Pollard, Ed.D.","3/6/26, 7:43 PM",,OUTGOING,https://www.linkedin.com/in/thejacobkantor,https://www.linkedin.com/in/kimberly-pollard-ed-d-90b883333
Jacob Kantor,Susan Pommerening,"3/6/26, 7:43 PM",,OUTGOING,https://www.linkedin.com/in/thejacobkantor,https://www.linkedin.com/in/susan-pommerening-a4b00287
Jacob Kantor,Anna  Roe ,"3/6/26, 7:43 PM",,OUTGOING,https://www.linkedin.com/in/thejacobkantor,https://www.linkedin.com/in/annacroe
Jacob Kantor,Julia Sarmiento-Cohen,"3/6/26, 7:42 PM",,OUTGOING,https://www.linkedin.com/in/thejacobkantor,https://www.linkedin.com/in/julia-sarmiento-cohen-9509a3379
Jacob Kantor,Ann Scott,"3/6/26, 7:42 PM",,OUTGOING,https://www.linkedin.com/in/thejacobkantor,https://www.linkedin.com/in/ann-scott
Jacob Kantor,Suzanne Vera,"3/6/26, 7:42 PM",See you at SXSW,OUTGOING,https://www.linkedin.com/in/thejacobkantor,https://www.linkedin.com/in/svera123
Jacob Kantor,Loren Hatfield,"3/6/26, 7:41 PM",,OUTGOING,https://www.linkedin.com/in/thejacobkantor,https://www.linkedin.com/in/loren-b-hatfield
Jacob Kantor,Raymond Hart,"3/6/26, 7:41 PM",See you at SXSW!,OUTGOING,https://www.linkedin.com/in/thejacobkantor,https://www.linkedin.com/in/raymondhart
Jacob Kantor,Julia Bialeski,"3/6/26, 7:41 PM",,OUTGOING,https://www.linkedin.com/in/thejacobkantor,https://www.linkedin.com/in/julia-bialeski-7a4a122a9
Jacob Kantor,Moriah Dollarhite,"3/6/26, 7:41 PM",See you at SXSW!,OUTGOING,https://www.linkedin.com/in/thejacobkantor,https://www.linkedin.com/in/moriah-dollarhite-8027566
Jacob Kantor,"Jamie Kobishop Herold, M.Ed. ","3/6/26, 6:29 PM",,OUTGOING,https://www.linkedin.com/in/thejacobkantor,https://www.linkedin.com/in/jamie-kobishop-herold-m-ed-15583a22
Jacob Kantor,Parker Van Nostrand,"3/6/26, 4:28 PM",,OUTGOING,https://www.linkedin.com/in/thejacobkantor,https://www.linkedin.com/in/parkervannostrand
Jacob Kantor,Kendra Hutchison,"3/6/26, 4:26 PM",,OUTGOING,https://www.linkedin.com/in/thejacobkantor,https://www.linkedin.com/in/kendrahutchison
Jacob Kantor,Eli Pilowsky,"3/6/26, 10:26 AM",,OUTGOING,https://www.linkedin.com/in/thejacobkantor,https://www.linkedin.com/in/eli-pilowsky-inreach
Jacob Kantor,Austin Ketola,"3/6/26, 10:26 AM",,OUTGOING,https://www.linkedin.com/in/thejacobkantor,https://www.linkedin.com/in/austin-ketola
Jacob Kantor,Ryan Bassindale,"3/6/26, 10:26 AM",,OUTGOING,https://www.linkedin.com/in/thejacobkantor,https://www.linkedin.com/in/ryanbassindale
Jacob Kantor,Amelia Zaiser,"3/6/26, 10:26 AM",,OUTGOING,https://www.linkedin.com/in/thejacobkantor,https://www.linkedin.com/in/amelia-zaiser-3abb4a397
Jacob Kantor,Tim Nguyen,"3/6/26, 10:26 AM",,OUTGOING,https://www.linkedin.com/in/thejacobkantor,https://www.linkedin.com/in/tim-nguyen-5971563
Jacob Kantor,"Edwin Gomez, Ed.D.","3/6/26, 8:55 AM",,OUTGOING,https://www.linkedin.com/in/thejacobkantor,https://www.linkedin.com/in/edwin-gomez-ed-d-083a5532
Jacob Kantor,Mike Kleba,"3/6/26, 8:48 AM",,OUTGOING,https://www.linkedin.com/in/thejacobkantor,https://www.linkedin.com/in/mikekleba
Jacob Kantor,James Miles,"3/6/26, 8:48 AM",,OUTGOING,https://www.linkedin.com/in/thejacobkantor,https://www.linkedin.com/in/freshprofessor
Jacob Kantor,John Ayers,"3/5/26, 10:32 PM",,OUTGOING,https://www.linkedin.com/in/thejacobkantor,https://www.linkedin.com/in/johnlayers
Jacob Kantor,"Jose M. Rodriguez, Ed.D.","3/5/26, 10:25 PM",,OUTGOING,https://www.linkedin.com/in/thejacobkantor,https://www.linkedin.com/in/jose-m-rodriguez-ed-d-7510013aa
Jacob Kantor,Kelly Kistner Ph.D.,"3/5/26, 3:53 PM",,OUTGOING,https://www.linkedin.com/in/thejacobkantor,https://www.linkedin.com/in/kkistner
Jacob Kantor,Nora Philbin,"3/5/26, 3:53 PM",,OUTGOING,https://www.linkedin.com/in/thejacobkantor,https://www.linkedin.com/in/nora-philbin-049709aa
Jacob Kantor,"Katherine Martell, MFA, SFHEA","3/5/26, 3:53 PM",,OUTGOING,https://www.linkedin.com/in/thejacobkantor,https://www.linkedin.com/in/katherine-martell
Jacob Kantor,"Sarah Engle, M.A.","3/5/26, 2:48 PM",,OUTGOING,https://www.linkedin.com/in/thejacobkantor,https://www.linkedin.com/in/sarahengle28
Jacob Kantor,ABDALLAH EL HAJIFI,"3/5/26, 2:48 PM",,OUTGOING,https://www.linkedin.com/in/thejacobkantor,https://www.linkedin.com/in/abdallah-el-hajifi-69a44a353
Jacob Kantor,Shajat Mahmood,"3/5/26, 2:48 PM",,OUTGOING,https://www.linkedin.com/in/thejacobkantor,https://www.linkedin.com/in/shajat-mahmood-ai
Jacob Kantor,"Adel Jalili, MHCI","3/5/26, 2:47 PM",,OUTGOING,https://www.linkedin.com/in/thejacobkantor,https://www.linkedin.com/in/adeljalili
Jacob Kantor,"Kiara Hines, M.A.","3/5/26, 8:33 AM",,OUTGOING,https://www.linkedin.com/in/thejacobkantor,https://www.linkedin.com/in/kiarahines
Jacob Kantor,Stacy Redd DeMartini,"3/5/26, 8:33 AM",,OUTGOING,https://www.linkedin.com/in/thejacobkantor,https://www.linkedin.com/in/stacyredd
Jacob Kantor,T.J. Patterson,"3/5/26, 8:22 AM",,OUTGOING,https://www.linkedin.com/in/thejacobkantor,https://www.linkedin.com/in/tjpatterson
Jacob Kantor,Maison Rippeteau,"3/5/26, 8:22 AM",,OUTGOING,https://www.linkedin.com/in/thejacobkantor,https://www.linkedin.com/in/maison-rippeteau-3475b2259
Jacob Kantor,"Randi Ahrndt, M.Ed. ","3/5/26, 8:22 AM",,OUTGOING,https://www.linkedin.com/in/thejacobkantor,https://www.linkedin.com/in/randi-ahrndt
Jacob Kantor,"Kara Murphy, M.Ed","3/5/26, 8:22 AM",,OUTGOING,https://www.linkedin.com/in/thejacobkantor,https://www.linkedin.com/in/kara-murphy-m-ed-1782a9175
Jacob Kantor,Jesse Kubanet,"3/4/26, 5:08 PM",,OUTGOING,https://www.linkedin.com/in/thejacobkantor,https://www.linkedin.com/in/jesse-kubanet
Jacob Kantor,Dr. Stephanie Myers,"3/4/26, 5:09 PM",,OUTGOING,https://www.linkedin.com/in/thejacobkantor,https://www.linkedin.com/in/dr-stephanie-myers-b74bb614
Jacob Kantor,"Laurie Flynn, M.Ed.","3/4/26, 5:08 PM",,OUTGOING,https://www.linkedin.com/in/thejacobkantor,https://www.linkedin.com/in/laurie-flynn-m-ed-31125846
Jacob Kantor,Christine Monge,"3/4/26, 5:08 PM",,OUTGOING,https://www.linkedin.com/in/thejacobkantor,https://www.linkedin.com/in/christine-monge-619a8294
Jacob Kantor,Denise Hobbs,"3/4/26, 5:08 PM",,OUTGOING,https://www.linkedin.com/in/thejacobkantor,https://www.linkedin.com/in/denise-hobbs-4932433
Jacob Kantor,Jasen Whetstone,"3/4/26, 5:07 PM",,OUTGOING,https://www.linkedin.com/in/thejacobkantor,https://www.linkedin.com/in/jasen-whetstone-aa160216
Jacob Kantor,Daniel Byun,"3/4/26, 3:41 PM",good to meet you,OUTGOING,https://www.linkedin.com/in/thejacobkantor,https://www.linkedin.com/in/daniel-byun-47b00324
Jacob Kantor,Margaret Lam,"3/4/26, 3:37 PM",,OUTGOING,https://www.linkedin.com/in/thejacobkantor,https://www.linkedin.com/in/margaret-lam-a46b5069
Jacob Kantor,"Fayroze Mostafa, Ed.D.","3/4/26, 3:29 PM",,OUTGOING,https://www.linkedin.com/in/thejacobkantor,https://www.linkedin.com/in/fayroze-mostafa-ed-d-61065a2a7
Jacob Kantor,Miki Rene Inbody,"3/4/26, 3:28 PM",,OUTGOING,https://www.linkedin.com/in/thejacobkantor,https://www.linkedin.com/in/miki-rene-inbody-343265124
Jacob Kantor,Dr. Anisha Munshi,"3/4/26, 3:28 PM",,OUTGOING,https://www.linkedin.com/in/thejacobkantor,https://www.linkedin.com/in/dr-anisha-munshi-5276ab23
Jacob Kantor,"Jeanette Koh, NBCT,  Ed.D.","3/4/26, 3:28 PM",,OUTGOING,https://www.linkedin.com/in/thejacobkantor,https://www.linkedin.com/in/jeanette-koh-nbct-ed-d-bb0b479a
Jacob Kantor,Ratmony Yee,"3/4/26, 3:27 PM",,OUTGOING,https://www.linkedin.com/in/thejacobkantor,https://www.linkedin.com/in/ratmony-yee-98535a278
Jacob Kantor,Alejandro Alvarez,"3/4/26, 3:25 PM",,OUTGOING,https://www.linkedin.com/in/thejacobkantor,https://www.linkedin.com/in/alejandro-alvarez-359278102
Jacob Kantor,"Ramon Cusi, Ed.D","3/4/26, 3:25 PM",,OUTGOING,https://www.linkedin.com/in/thejacobkantor,https://www.linkedin.com/in/ramon-cusi-ed-d-28545412
Jacob Kantor,Mimi Quan,"3/4/26, 3:25 PM",,OUTGOING,https://www.linkedin.com/in/thejacobkantor,https://www.linkedin.com/in/mimi-quan-7738b73b
Jacob Kantor,Lindsay Chavez,"3/4/26, 3:24 PM",,OUTGOING,https://www.linkedin.com/in/thejacobkantor,https://www.linkedin.com/in/lindsay-chavez-815279244
Jacob Kantor,Jannet Odom,"3/4/26, 3:24 PM",,OUTGOING,https://www.linkedin.com/in/thejacobkantor,https://www.linkedin.com/in/jannet-odom-26651810b
Jacob Kantor,Ron Hoshi,"3/4/26, 3:24 PM",,OUTGOING,https://www.linkedin.com/in/thejacobkantor,https://www.linkedin.com/in/ronhoshi
Jacob Kantor,Shazia Keval,"3/4/26, 3:24 PM",,OUTGOING,https://www.linkedin.com/in/thejacobkantor,https://www.linkedin.com/in/shazia-keval-7279812b
Jacob Kantor,Hnou Lee,"3/4/26, 3:24 PM",,OUTGOING,https://www.linkedin.com/in/thejacobkantor,https://www.linkedin.com/in/hnou-lee-89417492
Jacob Kantor,Tori Phu,"3/4/26, 3:23 PM",,OUTGOING,https://www.linkedin.com/in/thejacobkantor,https://www.linkedin.com/in/tori-p-727101253
Jacob Kantor,Dr. Christobelle Tan,"3/4/26, 3:22 PM",,OUTGOING,https://www.linkedin.com/in/thejacobkantor,https://www.linkedin.com/in/dr-christobelle-tan-6b7929259
Jacob Kantor,"Dr. Preeti Raheja, Ed.D","3/4/26, 3:22 PM",,OUTGOING,https://www.linkedin.com/in/thejacobkantor,https://www.linkedin.com/in/dr-preeti-raheja-ed-d-a6aa9433
Jacob Kantor,Sue Park,"3/4/26, 3:22 PM",,OUTGOING,https://www.linkedin.com/in/thejacobkantor,https://www.linkedin.com/in/sue-park-82b6a2155
Jacob Kantor,"Seema Sidhu, Ed.D","3/4/26, 3:22 PM",,OUTGOING,https://www.linkedin.com/in/thejacobkantor,https://www.linkedin.com/in/seema-sidhu-ed-d-6561b615
Jacob Kantor,"Rowena Mak, Ed.D","3/4/26, 3:22 PM",,OUTGOING,https://www.linkedin.com/in/thejacobkantor,https://www.linkedin.com/in/rowenamak
Jacob Kantor,Michelle Watkins,"3/4/26, 3:21 PM",,OUTGOING,https://www.linkedin.com/in/thejacobkantor,https://www.linkedin.com/in/michelle-watkins-52b175189
Jacob Kantor,Eileen Aguba Chen,"3/4/26, 3:22 PM",Thanks for presenting this week!,OUTGOING,https://www.linkedin.com/in/thejacobkantor,https://www.linkedin.com/in/eileen-aguba-chen-1838a4273
Jacob Kantor,Philip Dagostino,"3/4/26, 3:21 PM",,OUTGOING,https://www.linkedin.com/in/thejacobkantor,https://www.linkedin.com/in/philip-dagostino-b32a77301
Jacob Kantor,Mauricio Arellano,"3/4/26, 3:21 PM",,OUTGOING,https://www.linkedin.com/in/thejacobkantor,https://www.linkedin.com/in/mauricio-arellano-4844ba117
Jacob Kantor,Jeremy Nishihara,"3/4/26, 3:18 PM",Good to meet you this week!,OUTGOING,https://www.linkedin.com/in/thejacobkantor,https://www.linkedin.com/in/jeremy-nishihara-6902896
Jacob Kantor,Ger Thao,"3/4/26, 3:18 PM",,OUTGOING,https://www.linkedin.com/in/thejacobkantor,https://www.linkedin.com/in/drgerthao
Jacob Kantor,Jane Chen,"3/4/26, 3:18 PM",,OUTGOING,https://www.linkedin.com/in/thejacobkantor,https://www.linkedin.com/in/jane-chen-2ab5425
Jacob Kantor,Dr. Rose Bomentre,"3/4/26, 3:12 PM",Thanks for coming to our session!,OUTGOING,https://www.linkedin.com/in/thejacobkantor,https://www.linkedin.com/in/dr-rose-bomentre-aa78b549
Jacob Kantor,Bindi Crawford,"3/4/26, 3:11 PM",,OUTGOING,https://www.linkedin.com/in/thejacobkantor,https://www.linkedin.com/in/bindi-crawford-182152329
Jacob Kantor,"Floridia Cheung, EdD","3/4/26, 3:11 PM",thanks for coming to our session!,OUTGOING,https://www.linkedin.com/in/thejacobkantor,https://www.linkedin.com/in/floridiacheung
Jacob Kantor,"John Tran-Mortel, M.S.","3/4/26, 3:10 PM",Thanks for coming to our session!,OUTGOING,https://www.linkedin.com/in/thejacobkantor,https://www.linkedin.com/in/john-t-9bb46b62
Jacob Kantor,Rev Hillstrom,"3/4/26, 3:08 PM",,OUTGOING,https://www.linkedin.com/in/thejacobkantor,https://www.linkedin.com/in/rev-hillstrom-bab980250
Jacob Kantor,Christina Casillas,"3/4/26, 3:08 PM",Thanks for coming to our session!,OUTGOING,https://www.linkedin.com/in/thejacobkantor,https://www.linkedin.com/in/dr-christina-casillas
Jacob Kantor,Louis Bunya,"3/4/26, 3:07 PM",,OUTGOING,https://www.linkedin.com/in/thejacobkantor,https://www.linkedin.com/in/louisbunya
Jacob Kantor,"Hong Nguyen, EdD","3/4/26, 3:07 PM",Thanks for coming to our session!,OUTGOING,https://www.linkedin.com/in/thejacobkantor,https://www.linkedin.com/in/hong-nguyen-edd
Jacob Kantor,Eddie Park,"3/4/26, 3:05 PM",Great to meet - thanks for coming to our session!,OUTGOING,https://www.linkedin.com/in/thejacobkantor,https://www.linkedin.com/in/eddie-park-000a6823
Jacob Kantor,Beverly Jimenez,"3/4/26, 3:01 PM",Thanks for coming to our session!!,OUTGOING,https://www.linkedin.com/in/thejacobkantor,https://www.linkedin.com/in/bbjimenez
Jacob Kantor,Dr. Eryn Yoshida,"3/4/26, 2:59 PM",Thanks for coming to our session! =),OUTGOING,https://www.linkedin.com/in/thejacobkantor,https://www.linkedin.com/in/dr-eryn-yoshida-02545730
Jacob Kantor,Aaron Conover,"3/4/26, 12:07 PM",,OUTGOING,https://www.linkedin.com/in/thejacobkantor,https://www.linkedin.com/in/aaronconover
Jacob Kantor,David Hart,"3/4/26, 12:07 PM",,OUTGOING,https://www.linkedin.com/in/thejacobkantor,https://www.linkedin.com/in/david-hart-72a8a211
Jacob Kantor,Luis von Ahn,"3/4/26, 11:32 AM",congrats on the edtech digest list,OUTGOING,https://www.linkedin.com/in/thejacobkantor,https://www.linkedin.com/in/luis-von-ahn-duolingo
Jacob Kantor,Vishal Gupta,"3/4/26, 11:32 AM",congrats on the edtech digest list,OUTGOING,https://www.linkedin.com/in/thejacobkantor,https://www.linkedin.com/in/educatorvishal
Jacob Kantor,Mark Angel,"3/4/26, 11:31 AM",congrats on the edtech digest list,OUTGOING,https://www.linkedin.com/in/thejacobkantor,https://www.linkedin.com/in/mark-angel-0b6b3b1
Jacob Kantor,ALEXANDRINE BRAMI,"3/4/26, 11:26 AM",Congrats on the edtech digest list!,OUTGOING,https://www.linkedin.com/in/thejacobkantor,https://www.linkedin.com/in/alexandrinebrami
Jacob Kantor,Chip Brady,"3/4/26, 11:25 AM",Congrats on the edtech digest list!,OUTGOING,https://www.linkedin.com/in/thejacobkantor,https://www.linkedin.com/in/chip-brady-37402487
Jacob Kantor,John Boynton,"3/4/26, 11:25 AM",Congrats on the edtech digest list!,OUTGOING,https://www.linkedin.com/in/thejacobkantor,https://www.linkedin.com/in/johnwboynton
Jacob Kantor,Chaks Appalabattula,"3/4/26, 11:18 AM",Congrats on the edtech digest list!,OUTGOING,https://www.linkedin.com/in/thejacobkantor,https://www.linkedin.com/in/chakrapani
Jacob Kantor,Wendy Amato,"3/4/26, 11:18 AM",Congrats on the edtech digest list!,OUTGOING,https://www.linkedin.com/in/thejacobkantor,https://www.linkedin.com/in/wendy-amato-14280496
Jacob Kantor,Christian Fanizzi,"3/4/26, 11:16 AM",Congrats on the edtech digest list!,OUTGOING,https://www.linkedin.com/in/thejacobkantor,https://www.linkedin.com/in/christian-fanizzi
Jacob Kantor,Matteo Paz,"3/4/26, 11:10 AM",Congrats on the edtech digest list!,OUTGOING,https://www.linkedin.com/in/thejacobkantor,https://www.linkedin.com/in/matteopaz
Jacob Kantor,Stephen Green,"3/4/26, 11:07 AM",Congrats on the edtech digest list!,OUTGOING,https://www.linkedin.com/in/thejacobkantor,https://www.linkedin.com/in/stephen-green-a8544177
Jacob Kantor,Nick Gaehde,"3/4/26, 11:01 AM",Congrats on the edtech digest list!,OUTGOING,https://www.linkedin.com/in/thejacobkantor,https://www.linkedin.com/in/nick-gaehde-a3ba271
Jacob Kantor,Kelli Lane,"3/4/26, 10:57 AM",Congrats on the edtech digest list!,OUTGOING,https://www.linkedin.com/in/thejacobkantor,https://www.linkedin.com/in/kflane1
Jacob Kantor,"Timothy Smith, Ed.D., CETL","3/4/26, 10:56 AM",Congrats on the edtech digest list!,OUTGOING,https://www.linkedin.com/in/thejacobkantor,https://www.linkedin.com/in/timothy-smith-ed-d-cetl-63a29b9a
Jacob Kantor,Melissa McCalla,"3/4/26, 10:56 AM",Congrats on the edtech digest list!,OUTGOING,https://www.linkedin.com/in/thejacobkantor,https://www.linkedin.com/in/melissa-mccalla
Jacob Kantor,Celena Arrington,"3/4/26, 10:55 AM",Congrats on the edtech digest list!,OUTGOING,https://www.linkedin.com/in/thejacobkantor,https://www.linkedin.com/in/celena-arrington-a142a3347
Jacob Kantor,Rachel Yurk,"3/4/26, 10:54 AM",Congrats on the edtech digest list!,OUTGOING,https://www.linkedin.com/in/thejacobkantor,https://www.linkedin.com/in/rachelyurk
Jacob Kantor,Sofia Gonzalez Otero,"3/4/26, 10:49 AM",,OUTGOING,https://www.linkedin.com/in/thejacobkantor,https://www.linkedin.com/in/sofia-gonzalez-otero
Jacob Kantor,Bijal Shah,"3/4/26, 10:49 AM",Congrats on the edtech digest list!,OUTGOING,https://www.linkedin.com/in/thejacobkantor,https://www.linkedin.com/in/bijal7
Jacob Kantor,Vishal Gupta,"3/4/26, 10:48 AM",Congrats on the edtech digest list!,OUTGOING,https://www.linkedin.com/in/thejacobkantor,https://www.linkedin.com/in/vishal-gupta-046149
Jacob Kantor,Victor Riparbelli,"3/4/26, 10:47 AM",Congrats on the edtech digest list! ,OUTGOING,https://www.linkedin.com/in/thejacobkantor,https://www.linkedin.com/in/victorriparbelli
Jacob Kantor,"Beatriz Arnillas, MFA","3/4/26, 10:41 AM",Congrats on the edtech digest list!,OUTGOING,https://www.linkedin.com/in/thejacobkantor,https://www.linkedin.com/in/beatrizarnillas
Jacob Kantor,Marie-Christine LEVET,"3/4/26, 10:36 AM",Congrats on the edtech digest list!,OUTGOING,https://www.linkedin.com/in/thejacobkantor,https://www.linkedin.com/in/marie-christine-levet-26132
Jacob Kantor,Susie Seaton,"3/4/26, 10:35 AM",Congrats on the edtech digest list!,OUTGOING,https://www.linkedin.com/in/thejacobkantor,https://www.linkedin.com/in/susie-seaton-b320aab0
Jacob Kantor,Julia Stiglitz,"3/4/26, 10:34 AM",Congrats on the edtech digest list!,OUTGOING,https://www.linkedin.com/in/thejacobkantor,https://www.linkedin.com/in/julia-stiglitz-0255526
Jacob Kantor,Chase Williams,"3/4/26, 10:33 AM",Congrats on the edtech digest list!,OUTGOING,https://www.linkedin.com/in/thejacobkantor,https://www.linkedin.com/in/chasewilliamspath
Jacob Kantor,Bethlam Forsa,"3/4/26, 10:24 AM",Congrats on the edtech digest list!,OUTGOING,https://www.linkedin.com/in/thejacobkantor,https://www.linkedin.com/in/bethlam-forsa-5242291
Jacob Kantor,Jessica Reid Sliwerski,"3/4/26, 10:22 AM",Congrats on the edtech digest list!,OUTGOING,https://www.linkedin.com/in/thejacobkantor,https://www.linkedin.com/in/jessicareidsliwerski
Jacob Kantor,Giannina Honorio Heredia,"3/4/26, 10:15 AM",Congrats on the edtech digest list!,OUTGOING,https://www.linkedin.com/in/thejacobkantor,https://www.linkedin.com/in/giannina-honorio
Jacob Kantor,"Benjamin E. Brown Jr., Ed.D.","3/4/26, 10:08 AM",Congrats on edtech digest list!,OUTGOING,https://www.linkedin.com/in/thejacobkantor,https://www.linkedin.com/in/benjamin-e-brown-jr-ed-d-7a5a2621
Jacob Kantor,Harl Roehm,"3/4/26, 12:26 AM",,OUTGOING,https://www.linkedin.com/in/thejacobkantor,https://www.linkedin.com/in/harl-roehm-365b9a79
Jacob Kantor,Akash Kathiari,"3/3/26, 6:41 PM",,OUTGOING,https://www.linkedin.com/in/thejacobkantor,https://www.linkedin.com/in/akash-kathiari
Jacob Kantor,Douglas Conklin,"3/3/26, 6:41 PM",,OUTGOING,https://www.linkedin.com/in/thejacobkantor,https://www.linkedin.com/in/douglasaconklin
Jacob Kantor,Lori  Green,"3/3/26, 4:54 PM",,OUTGOING,https://www.linkedin.com/in/thejacobkantor,https://www.linkedin.com/in/lori-green-3879b1379
Jacob Kantor,Michael Morath,"3/3/26, 11:47 AM",,OUTGOING,https://www.linkedin.com/in/thejacobkantor,https://www.linkedin.com/in/michael-morath-608b116
Jacob Kantor,Karen Mullins-Blazo,"3/3/26, 9:13 AM",,OUTGOING,https://www.linkedin.com/in/thejacobkantor,https://www.linkedin.com/in/karen-mullins-blazo-3b3b94124
Jacob Kantor,"Neeraj Chand, M.S.","3/3/26, 9:13 AM",,OUTGOING,https://www.linkedin.com/in/thejacobkantor,https://www.linkedin.com/in/neeraj-chand-m-s-709437150
Jacob Kantor,Doreen Osumi,"3/3/26, 8:50 AM",,OUTGOING,https://www.linkedin.com/in/thejacobkantor,https://www.linkedin.com/in/doreenosumi
Jacob Kantor,"Patrick Riccards, Ed.D.","3/2/26, 11:17 PM",,OUTGOING,https://www.linkedin.com/in/thejacobkantor,https://www.linkedin.com/in/riccards
Jacob Kantor,Wajahat Ali Khan,"3/2/26, 11:16 PM",,OUTGOING,https://www.linkedin.com/in/thejacobkantor,https://www.linkedin.com/in/wajahat-ali-khan-813227238
Jacob Kantor,Saeed Sarani,"3/2/26, 11:15 PM",,OUTGOING,https://www.linkedin.com/in/thejacobkantor,https://www.linkedin.com/in/saeed-s-5942043a9
Jacob Kantor,"Sandra Varajic, Ed.D","3/2/26, 11:15 PM",,OUTGOING,https://www.linkedin.com/in/thejacobkantor,https://www.linkedin.com/in/sandra-varajic-ed-d-a701b6262
Jacob Kantor,Jennifer Gorospe Tull,"3/2/26, 7:41 PM",,OUTGOING,https://www.linkedin.com/in/thejacobkantor,https://www.linkedin.com/in/jennifer-gorospe-tull-57753b26b
Jacob Kantor,Ronda Talamantez,"3/2/26, 4:01 PM",,OUTGOING,https://www.linkedin.com/in/thejacobkantor,https://www.linkedin.com/in/rondatalamantez
Jacob Kantor,Alison Yoshimoto-Towery,"3/2/26, 3:48 PM",,OUTGOING,https://www.linkedin.com/in/thejacobkantor,https://www.linkedin.com/in/alison-yoshimoto-towery-27b1aa228
Jacob Kantor,Francisco Escobedo,"3/2/26, 3:46 PM",,OUTGOING,https://www.linkedin.com/in/thejacobkantor,https://www.linkedin.com/in/francisco-escobedo-7b3a833
Jacob Kantor,Joshua Arnold,"3/2/26, 3:43 PM",,OUTGOING,https://www.linkedin.com/in/thejacobkantor,https://www.linkedin.com/in/iamjosharnold
Jacob Kantor,Ben Kuiken,"3/2/26, 3:37 PM",,OUTGOING,https://www.linkedin.com/in/thejacobkantor,https://www.linkedin.com/in/ben-kuiken-aa0371215
Jacob Kantor,Olivia Tucker,"3/2/26, 3:37 PM",,OUTGOING,https://www.linkedin.com/in/thejacobkantor,https://www.linkedin.com/in/olivia-tucker-ej
Jacob Kantor,Dr. Jamie Harper Martinez,"3/2/26, 3:36 PM",,OUTGOING,https://www.linkedin.com/in/thejacobkantor,https://www.linkedin.com/in/dr-jamie-harper-martinez-b0026a64
Jacob Kantor,David Yang,"3/2/26, 1:28 PM",,OUTGOING,https://www.linkedin.com/in/thejacobkantor,https://www.linkedin.com/in/david-yang-2ba1501a2
Jacob Kantor,Vicki Burkhart,"3/2/26, 7:56 AM",,OUTGOING,https://www.linkedin.com/in/thejacobkantor,https://www.linkedin.com/in/victoria-burkhart
Jacob Kantor,"Yujia Zhu 朱羽佳, M.Div., Ph.D., LSSMBB","3/2/26, 7:56 AM",,OUTGOING,https://www.linkedin.com/in/thejacobkantor,https://www.linkedin.com/in/lifescholarzyj
Jacob Kantor,Logan Brown,"3/2/26, 7:55 AM",,OUTGOING,https://www.linkedin.com/in/thejacobkantor,https://www.linkedin.com/in/loganbrown2
Jacob Kantor,Mykaela Brum,"3/1/26, 9:21 AM",,OUTGOING,https://www.linkedin.com/in/thejacobkantor,https://www.linkedin.com/in/mykaela-brum-286115301
Jacob Kantor,Maxine Kalnitz,"3/1/26, 9:21 AM",,OUTGOING,https://www.linkedin.com/in/thejacobkantor,https://www.linkedin.com/in/maxine-kalnitz-89920b16
Jacob Kantor,Jesus Perez,"2/28/26, 4:45 PM",,OUTGOING,https://www.linkedin.com/in/thejacobkantor,https://www.linkedin.com/in/jesus-perez-9a162b148
Jacob Kantor,Amy Oelschlager,"2/28/26, 10:18 AM",,OUTGOING,https://www.linkedin.com/in/thejacobkantor,https://www.linkedin.com/in/amy-oelschlager
Jacob Kantor,Adhikansh Mittal,"2/27/26, 7:28 PM",,OUTGOING,https://www.linkedin.com/in/thejacobkantor,https://www.linkedin.com/in/adhikansh
Jacob Kantor,Miguel Velasco,"2/27/26, 7:28 PM",,OUTGOING,https://www.linkedin.com/in/thejacobkantor,https://www.linkedin.com/in/velascoamiguel
Jacob Kantor,Stratsi Kulinski,"2/27/26, 7:28 PM",,OUTGOING,https://www.linkedin.com/in/thejacobkantor,https://www.linkedin.com/in/stratsi-kulinski
Jacob Kantor,Satya Bhowmik,"2/27/26, 7:27 PM",,OUTGOING,https://www.linkedin.com/in/thejacobkantor,https://www.linkedin.com/in/satya-bhowmik
Jacob Kantor,Arnab Bordoloi,"2/27/26, 7:27 PM",,OUTGOING,https://www.linkedin.com/in/thejacobkantor,https://www.linkedin.com/in/arnabbordoloi
Jacob Kantor,Dan Tweardy,"2/27/26, 7:27 PM",,OUTGOING,https://www.linkedin.com/in/thejacobkantor,https://www.linkedin.com/in/dantweardy
Jacob Kantor,Pinny Sutkin,"2/27/26, 7:27 PM",,OUTGOING,https://www.linkedin.com/in/thejacobkantor,https://www.linkedin.com/in/wsutkin
Jacob Kantor,Jeff Burstein,"2/27/26, 7:27 PM",,OUTGOING,https://www.linkedin.com/in/thejacobkantor,https://www.linkedin.com/in/jeffburstein
Jacob Kantor,Simon Holzapfel,"2/27/26, 7:26 PM",,OUTGOING,https://www.linkedin.com/in/thejacobkantor,https://www.linkedin.com/in/simon-holzapfel-99081b24
Jacob Kantor,Ben Johnson II,"2/27/26, 7:26 PM",,OUTGOING,https://www.linkedin.com/in/thejacobkantor,https://www.linkedin.com/in/benjohnsonii
Jacob Kantor,Jimy Erekson,"2/27/26, 6:47 PM",,OUTGOING,https://www.linkedin.com/in/thejacobkantor,https://www.linkedin.com/in/jimyerekson
Jacob Kantor,Evan Schwartz,"2/27/26, 1:30 PM",,OUTGOING,https://www.linkedin.com/in/thejacobkantor,https://www.linkedin.com/in/evanschwartz12
Jacob Kantor,Halle Rice,"2/27/26, 10:22 AM",,OUTGOING,https://www.linkedin.com/in/thejacobkantor,https://www.linkedin.com/in/halle-rice-859107205
Jacob Kantor,Charles Barrow,"2/27/26, 8:26 AM",,OUTGOING,https://www.linkedin.com/in/thejacobkantor,https://www.linkedin.com/in/cgbarrow
Jacob Kantor,K Naveen Kumar,"2/27/26, 8:26 AM",,OUTGOING,https://www.linkedin.com/in/thejacobkantor,https://www.linkedin.com/in/k-naveen-kumar-6431bb23a
Jacob Kantor,Neha Sharma,"2/27/26, 8:26 AM",,OUTGOING,https://www.linkedin.com/in/thejacobkantor,https://www.linkedin.com/in/neha-sharma-1bba26362
Jacob Kantor,Mike Jaffarian,"2/27/26, 8:26 AM",,OUTGOING,https://www.linkedin.com/in/thejacobkantor,https://www.linkedin.com/in/mjaffarian
Jacob Kantor,"Stacy Tapper, MBA","2/26/26, 8:07 PM",,OUTGOING,https://www.linkedin.com/in/thejacobkantor,https://www.linkedin.com/in/stacy-t-0578a84
Jacob Kantor,Erica Petersen,"2/26/26, 6:25 PM",,OUTGOING,https://www.linkedin.com/in/thejacobkantor,https://www.linkedin.com/in/petersenerica
Jacob Kantor,Shabnam Aggarwal,"2/26/26, 4:59 PM",,OUTGOING,https://www.linkedin.com/in/thejacobkantor,https://www.linkedin.com/in/shabnamaggarwal
Jacob Kantor,Josh Westfall,"2/26/26, 3:34 PM",,OUTGOING,https://www.linkedin.com/in/thejacobkantor,https://www.linkedin.com/in/joshwestfall1
Jacob Kantor,Andrea Carter,"2/26/26, 3:33 PM",,OUTGOING,https://www.linkedin.com/in/thejacobkantor,https://www.linkedin.com/in/carterandrea
Jacob Kantor,Carlo Salerno,"2/26/26, 3:33 PM",,OUTGOING,https://www.linkedin.com/in/thejacobkantor,https://www.linkedin.com/in/carlosalerno
Jacob Kantor,Stuart Andreason,"2/26/26, 3:33 PM",,OUTGOING,https://www.linkedin.com/in/thejacobkantor,https://www.linkedin.com/in/stuartandreason
Jacob Kantor,Camryn Lapp,"2/26/26, 2:29 PM",,OUTGOING,https://www.linkedin.com/in/thejacobkantor,https://www.linkedin.com/in/camryn-lapp
Jacob Kantor,Syed Shah,"2/26/26, 2:02 PM",,OUTGOING,https://www.linkedin.com/in/thejacobkantor,https://www.linkedin.com/in/syedshahwysr
Jacob Kantor,Courtenay Selden,"2/26/26, 2:01 PM",,OUTGOING,https://www.linkedin.com/in/thejacobkantor,https://www.linkedin.com/in/courtenayselden
Jacob Kantor,Matt Troha,"2/26/26, 2:01 PM",,OUTGOING,https://www.linkedin.com/in/thejacobkantor,https://www.linkedin.com/in/matt-troha-611775111
Jacob Kantor,Rosemary Colgan,"2/26/26, 2:01 PM",,OUTGOING,https://www.linkedin.com/in/thejacobkantor,https://www.linkedin.com/in/rosemary-colgan-51756521
Jacob Kantor,Faisal Anwar,"2/26/26, 2:01 PM",,OUTGOING,https://www.linkedin.com/in/thejacobkantor,https://www.linkedin.com/in/faanwar
Jacob Kantor,Rushil Jha,"2/26/26, 2:00 PM",,OUTGOING,https://www.linkedin.com/in/thejacobkantor,https://www.linkedin.com/in/rushil-jha-3b8b5019a
Jacob Kantor,Mike Stefanini,"2/26/26, 2:00 PM",,OUTGOING,https://www.linkedin.com/in/thejacobkantor,https://www.linkedin.com/in/mstefanini0909
Jacob Kantor,Jeffrey Shapiro,"2/26/26, 1:59 PM",,OUTGOING,https://www.linkedin.com/in/thejacobkantor,https://www.linkedin.com/in/jeffrey-shapiro-9767a118
Jacob Kantor,Michelle Cardinal,"2/26/26, 1:59 PM",,OUTGOING,https://www.linkedin.com/in/thejacobkantor,https://www.linkedin.com/in/michellecardinal08
Jacob Kantor,David Leibowitz,"2/26/26, 1:59 PM",,OUTGOING,https://www.linkedin.com/in/thejacobkantor,https://www.linkedin.com/in/d-leibowitz
Jacob Kantor,Fernando Cerda,"2/26/26, 1:59 PM",,OUTGOING,https://www.linkedin.com/in/thejacobkantor,https://www.linkedin.com/in/fernando-cerda-bb341511
Jacob Kantor,"⭐️ Sabrina Hannam, Esq.","2/26/26, 1:58 PM",,OUTGOING,https://www.linkedin.com/in/thejacobkantor,https://www.linkedin.com/in/sabrinanhannam
Jacob Kantor,Seth Shockley,"2/26/26, 1:54 PM",,OUTGOING,https://www.linkedin.com/in/thejacobkantor,https://www.linkedin.com/in/seth-shockley-34786826b
Jacob Kantor,"Jess Toda, M.S. CCC-SLP","2/26/26, 1:54 PM",,OUTGOING,https://www.linkedin.com/in/thejacobkantor,https://www.linkedin.com/in/jessicamtoda
Jacob Kantor,Tom Meckey,"2/26/26, 1:54 PM",,OUTGOING,https://www.linkedin.com/in/thejacobkantor,https://www.linkedin.com/in/tommeckey
Jacob Kantor,Samantha Suarez,"2/26/26, 1:53 PM",,OUTGOING,https://www.linkedin.com/in/thejacobkantor,https://www.linkedin.com/in/samantha-suarez-15ab071b3
Jacob Kantor,Jenny Rozint,"2/26/26, 1:01 PM",,OUTGOING,https://www.linkedin.com/in/thejacobkantor,https://www.linkedin.com/in/jennyrozint
Jacob Kantor,Colleen Sandquist,"2/26/26, 12:27 PM",,OUTGOING,https://www.linkedin.com/in/thejacobkantor,https://www.linkedin.com/in/colleen-sandquist
Jacob Kantor,"Evren Wilder Elliott, MPA","2/26/26, 9:21 AM",,OUTGOING,https://www.linkedin.com/in/thejacobkantor,https://www.linkedin.com/in/evren-elliott
Jacob Kantor,Mike Staley,"2/26/26, 9:21 AM",,OUTGOING,https://www.linkedin.com/in/thejacobkantor,https://www.linkedin.com/in/presidio-mike-staley
Jacob Kantor,Dena Cillo,"2/26/26, 7:03 AM",,OUTGOING,https://www.linkedin.com/in/thejacobkantor,https://www.linkedin.com/in/dena-cillo-4204
Jacob Kantor,Maria Prado,"2/26/26, 7:03 AM",,OUTGOING,https://www.linkedin.com/in/thejacobkantor,https://www.linkedin.com/in/mariarosaprado
Jacob Kantor,"Lori M. Smith, M.Ed.","2/26/26, 7:02 AM",,OUTGOING,https://www.linkedin.com/in/thejacobkantor,https://www.linkedin.com/in/lori-smith-vasion
Jacob Kantor,Belsa Janette Rios,"2/26/26, 7:01 AM",,OUTGOING,https://www.linkedin.com/in/thejacobkantor,https://www.linkedin.com/in/belsa-rios
Jacob Kantor,Jon Walters,"2/26/26, 7:00 AM",,OUTGOING,https://www.linkedin.com/in/thejacobkantor,https://www.linkedin.com/in/jonathan-walters366
Jacob Kantor,Laurie Gagnon,"2/25/26, 7:50 PM",,OUTGOING,https://www.linkedin.com/in/thejacobkantor,https://www.linkedin.com/in/laurie-gagnon
Jacob Kantor,Gabe Huntsman,"2/25/26, 7:41 PM",,OUTGOING,https://www.linkedin.com/in/thejacobkantor,https://www.linkedin.com/in/gabehuntsman
Jacob Kantor,Therese Jilek,"2/25/26, 6:49 PM",,OUTGOING,https://www.linkedin.com/in/thejacobkantor,https://www.linkedin.com/in/theresejilek
Jacob Kantor,Milko Gonzales,"2/25/26, 6:37 PM",,OUTGOING,https://www.linkedin.com/in/thejacobkantor,https://www.linkedin.com/in/milko-gonzales-gamboa
Jacob Kantor,Avery Neale,"2/25/26, 6:23 PM",,OUTGOING,https://www.linkedin.com/in/thejacobkantor,https://www.linkedin.com/in/avery-neale-4a722422a
Jacob Kantor,Nick Ashburn,"2/25/26, 6:17 PM",,OUTGOING,https://www.linkedin.com/in/thejacobkantor,https://www.linkedin.com/in/nashburn
Jacob Kantor,"Alan Hegron, Ph.D.","2/25/26, 6:12 PM",,OUTGOING,https://www.linkedin.com/in/thejacobkantor,https://www.linkedin.com/in/alan-hegron-ph-d-09648154
Jacob Kantor,Daria Smirnova,"2/25/26, 5:59 PM",,OUTGOING,https://www.linkedin.com/in/thejacobkantor,https://www.linkedin.com/in/ddmsmirnova
Jacob Kantor,Abhishek kumar,"2/25/26, 5:23 PM",,OUTGOING,https://www.linkedin.com/in/thejacobkantor,https://www.linkedin.com/in/abhishek-kumar-461674311
Jacob Kantor,Catherine Suitor,"2/25/26, 3:38 PM",,OUTGOING,https://www.linkedin.com/in/thejacobkantor,https://www.linkedin.com/in/catherine-suitor-70218613
Jacob Kantor,Laurie Wong Roberts,"2/25/26, 9:00 AM",,OUTGOING,https://www.linkedin.com/in/thejacobkantor,https://www.linkedin.com/in/lwongroberts
Jacob Kantor,Adesunloye Tennerick A.,"2/25/26, 8:47 AM",,OUTGOING,https://www.linkedin.com/in/thejacobkantor,https://www.linkedin.com/in/adeolaadesunloye
Jacob Kantor,John Kilduff,"2/25/26, 6:21 AM",,OUTGOING,https://www.linkedin.com/in/thejacobkantor,https://www.linkedin.com/in/johnkilduff
Jacob Kantor,Raymond E Borno,"2/25/26, 6:17 AM",,OUTGOING,https://www.linkedin.com/in/thejacobkantor,https://www.linkedin.com/in/borno
Jacob Kantor,Ryan Bush,"2/24/26, 8:55 PM",,OUTGOING,https://www.linkedin.com/in/thejacobkantor,https://www.linkedin.com/in/ryanrbush
Jacob Kantor,Ashlee Lawson,"2/24/26, 6:07 PM",,OUTGOING,https://www.linkedin.com/in/thejacobkantor,https://www.linkedin.com/in/ashlee-lawson-5a37317
Jacob Kantor,McKenna Moock,"2/24/26, 4:26 PM",,OUTGOING,https://www.linkedin.com/in/thejacobkantor,https://www.linkedin.com/in/mckenna-moock-0a0a68281
Jacob Kantor,Brian Lamb,"2/24/26, 1:57 PM",,OUTGOING,https://www.linkedin.com/in/thejacobkantor,https://www.linkedin.com/in/brianlamb
Jacob Kantor,Jillayne Antoon,"2/24/26, 12:17 PM",,OUTGOING,https://www.linkedin.com/in/thejacobkantor,https://www.linkedin.com/in/jillayne-antoon-5172b519b
Jacob Kantor,Kevin Haber,"2/24/26, 11:16 AM",,OUTGOING,https://www.linkedin.com/in/thejacobkantor,https://www.linkedin.com/in/kevin-haber
Jacob Kantor,Jared Setnar,"2/24/26, 11:16 AM",,OUTGOING,https://www.linkedin.com/in/thejacobkantor,https://www.linkedin.com/in/jared-setnar-a116798b
Jacob Kantor,Heather Sherman,"2/24/26, 8:55 AM",,OUTGOING,https://www.linkedin.com/in/thejacobkantor,https://www.linkedin.com/in/hsherman88
Jacob Kantor,David Staley,"2/24/26, 8:55 AM",,OUTGOING,https://www.linkedin.com/in/thejacobkantor,https://www.linkedin.com/in/david-staley-9b14115
Jacob Kantor,Barbara Bray,"2/24/26, 8:54 AM",,OUTGOING,https://www.linkedin.com/in/thejacobkantor,https://www.linkedin.com/in/barbarabray
Jacob Kantor,"Jennifer Kendrick, M.Ed.","2/24/26, 8:39 AM",,OUTGOING,https://www.linkedin.com/in/thejacobkantor,https://www.linkedin.com/in/jenniferckendrick
Jacob Kantor,Melanie Mac,"2/23/26, 7:37 PM",,OUTGOING,https://www.linkedin.com/in/thejacobkantor,https://www.linkedin.com/in/macmelanie
Jacob Kantor,James Presley,"2/23/26, 5:42 PM",,OUTGOING,https://www.linkedin.com/in/thejacobkantor,https://www.linkedin.com/in/james-presley-45643697
Jacob Kantor,Robert Bradley Cook,"2/23/26, 3:42 PM",,OUTGOING,https://www.linkedin.com/in/thejacobkantor,https://www.linkedin.com/in/brad-cook-dallas
Jacob Kantor,Vince  Garcia,"2/23/26, 3:42 PM",,OUTGOING,https://www.linkedin.com/in/thejacobkantor,https://www.linkedin.com/in/vince-garcia-48594b238
Jacob Kantor,Gerard Dawson,"2/23/26, 3:43 PM",,OUTGOING,https://www.linkedin.com/in/thejacobkantor,https://www.linkedin.com/in/gerarddawson3
Jacob Kantor,Chris Wegemer,"2/23/26, 3:26 PM",,OUTGOING,https://www.linkedin.com/in/thejacobkantor,https://www.linkedin.com/in/chris-wegemer-5193a947
Jacob Kantor,Michele Gaynor,"2/23/26, 11:59 AM",,OUTGOING,https://www.linkedin.com/in/thejacobkantor,https://www.linkedin.com/in/michele-gaynor-618139114
Jacob Kantor,Swetha Mohan,"2/23/26, 11:59 AM",,OUTGOING,https://www.linkedin.com/in/thejacobkantor,https://www.linkedin.com/in/swetha-m-mohan
Jacob Kantor,Kelly Lach,"2/23/26, 11:59 AM",,OUTGOING,https://www.linkedin.com/in/thejacobkantor,https://www.linkedin.com/in/kelly-jenkins-lach
Jacob Kantor,Molly Bond,"2/23/26, 11:59 AM",,OUTGOING,https://www.linkedin.com/in/thejacobkantor,https://www.linkedin.com/in/molly-bond-b5505741
Jacob Kantor,Kim Brewer,"2/23/26, 11:59 AM",,OUTGOING,https://www.linkedin.com/in/thejacobkantor,https://www.linkedin.com/in/kimbrewer06
Jacob Kantor,Mari Nguyen,"2/23/26, 8:16 AM",,OUTGOING,https://www.linkedin.com/in/thejacobkantor,https://www.linkedin.com/in/mari-nnguyen
Jacob Kantor,Sarah Pinchback,"2/23/26, 6:41 AM",,OUTGOING,https://www.linkedin.com/in/thejacobkantor,https://www.linkedin.com/in/sarahpinchback
Jacob Kantor,Michele Dawson,"2/23/26, 6:19 AM",,OUTGOING,https://www.linkedin.com/in/thejacobkantor,https://www.linkedin.com/in/mdawsontech
Jacob Kantor,Allison Wood,"2/23/26, 6:12 AM",,OUTGOING,https://www.linkedin.com/in/thejacobkantor,https://www.linkedin.com/in/allison-e-wood
Jacob Kantor,Lauren Hazlip,"2/22/26, 3:13 PM",,OUTGOING,https://www.linkedin.com/in/thejacobkantor,https://www.linkedin.com/in/lauren-hazlip-1a44711b5
Jacob Kantor,Shaiyaan Habib,"2/22/26, 1:46 PM",,OUTGOING,https://www.linkedin.com/in/thejacobkantor,https://www.linkedin.com/in/shaiyaan-habib
Jacob Kantor,Jobana Westbay,"2/22/26, 8:17 AM",,OUTGOING,https://www.linkedin.com/in/thejacobkantor,https://www.linkedin.com/in/jobana-westbay
Jacob Kantor,Michael Brown,"2/21/26, 2:17 PM",,OUTGOING,https://www.linkedin.com/in/thejacobkantor,https://www.linkedin.com/in/michaelabrown1
Jacob Kantor,"Vasanth Murugesan, Ph.D.","2/21/26, 8:13 AM",,OUTGOING,https://www.linkedin.com/in/thejacobkantor,https://www.linkedin.com/in/vasanth-murugesan
Jacob Kantor,Neil Pantig,"2/21/26, 8:13 AM",,OUTGOING,https://www.linkedin.com/in/thejacobkantor,https://www.linkedin.com/in/neilpantig
Jacob Kantor,Trevor Anderson,"2/21/26, 8:13 AM",,OUTGOING,https://www.linkedin.com/in/thejacobkantor,https://www.linkedin.com/in/trevorandersoncx
Jacob Kantor,Mallory Maynard,"2/21/26, 8:13 AM",,OUTGOING,https://www.linkedin.com/in/thejacobkantor,https://www.linkedin.com/in/mallory-maynard
Jacob Kantor,Sneha Wadhwa,"2/20/26, 11:03 PM",,OUTGOING,https://www.linkedin.com/in/thejacobkantor,https://www.linkedin.com/in/sneha-wadhwa-64605159
Jacob Kantor,Hakan Karaoglu,"2/20/26, 10:58 PM",,OUTGOING,https://www.linkedin.com/in/thejacobkantor,https://www.linkedin.com/in/hakankaraoglu
Jacob Kantor,Claire Willis,"2/20/26, 5:38 PM",,OUTGOING,https://www.linkedin.com/in/thejacobkantor,https://www.linkedin.com/in/claire-willis-836023217
Jacob Kantor,Juliet Kaplan,"2/20/26, 12:08 PM",,OUTGOING,https://www.linkedin.com/in/thejacobkantor,https://www.linkedin.com/in/juliet-kaplan-579237109
Jacob Kantor,Charlène Friang,"2/20/26, 10:42 AM",,OUTGOING,https://www.linkedin.com/in/thejacobkantor,https://www.linkedin.com/in/charlene-friang
Jacob Kantor,Elaine Didier,"2/20/26, 9:59 AM",,OUTGOING,https://www.linkedin.com/in/thejacobkantor,https://www.linkedin.com/in/elaine-didier
Jacob Kantor,Maharishi R B,"2/20/26, 9:56 AM",thanks for this webinar,OUTGOING,https://www.linkedin.com/in/thejacobkantor,https://www.linkedin.com/in/maharishirb-supernova-ai-app
Jacob Kantor,Irina Jurenka,"2/20/26, 9:55 AM",thanks for joining this webinar,OUTGOING,https://www.linkedin.com/in/thejacobkantor,https://www.linkedin.com/in/irina-jurenka-74455235
Jacob Kantor,Unekwu-Ojo Shaibu,"2/20/26, 9:53 AM",,OUTGOING,https://www.linkedin.com/in/thejacobkantor,https://www.linkedin.com/in/unekwu-ojo-shaibu-95344814b
Jacob Kantor,Asher Scott,"2/20/26, 9:53 AM",,OUTGOING,https://www.linkedin.com/in/thejacobkantor,https://www.linkedin.com/in/asher-scott-19057818a
Jacob Kantor,Paul Coffey,"2/20/26, 9:52 AM",,OUTGOING,https://www.linkedin.com/in/thejacobkantor,https://www.linkedin.com/in/paulmcoffey
Jacob Kantor,Jeremy Holtzman,"2/20/26, 9:35 AM",same webinar!,OUTGOING,https://www.linkedin.com/in/thejacobkantor,https://www.linkedin.com/in/jeremy-holtzman-022b9858
Jacob Kantor,Abby (Alonso) Van Doren,"2/20/26, 9:32 AM",same webinar,OUTGOING,https://www.linkedin.com/in/thejacobkantor,https://www.linkedin.com/in/abbyvandoren
Jacob Kantor,Erin E. Bond,"2/20/26, 9:31 AM",same webinar,OUTGOING,https://www.linkedin.com/in/thejacobkantor,https://www.linkedin.com/in/erin-e-bond-8a7ab132
Jacob Kantor,Juan Peredo,"2/20/26, 9:31 AM",same webinar,OUTGOING,https://www.linkedin.com/in/thejacobkantor,https://www.linkedin.com/in/juanperedotech
Jacob Kantor,Johnie Villani,"2/20/26, 9:30 AM",same webinar!,OUTGOING,https://www.linkedin.com/in/thejacobkantor,https://www.linkedin.com/in/aieducationguy
Jacob Kantor,Justin Stevens,"2/20/26, 9:28 AM",Same webinar!,OUTGOING,https://www.linkedin.com/in/thejacobkantor,https://www.linkedin.com/in/justinstevens42
Jacob Kantor,Miji Lee,"2/20/26, 9:27 AM",Same webinar!,OUTGOING,https://www.linkedin.com/in/thejacobkantor,https://www.linkedin.com/in/miji-lee-kore-meta
Jacob Kantor,Erin Dow,"2/20/26, 9:26 AM",Same webinar!,OUTGOING,https://www.linkedin.com/in/thejacobkantor,https://www.linkedin.com/in/erin-dow-3586a876
Jacob Kantor,Toni Maraviglia,"2/20/26, 9:26 AM",Same webinar!,OUTGOING,https://www.linkedin.com/in/thejacobkantor,https://www.linkedin.com/in/tonimaraviglia
Jacob Kantor,Carol Stanger,"2/20/26, 9:21 AM",On the same webinar!,OUTGOING,https://www.linkedin.com/in/thejacobkantor,https://www.linkedin.com/in/carol-stanger
Jacob Kantor,Zheng Li,"2/20/26, 9:20 AM",On the same webinar!,OUTGOING,https://www.linkedin.com/in/thejacobkantor,https://www.linkedin.com/in/biglizheng
Jacob Kantor,Ethan Shafran Moltz,"2/20/26, 9:20 AM",On the same webinar!,OUTGOING,https://www.linkedin.com/in/thejacobkantor,https://www.linkedin.com/in/eshafranmoltz
Jacob Kantor,Dan Popescu,"2/20/26, 9:20 AM",On the same webinar!,OUTGOING,https://www.linkedin.com/in/thejacobkantor,https://www.linkedin.com/in/antreprenor-dan-popescu
Jacob Kantor,Cory Reid,"2/20/26, 9:19 AM",On the same webinar!,OUTGOING,https://www.linkedin.com/in/thejacobkantor,https://www.linkedin.com/in/reidcory
Jacob Kantor,"George C. Huang, M.D., C.R.S.","2/20/26, 9:19 AM",On the same webinar!,OUTGOING,https://www.linkedin.com/in/thejacobkantor,https://www.linkedin.com/in/georgehuang
Jacob Kantor,Drew McCann,"2/20/26, 9:19 AM",On the same webinar!,OUTGOING,https://www.linkedin.com/in/thejacobkantor,https://www.linkedin.com/in/drew-mccann
Jacob Kantor,Jefferson Pestronk,"2/20/26, 9:18 AM",On the same webinar!,OUTGOING,https://www.linkedin.com/in/thejacobkantor,https://www.linkedin.com/in/jefferson-pestronk
Jacob Kantor,Bilel Eljaamii,"2/20/26, 7:12 AM",,OUTGOING,https://www.linkedin.com/in/thejacobkantor,https://www.linkedin.com/in/bileleljaamii
Jacob Kantor,Manish Pandey,"2/20/26, 7:12 AM",,OUTGOING,https://www.linkedin.com/in/thejacobkantor,https://www.linkedin.com/in/manish-pandey-51337272
Jacob Kantor,Jim Branson,"2/20/26, 7:12 AM",,OUTGOING,https://www.linkedin.com/in/thejacobkantor,https://www.linkedin.com/in/jimbranson
Jacob Kantor,Debra Campbell,"2/20/26, 7:10 AM",,OUTGOING,https://www.linkedin.com/in/thejacobkantor,https://www.linkedin.com/in/debracampbell123
Jacob Kantor,Paige Leigh Fults,"2/20/26, 7:10 AM",,OUTGOING,https://www.linkedin.com/in/thejacobkantor,https://www.linkedin.com/in/plfults
Jacob Kantor,Jacob Frith,"2/19/26, 6:30 PM",,OUTGOING,https://www.linkedin.com/in/thejacobkantor,https://www.linkedin.com/in/jacob-frith-318492117
Jacob Kantor,"Sherrie Binkowski, EdS","2/19/26, 6:30 PM",,OUTGOING,https://www.linkedin.com/in/thejacobkantor,https://www.linkedin.com/in/sherrie-binkowski-eds-185ba11b0
Jacob Kantor,Evan Lapka,"2/19/26, 9:48 AM",,OUTGOING,https://www.linkedin.com/in/thejacobkantor,https://www.linkedin.com/in/evanlapka
Jacob Kantor,Marisa Macy,"2/19/26, 7:02 AM",,OUTGOING,https://www.linkedin.com/in/thejacobkantor,https://www.linkedin.com/in/marisa-macy-970b3737
Jacob Kantor,"Casie Wise, Ed.D.","2/19/26, 6:49 AM",,OUTGOING,https://www.linkedin.com/in/thejacobkantor,https://www.linkedin.com/in/casie-wise-ed-d-5a649b97
Jacob Kantor,Jay Dudley,"2/18/26, 8:29 PM",,OUTGOING,https://www.linkedin.com/in/thejacobkantor,https://www.linkedin.com/in/jay-dudley07
Jacob Kantor,"Casey Koschmeder, Ed.D.","2/18/26, 4:25 PM",,OUTGOING,https://www.linkedin.com/in/thejacobkantor,https://www.linkedin.com/in/caseykoschmeder
Jacob Kantor,David Brown,"2/18/26, 4:25 PM",,OUTGOING,https://www.linkedin.com/in/thejacobkantor,https://www.linkedin.com/in/davidbrownm
Jacob Kantor,Cory Bagozzi,"2/18/26, 4:25 PM",,OUTGOING,https://www.linkedin.com/in/thejacobkantor,https://www.linkedin.com/in/corybagozzi
Jacob Kantor,Hadi El Yakhni ,"2/18/26, 3:27 PM",,OUTGOING,https://www.linkedin.com/in/thejacobkantor,https://www.linkedin.com/in/hadielyakhni
Jacob Kantor,Richard Burbank,"2/18/26, 3:27 PM",,OUTGOING,https://www.linkedin.com/in/thejacobkantor,https://www.linkedin.com/in/richardburbank
Jacob Kantor,Andrew Schmidt,"2/18/26, 3:26 PM",,OUTGOING,https://www.linkedin.com/in/thejacobkantor,https://www.linkedin.com/in/andrew-schmidt303
Jacob Kantor,Damian Scarfo,"2/18/26, 3:26 PM",,OUTGOING,https://www.linkedin.com/in/thejacobkantor,https://www.linkedin.com/in/damianscarfo
Jacob Kantor,Daniel Weisberg,"2/18/26, 9:17 AM",,OUTGOING,https://www.linkedin.com/in/thejacobkantor,https://www.linkedin.com/in/daniel-weisberg-14001922b
Jacob Kantor,Dan Katzir,"2/18/26, 9:16 AM",,OUTGOING,https://www.linkedin.com/in/thejacobkantor,https://www.linkedin.com/in/dan-katzir-9711b41
Jacob Kantor,"Stephanie D. Nellons-Paige, MS","2/18/26, 9:16 AM",,OUTGOING,https://www.linkedin.com/in/thejacobkantor,https://www.linkedin.com/in/stephanie-d-nellons-paige-ms-20687b44
Jacob Kantor,John Danielson,"2/18/26, 9:16 AM",,OUTGOING,https://www.linkedin.com/in/thejacobkantor,https://www.linkedin.com/in/john-danielson-0494439
Jacob Kantor,Mel Bayless,"2/18/26, 9:07 AM",,OUTGOING,https://www.linkedin.com/in/thejacobkantor,https://www.linkedin.com/in/mbayless
Jacob Kantor,Melanie Juarez,"2/18/26, 8:39 AM",,OUTGOING,https://www.linkedin.com/in/thejacobkantor,https://www.linkedin.com/in/melanienjuarez
Jacob Kantor,Mumin A,"2/18/26, 8:32 AM",,OUTGOING,https://www.linkedin.com/in/thejacobkantor,https://www.linkedin.com/in/mumin-a-aba481177
Jacob Kantor,Imtiaz Ahmed,"2/18/26, 8:32 AM",,OUTGOING,https://www.linkedin.com/in/thejacobkantor,https://www.linkedin.com/in/imtiaz-ahmed-99937a209
Jacob Kantor,Dana Roth,"2/18/26, 8:32 AM",,OUTGOING,https://www.linkedin.com/in/thejacobkantor,https://www.linkedin.com/in/danaroth1
Jacob Kantor,Matt Frey,"2/18/26, 8:32 AM",,OUTGOING,https://www.linkedin.com/in/thejacobkantor,https://www.linkedin.com/in/matt-frey-edtech-guy
Jacob Kantor,Noah Springstead ,"2/18/26, 8:32 AM",,OUTGOING,https://www.linkedin.com/in/thejacobkantor,https://www.linkedin.com/in/noah-springstead-ba30a5313
Jacob Kantor,Zeke Cirilli,"2/18/26, 8:32 AM",,OUTGOING,https://www.linkedin.com/in/thejacobkantor,https://www.linkedin.com/in/zekecirilli
Jacob Kantor,Olena Vertepa,"2/18/26, 8:32 AM",,OUTGOING,https://www.linkedin.com/in/thejacobkantor,https://www.linkedin.com/in/olenavertepa
Jacob Kantor,Cassy Gobin,"2/18/26, 6:04 AM",,OUTGOING,https://www.linkedin.com/in/thejacobkantor,https://www.linkedin.com/in/cassy-gobin
Jacob Kantor,"Amy M. Schmisseur, Ph.D.","2/17/26, 8:03 PM",,OUTGOING,https://www.linkedin.com/in/thejacobkantor,https://www.linkedin.com/in/amy-m-schmisseur-ph-d-b1961399
Jacob Kantor,Mihir Patel,"2/17/26, 7:15 PM",,OUTGOING,https://www.linkedin.com/in/thejacobkantor,https://www.linkedin.com/in/mihir-patel1
Jacob Kantor,Natasha Potter,"2/17/26, 6:36 PM",,OUTGOING,https://www.linkedin.com/in/thejacobkantor,https://www.linkedin.com/in/natasha-potter
Jacob Kantor,Barr Balamuth,"2/17/26, 5:15 PM",,OUTGOING,https://www.linkedin.com/in/thejacobkantor,https://www.linkedin.com/in/barr-balamuth
Jacob Kantor,"Angela Swatek, Ed.S., NBCT","2/17/26, 5:15 PM",,OUTGOING,https://www.linkedin.com/in/thejacobkantor,https://www.linkedin.com/in/angela-s-bb0334b1
Jacob Kantor,Jenifer Salinas,"2/17/26, 5:15 PM",,OUTGOING,https://www.linkedin.com/in/thejacobkantor,https://www.linkedin.com/in/jenifer-salinas-34652a3ab
Jacob Kantor,Gordon Lewis,"2/17/26, 2:00 PM",,OUTGOING,https://www.linkedin.com/in/thejacobkantor,https://www.linkedin.com/in/gordon-lewis-4624691a
Jacob Kantor,Armen Sabezian,"2/17/26, 1:27 PM",,OUTGOING,https://www.linkedin.com/in/thejacobkantor,https://www.linkedin.com/in/armen-sabezian
Jacob Kantor,Andrea Phillips,"2/17/26, 12:12 PM",,OUTGOING,https://www.linkedin.com/in/thejacobkantor,https://www.linkedin.com/in/andrea-phillips-32901314a
Jacob Kantor,Adam (Atif)  Khan,"2/17/26, 12:12 PM",,OUTGOING,https://www.linkedin.com/in/thejacobkantor,https://www.linkedin.com/in/atifskhan
Jacob Kantor,"Ashley Frost, PhD","2/17/26, 12:12 PM",,OUTGOING,https://www.linkedin.com/in/thejacobkantor,https://www.linkedin.com/in/ashley-frost-phd
Jacob Kantor,T. Donovan Keene,"2/17/26, 12:12 PM",,OUTGOING,https://www.linkedin.com/in/thejacobkantor,https://www.linkedin.com/in/donovankeene
Jacob Kantor,Julian Serra,"2/17/26, 12:12 PM",,OUTGOING,https://www.linkedin.com/in/thejacobkantor,https://www.linkedin.com/in/julianserra
Jacob Kantor,Abbas Khan,"2/17/26, 10:10 AM",,OUTGOING,https://www.linkedin.com/in/thejacobkantor,https://www.linkedin.com/in/abbaskhans
Jacob Kantor,Steve Coutts,"2/17/26, 10:10 AM",,OUTGOING,https://www.linkedin.com/in/thejacobkantor,https://www.linkedin.com/in/stevecoutts
Jacob Kantor,Cody Albright,"2/17/26, 8:38 AM",,OUTGOING,https://www.linkedin.com/in/thejacobkantor,https://www.linkedin.com/in/codyalbright0
Jacob Kantor,Teela Watson,"2/17/26, 8:38 AM",,OUTGOING,https://www.linkedin.com/in/thejacobkantor,https://www.linkedin.com/in/teela-watson-edmanagement
Jacob Kantor,Caitlin Daigh,"2/17/26, 8:37 AM",,OUTGOING,https://www.linkedin.com/in/thejacobkantor,https://www.linkedin.com/in/caitlin-daigh
Jacob Kantor,"Kimberly Loner, M.Ed","2/17/26, 8:37 AM",,OUTGOING,https://www.linkedin.com/in/thejacobkantor,https://www.linkedin.com/in/kimberly-loner
Jacob Kantor,Matt Landwehr,"2/17/26, 8:37 AM",,OUTGOING,https://www.linkedin.com/in/thejacobkantor,https://www.linkedin.com/in/matt-landwehr
Jacob Kantor,Nikki Lester,"2/17/26, 8:37 AM",,OUTGOING,https://www.linkedin.com/in/thejacobkantor,https://www.linkedin.com/in/nikki-d-lester
Jacob Kantor,Amine Lamine,"2/16/26, 11:54 PM",,OUTGOING,https://www.linkedin.com/in/thejacobkantor,https://www.linkedin.com/in/aminelamine
Jacob Kantor,Rachael Foster,"2/16/26, 5:14 PM",,OUTGOING,https://www.linkedin.com/in/thejacobkantor,https://www.linkedin.com/in/rachael-smith-4b0178174
Jacob Kantor,Allen Long,"2/16/26, 5:13 PM",,OUTGOING,https://www.linkedin.com/in/thejacobkantor,https://www.linkedin.com/in/allen-long-9a5b513
Jacob Kantor,Olivia Burgher,"2/16/26, 5:13 PM",,OUTGOING,https://www.linkedin.com/in/thejacobkantor,https://www.linkedin.com/in/olivia-burgher-75233016b
Jacob Kantor,"Lauren Schulten, Ed.D.","2/16/26, 5:13 PM",,OUTGOING,https://www.linkedin.com/in/thejacobkantor,https://www.linkedin.com/in/laurenschulten
Jacob Kantor,Nathan Dalal,"2/16/26, 5:12 PM",,OUTGOING,https://www.linkedin.com/in/thejacobkantor,https://www.linkedin.com/in/nathandalal
Jacob Kantor,Sheri Lynn Fato,"2/16/26, 5:13 PM",,OUTGOING,https://www.linkedin.com/in/thejacobkantor,https://www.linkedin.com/in/sheri-lynn-f-bba23164
Jacob Kantor,Gary Buckles,"2/16/26, 3:03 PM",,OUTGOING,https://www.linkedin.com/in/thejacobkantor,https://www.linkedin.com/in/garybuckles
Jacob Kantor,Edmundo Garcia,"2/16/26, 3:03 PM",,OUTGOING,https://www.linkedin.com/in/thejacobkantor,https://www.linkedin.com/in/edmundo-garcia-681080129
Jacob Kantor,Rachel McDermott,"2/16/26, 3:02 PM",,OUTGOING,https://www.linkedin.com/in/thejacobkantor,https://www.linkedin.com/in/rachel-mcdermott-a07b358b
Jacob Kantor,Dale Strang,"2/16/26, 3:02 PM",,OUTGOING,https://www.linkedin.com/in/thejacobkantor,https://www.linkedin.com/in/dalestrang
Jacob Kantor,Lex Entwistle,"2/16/26, 3:02 PM",,OUTGOING,https://www.linkedin.com/in/thejacobkantor,https://www.linkedin.com/in/lexentwistle
Jacob Kantor,"John Skeen, MBA","2/16/26, 3:02 PM",,OUTGOING,https://www.linkedin.com/in/thejacobkantor,https://www.linkedin.com/in/johnskeen
Jacob Kantor,Jennifer Clark,"2/16/26, 3:02 PM",,OUTGOING,https://www.linkedin.com/in/thejacobkantor,https://www.linkedin.com/in/jennclark0704
Jacob Kantor,Joseph Sweigart,"2/16/26, 3:02 PM",,OUTGOING,https://www.linkedin.com/in/thejacobkantor,https://www.linkedin.com/in/josephsweigart
Jacob Kantor,Christopher Jordan,"2/16/26, 1:47 PM",,OUTGOING,https://www.linkedin.com/in/thejacobkantor,https://www.linkedin.com/in/chrisjordan50
Jacob Kantor,Austin Shipman,"2/16/26, 1:47 PM",,OUTGOING,https://www.linkedin.com/in/thejacobkantor,https://www.linkedin.com/in/austin-shipman-70b474111
Jacob Kantor,Ryan Lee Walker,"2/16/26, 1:46 PM",,OUTGOING,https://www.linkedin.com/in/thejacobkantor,https://www.linkedin.com/in/ryan-lee-walker
Jacob Kantor,Stephany Hernandez,"2/16/26, 9:52 AM",,OUTGOING,https://www.linkedin.com/in/thejacobkantor,https://www.linkedin.com/in/stephany-hernandez-9361b821a
Jacob Kantor,Anna Tressler DeSantis,"2/16/26, 9:15 AM",,OUTGOING,https://www.linkedin.com/in/thejacobkantor,https://www.linkedin.com/in/anna-tressler-desantis-544452b5
Jacob Kantor,"Jennie Bridger, M.Ed.","2/16/26, 8:17 AM",,OUTGOING,https://www.linkedin.com/in/thejacobkantor,https://www.linkedin.com/in/jennie-bridger-m-ed-2a1860335
Jacob Kantor,"Adam Babcock, EdS, CETL","2/16/26, 8:17 AM",,OUTGOING,https://www.linkedin.com/in/thejacobkantor,https://www.linkedin.com/in/ajbabcock
Jacob Kantor,Conner Simon,"2/16/26, 8:17 AM",,OUTGOING,https://www.linkedin.com/in/thejacobkantor,https://www.linkedin.com/in/conner-s-bb4896100
Jacob Kantor,Dave Spahr,"2/16/26, 8:17 AM",,OUTGOING,https://www.linkedin.com/in/thejacobkantor,https://www.linkedin.com/in/davewspahr
Jacob Kantor,Vance Evans,"2/16/26, 8:17 AM",,OUTGOING,https://www.linkedin.com/in/thejacobkantor,https://www.linkedin.com/in/vanceevansedu
Jacob Kantor,Matthew  Ignash,"2/16/26, 8:16 AM",,OUTGOING,https://www.linkedin.com/in/thejacobkantor,https://www.linkedin.com/in/matthew-ignash-ba72332b6
Jacob Kantor,Bruce Stubblefield,"2/16/26, 8:16 AM",,OUTGOING,https://www.linkedin.com/in/thejacobkantor,https://www.linkedin.com/in/bruce-stubblefield
Jacob Kantor,Justin Horwitz,"2/16/26, 8:16 AM",,OUTGOING,https://www.linkedin.com/in/thejacobkantor,https://www.linkedin.com/in/justin-horwitz-635425
Jacob Kantor,Greg Adams,"2/16/26, 8:16 AM",,OUTGOING,https://www.linkedin.com/in/thejacobkantor,https://www.linkedin.com/in/gadams4
Jacob Kantor,Misty Her,"2/15/26, 9:45 PM",,OUTGOING,https://www.linkedin.com/in/thejacobkantor,https://www.linkedin.com/in/misty-her-6b594a252
Jacob Kantor,Heidi Barber,"2/15/26, 7:45 PM",,OUTGOING,https://www.linkedin.com/in/thejacobkantor,https://www.linkedin.com/in/heidibarber
Jacob Kantor,Mason Rothwell,"2/15/26, 7:42 PM",,OUTGOING,https://www.linkedin.com/in/thejacobkantor,https://www.linkedin.com/in/mason-rothwell-339060302
Jacob Kantor,Curt Smith,"2/15/26, 7:42 PM",,OUTGOING,https://www.linkedin.com/in/thejacobkantor,https://www.linkedin.com/in/curt-smith-2383a42
Jacob Kantor,Alan Johnston,"2/15/26, 2:57 PM",,OUTGOING,https://www.linkedin.com/in/thejacobkantor,https://www.linkedin.com/in/alanwjohnston
Jacob Kantor,Fred Hoffmann,"2/15/26, 2:57 PM",,OUTGOING,https://www.linkedin.com/in/thejacobkantor,https://www.linkedin.com/in/fredhoffmann3
Jacob Kantor,Joseph Diodato,"2/15/26, 2:57 PM",,OUTGOING,https://www.linkedin.com/in/thejacobkantor,https://www.linkedin.com/in/jdiodato
Jacob Kantor,Jose Razo,"2/14/26, 7:57 PM",,OUTGOING,https://www.linkedin.com/in/thejacobkantor,https://www.linkedin.com/in/jose-razo-111884162
Jacob Kantor,Sandra-Lynn Shortall,"2/14/26, 7:57 PM",,OUTGOING,https://www.linkedin.com/in/thejacobkantor,https://www.linkedin.com/in/sandra-lynn-shortall-a83a21352
Jacob Kantor,Dr. Amber Teamann,"2/14/26, 7:57 PM",,OUTGOING,https://www.linkedin.com/in/thejacobkantor,https://www.linkedin.com/in/dr-amber-teamann-7a72ab61
Jacob Kantor,Justin Plumhoff,"2/14/26, 7:14 PM",,OUTGOING,https://www.linkedin.com/in/thejacobkantor,https://www.linkedin.com/in/justin-plumhoff-54842019a
Jacob Kantor,Pete Kay,"2/14/26, 7:15 PM",,OUTGOING,https://www.linkedin.com/in/thejacobkantor,https://www.linkedin.com/in/pete-kay
Jacob Kantor,Jodi Gonzalez,"2/14/26, 7:14 PM",,OUTGOING,https://www.linkedin.com/in/thejacobkantor,https://www.linkedin.com/in/jodilynngonzalez
Jacob Kantor,John Bennetts,"2/14/26, 7:14 PM",,OUTGOING,https://www.linkedin.com/in/thejacobkantor,https://www.linkedin.com/in/johnbennetts
Jacob Kantor,Elvira Baasankhuu,"2/14/26, 7:13 PM",,OUTGOING,https://www.linkedin.com/in/thejacobkantor,https://www.linkedin.com/in/elvira-baasankhuu-75011a284
Jacob Kantor,Tayfun Uslu,"2/14/26, 2:28 PM",,OUTGOING,https://www.linkedin.com/in/thejacobkantor,https://www.linkedin.com/in/tayfunuslu
Jacob Kantor,"Gunn Marie Hansen, Ph.D.","2/14/26, 12:09 PM",,OUTGOING,https://www.linkedin.com/in/thejacobkantor,https://www.linkedin.com/in/gunn-marie-hansen-ph-d-9b483132
Jacob Kantor,Rachel Riggs,"2/14/26, 9:26 AM",,OUTGOING,https://www.linkedin.com/in/thejacobkantor,https://www.linkedin.com/in/racheltesol
Jacob Kantor,"Josh Kunnath, Ed.D.","2/14/26, 9:05 AM",,OUTGOING,https://www.linkedin.com/in/thejacobkantor,https://www.linkedin.com/in/josh-kunnath
Jacob Kantor,Jeremy Smith,"2/14/26, 9:02 AM",,OUTGOING,https://www.linkedin.com/in/thejacobkantor,https://www.linkedin.com/in/jeremysmithedu
Jacob Kantor,Steve Gonyea,"2/14/26, 9:02 AM",,OUTGOING,https://www.linkedin.com/in/thejacobkantor,https://www.linkedin.com/in/steve-gonyea-a7b1aa363
Jacob Kantor,Adam Lipson,"2/14/26, 9:01 AM",,OUTGOING,https://www.linkedin.com/in/thejacobkantor,https://www.linkedin.com/in/adlipson
Jacob Kantor,Andy Chan,"2/13/26, 8:10 PM",,OUTGOING,https://www.linkedin.com/in/thejacobkantor,https://www.linkedin.com/in/chanfucious
Jacob Kantor,Robert Borges,"2/13/26, 8:09 PM",,OUTGOING,https://www.linkedin.com/in/thejacobkantor,https://www.linkedin.com/in/robertborges
Jacob Kantor,Jeevan Kirkland,"2/13/26, 8:09 PM",,OUTGOING,https://www.linkedin.com/in/thejacobkantor,https://www.linkedin.com/in/jeevan-kirkland
Jacob Kantor,Dennis Li,"2/13/26, 8:09 PM",,OUTGOING,https://www.linkedin.com/in/thejacobkantor,https://www.linkedin.com/in/dennisli
Jacob Kantor,Katie Scholick,"2/13/26, 8:08 PM",,OUTGOING,https://www.linkedin.com/in/thejacobkantor,https://www.linkedin.com/in/katescholick
Jacob Kantor,Abigail Garewal,"2/13/26, 8:08 PM",,OUTGOING,https://www.linkedin.com/in/thejacobkantor,https://www.linkedin.com/in/abigailgarewal222
Jacob Kantor,Janet Majors,"2/13/26, 8:07 PM",,OUTGOING,https://www.linkedin.com/in/thejacobkantor,https://www.linkedin.com/in/janetmajors
Jacob Kantor,Marc Lebovitz,"2/13/26, 8:07 PM",,OUTGOING,https://www.linkedin.com/in/thejacobkantor,https://www.linkedin.com/in/marc-lebovitz-066622
Jacob Kantor,Suna S.,"2/13/26, 8:06 PM",,OUTGOING,https://www.linkedin.com/in/thejacobkantor,https://www.linkedin.com/in/suna-said-66985918
Jacob Kantor,Lex Bayer,"2/13/26, 8:04 PM",,OUTGOING,https://www.linkedin.com/in/thejacobkantor,https://www.linkedin.com/in/lexbayer
Jacob Kantor,Olivia Tomaeno,"2/13/26, 8:03 PM",,OUTGOING,https://www.linkedin.com/in/thejacobkantor,https://www.linkedin.com/in/olivia-tomaeno
Jacob Kantor,Priscilla Luu,"2/13/26, 8:01 PM",,OUTGOING,https://www.linkedin.com/in/thejacobkantor,https://www.linkedin.com/in/priscillaluu
Jacob Kantor,Fazal Abbas,"2/13/26, 7:59 PM",,OUTGOING,https://www.linkedin.com/in/thejacobkantor,https://www.linkedin.com/in/fazalabbas90397
Jacob Kantor,Michael Weiler,"2/13/26, 7:58 PM",,OUTGOING,https://www.linkedin.com/in/thejacobkantor,https://www.linkedin.com/in/michaelweiler
Jacob Kantor,Celia Hui Ye,"2/13/26, 7:57 PM",,OUTGOING,https://www.linkedin.com/in/thejacobkantor,https://www.linkedin.com/in/celiayehui
Jacob Kantor,Margo (Meg) Gordon,"2/13/26, 7:57 PM",,OUTGOING,https://www.linkedin.com/in/thejacobkantor,https://www.linkedin.com/in/meggordon2002
Jacob Kantor,Brandon Yan,"2/13/26, 7:56 PM",,OUTGOING,https://www.linkedin.com/in/thejacobkantor,https://www.linkedin.com/in/brandonyan16
Jacob Kantor,Sarah Salerno,"2/13/26, 7:53 PM",,OUTGOING,https://www.linkedin.com/in/thejacobkantor,https://www.linkedin.com/in/sarah-salerno
Jacob Kantor,Christian Lee,"2/13/26, 7:53 PM",,OUTGOING,https://www.linkedin.com/in/thejacobkantor,https://www.linkedin.com/in/cl252
Jacob Kantor,Erik Edwards,"2/13/26, 7:52 PM",,OUTGOING,https://www.linkedin.com/in/thejacobkantor,https://www.linkedin.com/in/erik-edwards-251732
Jacob Kantor,Katherine Ambrose,"2/13/26, 7:52 PM",,OUTGOING,https://www.linkedin.com/in/thejacobkantor,https://www.linkedin.com/in/katherine-ambrose-99521810a
Jacob Kantor,Mikey Hothi,"2/13/26, 7:51 PM",,OUTGOING,https://www.linkedin.com/in/thejacobkantor,https://www.linkedin.com/in/mikey-hothi-69876950
Jacob Kantor,Samuel Hafer,"2/13/26, 7:50 PM",,OUTGOING,https://www.linkedin.com/in/thejacobkantor,https://www.linkedin.com/in/samuelghafer
Jacob Kantor,Jo Mutch,"2/13/26, 7:48 PM",,OUTGOING,https://www.linkedin.com/in/thejacobkantor,https://www.linkedin.com/in/jo-mutch-05a77715
Jacob Kantor,Heather A. Craig,"2/13/26, 7:47 PM",,OUTGOING,https://www.linkedin.com/in/thejacobkantor,https://www.linkedin.com/in/heatheralyssacraig
Jacob Kantor,Alexander Herskowitz,"2/13/26, 7:40 PM",,OUTGOING,https://www.linkedin.com/in/thejacobkantor,https://www.linkedin.com/in/aph818
Jacob Kantor,Marshall Roslyn,"2/13/26, 7:39 PM",,OUTGOING,https://www.linkedin.com/in/thejacobkantor,https://www.linkedin.com/in/marshallroslyn
Jacob Kantor,Sarah Turobiner,"2/13/26, 7:38 PM",,OUTGOING,https://www.linkedin.com/in/thejacobkantor,https://www.linkedin.com/in/sarah-turobiner-b64b37203
Jacob Kantor,Pallavi Hukerikar,"2/13/26, 7:36 PM",,OUTGOING,https://www.linkedin.com/in/thejacobkantor,https://www.linkedin.com/in/pallavihukerikar
Jacob Kantor,Katherine Hunter-Blyden,"2/13/26, 7:35 PM",,OUTGOING,https://www.linkedin.com/in/thejacobkantor,https://www.linkedin.com/in/katherinehunterblyden
Jacob Kantor,Mike Lanza,"2/13/26, 7:31 PM",,OUTGOING,https://www.linkedin.com/in/thejacobkantor,https://www.linkedin.com/in/mike-lanza-5808
Jacob Kantor,Jared Goralnick,"2/13/26, 7:28 PM",,OUTGOING,https://www.linkedin.com/in/thejacobkantor,https://www.linkedin.com/in/goralnick
Jacob Kantor,John Morales,"2/13/26, 7:06 PM",,OUTGOING,https://www.linkedin.com/in/thejacobkantor,https://www.linkedin.com/in/johnmorales19
Jacob Kantor,Michael Griffith,"2/13/26, 7:06 PM",,OUTGOING,https://www.linkedin.com/in/thejacobkantor,https://www.linkedin.com/in/michael-griffith-a578b481
Jacob Kantor,Michael Catalano,"2/13/26, 7:05 PM",,OUTGOING,https://www.linkedin.com/in/thejacobkantor,https://www.linkedin.com/in/michael-catalano-3b75a63a9
Jacob Kantor,Gregory Thornton,"2/13/26, 12:56 PM",,OUTGOING,https://www.linkedin.com/in/thejacobkantor,https://www.linkedin.com/in/gtthornton
Jacob Kantor,Scarlett deVries,"2/13/26, 7:23 AM",,OUTGOING,https://www.linkedin.com/in/thejacobkantor,https://www.linkedin.com/in/scarlettdevries
Jacob Kantor,"Rodolfo Madrigal, M.Ed","2/12/26, 11:16 PM",,OUTGOING,https://www.linkedin.com/in/thejacobkantor,https://www.linkedin.com/in/rodolfo-madrigal-m-ed-04a99316b
Jacob Kantor,Shoshi Singer,"2/12/26, 11:16 PM",,OUTGOING,https://www.linkedin.com/in/thejacobkantor,https://www.linkedin.com/in/shoshisinger
Jacob Kantor,"Robert Lamont, M.Ed.","2/12/26, 11:16 PM",,OUTGOING,https://www.linkedin.com/in/thejacobkantor,https://www.linkedin.com/in/robert-lamont-m-ed-30251b40
Jacob Kantor,Jeff Lui,"2/12/26, 11:16 PM",,OUTGOING,https://www.linkedin.com/in/thejacobkantor,https://www.linkedin.com/in/jeffrey-lui
Jacob Kantor,David D. Kim,"2/12/26, 11:16 PM",,OUTGOING,https://www.linkedin.com/in/thejacobkantor,https://www.linkedin.com/in/davidkimdw
Jacob Kantor,Himanshu Mehlawat,"2/12/26, 11:16 PM",,OUTGOING,https://www.linkedin.com/in/thejacobkantor,https://www.linkedin.com/in/himanshu-mehlawat
Jacob Kantor,Brian Rainville,"2/12/26, 11:15 PM",,OUTGOING,https://www.linkedin.com/in/thejacobkantor,https://www.linkedin.com/in/brian-rainville-6613a5105
Jacob Kantor,"Ivan Gradjansky, MA Education Policy","2/12/26, 11:15 PM",,OUTGOING,https://www.linkedin.com/in/thejacobkantor,https://www.linkedin.com/in/ivangradjansky
Jacob Kantor,Tola Atewologun,"2/12/26, 11:14 PM",,OUTGOING,https://www.linkedin.com/in/thejacobkantor,https://www.linkedin.com/in/tola-atewologun-7b44b93
Jacob Kantor,Brian Witzel,"2/12/26, 11:14 PM",,OUTGOING,https://www.linkedin.com/in/thejacobkantor,https://www.linkedin.com/in/brian-witzel-a669943
Jacob Kantor,Andrew Neumann,"2/12/26, 11:14 PM",,OUTGOING,https://www.linkedin.com/in/thejacobkantor,https://www.linkedin.com/in/andrew-neumann-575b7755
Jacob Kantor,Andres Guzman,"2/12/26, 11:14 PM",,OUTGOING,https://www.linkedin.com/in/thejacobkantor,https://www.linkedin.com/in/andres-guzman-502169212
Jacob Kantor,Charlie Connor,"2/12/26, 11:14 PM",,OUTGOING,https://www.linkedin.com/in/thejacobkantor,https://www.linkedin.com/in/charlie-connor-a14a96105
Jacob Kantor,Mary C. Wall,"2/12/26, 10:13 PM",,OUTGOING,https://www.linkedin.com/in/thejacobkantor,https://www.linkedin.com/in/marycatherinewall
Jacob Kantor,Carla Rayacich,"2/12/26, 6:13 PM",,OUTGOING,https://www.linkedin.com/in/thejacobkantor,https://www.linkedin.com/in/carla-rayacich
Jacob Kantor,"Michael McKenna, Ed.D.","2/12/26, 4:29 PM",,OUTGOING,https://www.linkedin.com/in/thejacobkantor,https://www.linkedin.com/in/drmichaelmckenna
Jacob Kantor,ChiYu Chen,"2/12/26, 8:30 AM",,OUTGOING,https://www.linkedin.com/in/thejacobkantor,https://www.linkedin.com/in/chiyu-chen-87287622
Jacob Kantor,"Josh Kristoff, PhD","2/12/26, 8:30 AM",,OUTGOING,https://www.linkedin.com/in/thejacobkantor,https://www.linkedin.com/in/jkristoff8910
Jacob Kantor,Dr. Susan Neimand,"2/12/26, 8:30 AM",,OUTGOING,https://www.linkedin.com/in/thejacobkantor,https://www.linkedin.com/in/dr-susan-neimand-b38472aa
Jacob Kantor,Peter Williams,"2/11/26, 9:46 PM",,OUTGOING,https://www.linkedin.com/in/thejacobkantor,https://www.linkedin.com/in/pdwilliams24
Jacob Kantor,"Jordan  Legere, M.Ed","2/11/26, 9:06 PM",,OUTGOING,https://www.linkedin.com/in/thejacobkantor,https://www.linkedin.com/in/jordan-legere-transitioningteacher
Jacob Kantor,Matthew Golding,"2/11/26, 5:13 PM",,OUTGOING,https://www.linkedin.com/in/thejacobkantor,https://www.linkedin.com/in/matthew-golding-442639b6
Jacob Kantor,Michael Gauthier,"2/11/26, 5:13 PM",,OUTGOING,https://www.linkedin.com/in/thejacobkantor,https://www.linkedin.com/in/michael-gauthier-46865685
Jacob Kantor,Lennon Audrain,"2/11/26, 6:33 AM",,OUTGOING,https://www.linkedin.com/in/thejacobkantor,https://www.linkedin.com/in/lennonaudrain
Jacob Kantor,Michael Bailey,"2/10/26, 8:43 PM",,OUTGOING,https://www.linkedin.com/in/thejacobkantor,https://www.linkedin.com/in/michael-bailey-ab477125
Jacob Kantor,John Dulak,"2/10/26, 8:42 PM",,OUTGOING,https://www.linkedin.com/in/thejacobkantor,https://www.linkedin.com/in/john-dulak
Jacob Kantor,Evan Jennings,"2/10/26, 8:42 PM",,OUTGOING,https://www.linkedin.com/in/thejacobkantor,https://www.linkedin.com/in/evan-jennings-86118337b
Jacob Kantor,Kevin Lindsey,"2/10/26, 5:18 PM",,OUTGOING,https://www.linkedin.com/in/thejacobkantor,https://www.linkedin.com/in/kevin-lindsey-91bb84195
Jacob Kantor,Erick Streelman,"2/10/26, 5:17 PM",,OUTGOING,https://www.linkedin.com/in/thejacobkantor,https://www.linkedin.com/in/erick-streelman-447465a4
Jacob Kantor,Shawn Wilborne,"2/10/26, 4:11 PM",,OUTGOING,https://www.linkedin.com/in/thejacobkantor,https://www.linkedin.com/in/shawnwilborne
Jacob Kantor,"Rohit Tandon, MBA, PMP","2/10/26, 4:11 PM",,OUTGOING,https://www.linkedin.com/in/thejacobkantor,https://www.linkedin.com/in/rohit-tandon-mba-pmp-310287
Jacob Kantor,"Goran Trajkovski, Ph. D.","2/10/26, 4:11 PM",,OUTGOING,https://www.linkedin.com/in/thejacobkantor,https://www.linkedin.com/in/gorantrajkovski
Jacob Kantor,Dr. Yolanda Rios,"2/10/26, 6:34 AM",,OUTGOING,https://www.linkedin.com/in/thejacobkantor,https://www.linkedin.com/in/dr-yolanda-rios-66873496
Jacob Kantor,Chiara Marconi,"2/9/26, 1:00 PM",,OUTGOING,https://www.linkedin.com/in/thejacobkantor,https://www.linkedin.com/in/chiara-marconi-219b8477
Jacob Kantor,"Caroline Figueroa, MD PhD","2/9/26, 11:13 AM",,OUTGOING,https://www.linkedin.com/in/thejacobkantor,https://www.linkedin.com/in/caroline-figueroa-md-phd-85a11485
Jacob Kantor,Scott Weiss,"2/9/26, 11:12 AM",,OUTGOING,https://www.linkedin.com/in/thejacobkantor,https://www.linkedin.com/in/scott-weiss-50b1b23
Jacob Kantor,Pilyoung Kim,"2/9/26, 11:09 AM",,OUTGOING,https://www.linkedin.com/in/thejacobkantor,https://www.linkedin.com/in/pilyoung-kim
Jacob Kantor,"Lakshmi Balasubramanian, Ph.D.","2/9/26, 11:09 AM",,OUTGOING,https://www.linkedin.com/in/thejacobkantor,https://www.linkedin.com/in/lakshmi-balasubramanian-ph-d-91014a49
Jacob Kantor,Glenna Wright-Gallo,"2/9/26, 11:05 AM",,OUTGOING,https://www.linkedin.com/in/thejacobkantor,https://www.linkedin.com/in/glenna-wright-gallo
Jacob Kantor,Dennis Wall,"2/9/26, 11:05 AM",,OUTGOING,https://www.linkedin.com/in/thejacobkantor,https://www.linkedin.com/in/dpwall
Jacob Kantor,"Alexander ""Sasha"" Sidorkin","2/9/26, 11:03 AM",,OUTGOING,https://www.linkedin.com/in/thejacobkantor,https://www.linkedin.com/in/sidorkin
Jacob Kantor,Meira Levinson,"2/9/26, 11:03 AM",,OUTGOING,https://www.linkedin.com/in/thejacobkantor,https://www.linkedin.com/in/meira-levinson-084ab02b6
Jacob Kantor,Nathaniel Persily,"2/9/26, 11:03 AM",,OUTGOING,https://www.linkedin.com/in/thejacobkantor,https://www.linkedin.com/in/persily
Jacob Kantor,Wendy Kopp,"2/9/26, 11:01 AM",,OUTGOING,https://www.linkedin.com/in/thejacobkantor,https://www.linkedin.com/in/wendy-kopp-443a8856
Jacob Kantor,Jesse R. Sparks,"2/9/26, 11:00 AM",,OUTGOING,https://www.linkedin.com/in/thejacobkantor,https://www.linkedin.com/in/jesse-r-sparks
Jacob Kantor,Loodwige Lince,"2/9/26, 10:56 AM",,OUTGOING,https://www.linkedin.com/in/thejacobkantor,https://www.linkedin.com/in/loodwige-lince-82b42b1a7
Jacob Kantor,Guilherme Lichand,"2/9/26, 10:55 AM",,OUTGOING,https://www.linkedin.com/in/thejacobkantor,https://www.linkedin.com/in/guilherme-lichand-b4aa0554
Jacob Kantor,Hari Subramonyam,"2/9/26, 10:55 AM",,OUTGOING,https://www.linkedin.com/in/thejacobkantor,https://www.linkedin.com/in/hari-subramonyam-7b263919
Jacob Kantor,Susan Athey,"2/9/26, 10:46 AM",,OUTGOING,https://www.linkedin.com/in/thejacobkantor,https://www.linkedin.com/in/susanathey
Jacob Kantor,Randi Michel,"2/9/26, 10:45 AM",,OUTGOING,https://www.linkedin.com/in/thejacobkantor,https://www.linkedin.com/in/randimichel
Jacob Kantor,T. Patrick Hynes,"2/9/26, 10:44 AM",,OUTGOING,https://www.linkedin.com/in/thejacobkantor,https://www.linkedin.com/in/thomaspatrickhynes
Jacob Kantor,"Glenn Maleyko, Ph.D","2/9/26, 10:12 AM",,OUTGOING,https://www.linkedin.com/in/thejacobkantor,https://www.linkedin.com/in/glenn-maleyko-ph-d-0b434254
Jacob Kantor,Luke Craig,"2/9/26, 6:04 AM",,OUTGOING,https://www.linkedin.com/in/thejacobkantor,https://www.linkedin.com/in/luke-craig-a482971bb
Jacob Kantor,Melissa Morgan,"2/9/26, 6:01 AM",,OUTGOING,https://www.linkedin.com/in/thejacobkantor,https://www.linkedin.com/in/melissaannemorgan
Jacob Kantor,Sofia Sebben,"2/9/26, 5:57 AM",,OUTGOING,https://www.linkedin.com/in/thejacobkantor,https://www.linkedin.com/in/sofia-sebben-99097213a
Jacob Kantor,"Limary Trujillo, Ed.D.","2/8/26, 10:22 PM",,OUTGOING,https://www.linkedin.com/in/thejacobkantor,https://www.linkedin.com/in/limarytrujillo
Jacob Kantor,Sydney (Smith) Blozan,"2/8/26, 9:56 PM",,OUTGOING,https://www.linkedin.com/in/thejacobkantor,https://www.linkedin.com/in/smith-sydney
Jacob Kantor,Colin Irose,"2/8/26, 9:55 PM",,OUTGOING,https://www.linkedin.com/in/thejacobkantor,https://www.linkedin.com/in/colin-irose
Jacob Kantor,Mindy Sjoblom,"2/8/26, 9:45 PM",,OUTGOING,https://www.linkedin.com/in/thejacobkantor,https://www.linkedin.com/in/mindy-sjoblom
Jacob Kantor,Kevin Camson,"2/8/26, 9:31 PM",,OUTGOING,https://www.linkedin.com/in/thejacobkantor,https://www.linkedin.com/in/kevincamson
Jacob Kantor,Alex Belykh,"2/8/26, 9:29 PM",,OUTGOING,https://www.linkedin.com/in/thejacobkantor,https://www.linkedin.com/in/alexbelykh
Jacob Kantor,Mona Mokri,"2/8/26, 9:28 PM",,OUTGOING,https://www.linkedin.com/in/thejacobkantor,https://www.linkedin.com/in/mona-mokri-006928194
Jacob Kantor,Jeff Penta Ed.D.,"2/8/26, 5:07 PM",,OUTGOING,https://www.linkedin.com/in/thejacobkantor,https://www.linkedin.com/in/jeffpenta
Jacob Kantor,Alexander McMillan,"2/7/26, 8:23 AM",,OUTGOING,https://www.linkedin.com/in/thejacobkantor,https://www.linkedin.com/in/alexandermcmillan
Jacob Kantor,"Jared Cooney Horvath, PhD, MEd","2/7/26, 8:23 AM",,OUTGOING,https://www.linkedin.com/in/thejacobkantor,https://www.linkedin.com/in/jared-cooney-horvath
Jacob Kantor,Mara Cruzado,"2/7/26, 8:22 AM",,OUTGOING,https://www.linkedin.com/in/thejacobkantor,https://www.linkedin.com/in/maracruzado
Jacob Kantor,Laura Summers,"2/7/26, 8:22 AM",,OUTGOING,https://www.linkedin.com/in/thejacobkantor,https://www.linkedin.com/in/summerslaura
Jacob Kantor,Ben Williamson,"2/7/26, 8:21 AM",,OUTGOING,https://www.linkedin.com/in/thejacobkantor,https://www.linkedin.com/in/ben-williamson-7a501b329
Jacob Kantor,Nick Osborne,"2/7/26, 8:20 AM",,OUTGOING,https://www.linkedin.com/in/thejacobkantor,https://www.linkedin.com/in/nickosbornemaritime
Jacob Kantor,Andy Neely,"2/7/26, 8:18 AM",,OUTGOING,https://www.linkedin.com/in/thejacobkantor,https://www.linkedin.com/in/anneely
Jacob Kantor,Andrew Jennings,"2/7/26, 8:17 AM",,OUTGOING,https://www.linkedin.com/in/thejacobkantor,https://www.linkedin.com/in/andrew-jennings-02432869
Jacob Kantor,Francesca Campolongo,"2/7/26, 8:17 AM",,OUTGOING,https://www.linkedin.com/in/thejacobkantor,https://www.linkedin.com/in/francesca-campolongo-99619519b
Jacob Kantor,Lizzy Winstone,"2/7/26, 8:14 AM",,OUTGOING,https://www.linkedin.com/in/thejacobkantor,https://www.linkedin.com/in/lizzy-winstone-00b39961
Jacob Kantor,Carl Chapman,"2/7/26, 8:11 AM",,OUTGOING,https://www.linkedin.com/in/thejacobkantor,https://www.linkedin.com/in/carl-chapman-473323327
Jacob Kantor,Umes Shrestha,"2/7/26, 8:10 AM",,OUTGOING,https://www.linkedin.com/in/thejacobkantor,https://www.linkedin.com/in/umes-shrestha
Jacob Kantor,Maddy Sims,"2/7/26, 8:10 AM",,OUTGOING,https://www.linkedin.com/in/thejacobkantor,https://www.linkedin.com/in/maddy-sims-97a065136
Jacob Kantor,Liz Bury,"2/7/26, 8:09 AM",,OUTGOING,https://www.linkedin.com/in/thejacobkantor,https://www.linkedin.com/in/liz-bury-writes
Jacob Kantor,Daren White,"2/7/26, 8:09 AM",,OUTGOING,https://www.linkedin.com/in/thejacobkantor,https://www.linkedin.com/in/darenwhite
Jacob Kantor,Simon Blower,"2/7/26, 8:08 AM",,OUTGOING,https://www.linkedin.com/in/thejacobkantor,https://www.linkedin.com/in/simonblowerpobble
Jacob Kantor,Samantha Twiselton OBE,"2/7/26, 8:08 AM",,OUTGOING,https://www.linkedin.com/in/thejacobkantor,https://www.linkedin.com/in/samantha-twiselton-obe-37897b2b
Jacob Kantor,Dame Alison Peacock DL,"2/7/26, 8:08 AM",,OUTGOING,https://www.linkedin.com/in/thejacobkantor,https://www.linkedin.com/in/dame-alison-peacock-dl-7b996b24
Jacob Kantor,Sean Connell,"2/7/26, 8:08 AM",,OUTGOING,https://www.linkedin.com/in/thejacobkantor,https://www.linkedin.com/in/seanconnellx
Jacob Kantor,Sarah Cottinghatt,"2/7/26, 8:08 AM",,OUTGOING,https://www.linkedin.com/in/thejacobkantor,https://www.linkedin.com/in/sarah-cottinghatt-08a80533
Jacob Kantor,Dan Franks,"2/7/26, 8:08 AM",,OUTGOING,https://www.linkedin.com/in/thejacobkantor,https://www.linkedin.com/in/prof-dan-franks
Jacob Kantor,Angela O'Brien OBE FCCT,"2/7/26, 8:07 AM",,OUTGOING,https://www.linkedin.com/in/thejacobkantor,https://www.linkedin.com/in/angelaobrienobe
Jacob Kantor,Dr Keither Parker,"2/7/26, 8:06 AM",,OUTGOING,https://www.linkedin.com/in/thejacobkantor,https://www.linkedin.com/in/dr-keither-parker-272665152
Jacob Kantor,Dr Beth Lane,"2/7/26, 8:05 AM",,OUTGOING,https://www.linkedin.com/in/thejacobkantor,https://www.linkedin.com/in/dr-beth-lane
Jacob Kantor,Carrie Traill,"2/7/26, 8:04 AM",,OUTGOING,https://www.linkedin.com/in/thejacobkantor,https://www.linkedin.com/in/carrie-traill-38786b44
Jacob Kantor,Alex Zarifeh,"2/7/26, 8:03 AM",,OUTGOING,https://www.linkedin.com/in/thejacobkantor,https://www.linkedin.com/in/alex-zarifeh-275b81b5
Jacob Kantor,Jess Easton,"2/7/26, 8:03 AM",,OUTGOING,https://www.linkedin.com/in/thejacobkantor,https://www.linkedin.com/in/jess-easton
Jacob Kantor,Kelly Hannaghan,"2/7/26, 8:02 AM",,OUTGOING,https://www.linkedin.com/in/thejacobkantor,https://www.linkedin.com/in/kelly-hannaghan-a786a6164
Jacob Kantor,Kathleen O'Hare,"2/7/26, 8:01 AM",,OUTGOING,https://www.linkedin.com/in/thejacobkantor,https://www.linkedin.com/in/kathleen-o-hare-5b294519a
Jacob Kantor,Jamie Whiteside,"2/7/26, 8:01 AM",,OUTGOING,https://www.linkedin.com/in/thejacobkantor,https://www.linkedin.com/in/jamie-whiteside-81814318
Jacob Kantor,Rob Jamieson,"2/7/26, 8:01 AM",,OUTGOING,https://www.linkedin.com/in/thejacobkantor,https://www.linkedin.com/in/rob-jamieson-a807ab4
Jacob Kantor,Lisa Mendelow,"2/6/26, 10:22 AM",,OUTGOING,https://www.linkedin.com/in/thejacobkantor,https://www.linkedin.com/in/mendelow
Jacob Kantor,Jason E. Osborne,"2/6/26, 10:22 AM",,OUTGOING,https://www.linkedin.com/in/thejacobkantor,https://www.linkedin.com/in/jason-e-osborne
Jacob Kantor,Derek Abbring,"2/6/26, 10:21 AM",,OUTGOING,https://www.linkedin.com/in/thejacobkantor,https://www.linkedin.com/in/derekabbring
Jacob Kantor,Brandon Crist,"2/6/26, 10:20 AM",,OUTGOING,https://www.linkedin.com/in/thejacobkantor,https://www.linkedin.com/in/brandon-crist-12126869
Jacob Kantor,Divya Singh,"2/6/26, 7:07 AM",,OUTGOING,https://www.linkedin.com/in/thejacobkantor,https://www.linkedin.com/in/divya-singh-773346120
Jacob Kantor,"Max Ferguson, M. Ed.","2/5/26, 8:13 PM",,OUTGOING,https://www.linkedin.com/in/thejacobkantor,https://www.linkedin.com/in/max-ferguson-m-ed-07784b225
Jacob Kantor,Jennifer McCrory,"2/5/26, 6:35 PM",,OUTGOING,https://www.linkedin.com/in/thejacobkantor,https://www.linkedin.com/in/jennifer-mccrory-62ab4316a
Jacob Kantor,Katerina Finkelstein ,"2/5/26, 6:25 PM",,OUTGOING,https://www.linkedin.com/in/thejacobkantor,https://www.linkedin.com/in/kateshowcase
Jacob Kantor,Danielle Greenberg,"2/5/26, 3:39 PM",,OUTGOING,https://www.linkedin.com/in/thejacobkantor,https://www.linkedin.com/in/danielle-greenberg-a3105354
Jacob Kantor,Nicholas Wilson,"2/5/26, 3:35 PM",,OUTGOING,https://www.linkedin.com/in/thejacobkantor,https://www.linkedin.com/in/ncwilson78
Jacob Kantor,Jason Brigham,"2/5/26, 1:43 PM",,OUTGOING,https://www.linkedin.com/in/thejacobkantor,https://www.linkedin.com/in/jasonbrigham
Jacob Kantor,Alex Robertson,"2/5/26, 1:43 PM",,OUTGOING,https://www.linkedin.com/in/thejacobkantor,https://www.linkedin.com/in/alex-robertson-bab114a6
Jacob Kantor,Nichole Lucky,"2/5/26, 1:25 PM",,OUTGOING,https://www.linkedin.com/in/thejacobkantor,https://www.linkedin.com/in/nichole-lucky-a8634532a
Jacob Kantor,Jeremey Wooten,"2/5/26, 8:33 AM",,OUTGOING,https://www.linkedin.com/in/thejacobkantor,https://www.linkedin.com/in/jeremey-wooten-37240a3a8
Jacob Kantor,Lisa DeLapo,"2/5/26, 8:33 AM",,OUTGOING,https://www.linkedin.com/in/thejacobkantor,https://www.linkedin.com/in/lisadelapo
Jacob Kantor,Dr. Scott Spurgeon,"2/5/26, 8:33 AM",,OUTGOING,https://www.linkedin.com/in/thejacobkantor,https://www.linkedin.com/in/dr-scott-spurgeon-50a88631
Jacob Kantor,Dana  Roberts ,"2/4/26, 7:22 PM",,OUTGOING,https://www.linkedin.com/in/thejacobkantor,https://www.linkedin.com/in/danagreenroberts
Jacob Kantor,Ariel Ackermann,"2/4/26, 6:15 PM",,OUTGOING,https://www.linkedin.com/in/thejacobkantor,https://www.linkedin.com/in/afackermann
Jacob Kantor,James Kolb,"2/4/26, 8:44 AM",,OUTGOING,https://www.linkedin.com/in/thejacobkantor,https://www.linkedin.com/in/james-kolb-62b445324
Jacob Kantor,Philipp Schmidt,"2/4/26, 8:43 AM",See you next week at Stanford!,OUTGOING,https://www.linkedin.com/in/thejacobkantor,https://www.linkedin.com/in/schmidtjp
Jacob Kantor,Josh Eiland,"2/4/26, 8:42 AM",See you next week at Stanford!,OUTGOING,https://www.linkedin.com/in/thejacobkantor,https://www.linkedin.com/in/josh-eiland
Jacob Kantor,Reuben Thiessen,"2/4/26, 8:42 AM",See you next week at Stanford!,OUTGOING,https://www.linkedin.com/in/thejacobkantor,https://www.linkedin.com/in/reubenthiessen
Jacob Kantor,Maria Thereza Rios Hortencio,"2/4/26, 8:35 AM",,OUTGOING,https://www.linkedin.com/in/thejacobkantor,https://www.linkedin.com/in/mt-rios-hortencio
Jacob Kantor,Elizabeth Rood ,"2/4/26, 8:35 AM",See you next week at Stanford!,OUTGOING,https://www.linkedin.com/in/thejacobkantor,https://www.linkedin.com/in/learningdesignsconsulting
Jacob Kantor,"Michael Bloemsma, Ed.D.","2/4/26, 8:34 AM",See you next week at Stanford!,OUTGOING,https://www.linkedin.com/in/thejacobkantor,https://www.linkedin.com/in/michael-bloemsma
Jacob Kantor,Matt Stephenson,"2/4/26, 8:32 AM",See you next week at Stanford!,OUTGOING,https://www.linkedin.com/in/thejacobkantor,https://www.linkedin.com/in/matthewcstephenson
Jacob Kantor,Brandon Middleton,"2/4/26, 8:31 AM",See you next week at Stanford!,OUTGOING,https://www.linkedin.com/in/thejacobkantor,https://www.linkedin.com/in/brmiddle
Jacob Kantor,Lorne Rodriguez,"2/4/26, 8:29 AM",See you next week at Stanford!,OUTGOING,https://www.linkedin.com/in/thejacobkantor,https://www.linkedin.com/in/lornearodriguez
Jacob Kantor,Ted Lempert,"2/4/26, 8:26 AM",See you next week at Stanford!,OUTGOING,https://www.linkedin.com/in/thejacobkantor,https://www.linkedin.com/in/ted-lempert-b197696
Jacob Kantor,Douglas Kiang,"2/4/26, 8:24 AM",See you next week at Stanford!,OUTGOING,https://www.linkedin.com/in/thejacobkantor,https://www.linkedin.com/in/douglas-kiang
Jacob Kantor,Ahva Sadeghi,"2/3/26, 3:44 PM",,OUTGOING,https://www.linkedin.com/in/thejacobkantor,https://www.linkedin.com/in/ahvasadeghi
Jacob Kantor,Samyutha Ayalasomayajula,"2/3/26, 12:55 PM",,OUTGOING,https://www.linkedin.com/in/thejacobkantor,https://www.linkedin.com/in/samyutha-ayalasomayajula-1bb74a1b2
Jacob Kantor,Louisa Visco Dorado,"2/1/26, 8:24 PM",,OUTGOING,https://www.linkedin.com/in/thejacobkantor,https://www.linkedin.com/in/doradomarketing
Jacob Kantor,Colleen Potter,"2/1/26, 8:23 PM",,OUTGOING,https://www.linkedin.com/in/thejacobkantor,https://www.linkedin.com/in/colleenpotter
Jacob Kantor,Jennifer Huang,"2/1/26, 8:20 PM",,OUTGOING,https://www.linkedin.com/in/thejacobkantor,https://www.linkedin.com/in/jjenniferhuang
Jacob Kantor,Christine Griftner,"2/1/26, 8:15 PM",,OUTGOING,https://www.linkedin.com/in/thejacobkantor,https://www.linkedin.com/in/christine-griftner-2b6313
Jacob Kantor,Jennifer Ward-Brown,"2/1/26, 8:13 PM",,OUTGOING,https://www.linkedin.com/in/thejacobkantor,https://www.linkedin.com/in/jennwb
Jacob Kantor,Nils Lagerström,"2/1/26, 8:13 PM",,OUTGOING,https://www.linkedin.com/in/thejacobkantor,https://www.linkedin.com/in/nilslagerstrom
Jacob Kantor,Brandi Brown,"2/1/26, 8:12 PM",,OUTGOING,https://www.linkedin.com/in/thejacobkantor,https://www.linkedin.com/in/brandi-brown-b11b9585
Jacob Kantor,David Maynard,"2/1/26, 8:09 PM",,OUTGOING,https://www.linkedin.com/in/thejacobkantor,https://www.linkedin.com/in/david-maynard-6200a029
Jacob Kantor,Monica Pascoa,"2/1/26, 8:04 PM",,OUTGOING,https://www.linkedin.com/in/thejacobkantor,https://www.linkedin.com/in/monica-pascoa
Jacob Kantor,Mallory Dyer,"2/1/26, 8:02 PM",,OUTGOING,https://www.linkedin.com/in/thejacobkantor,https://www.linkedin.com/in/maldyer
Jacob Kantor,Susan S. Smith,"2/1/26, 8:00 PM",,OUTGOING,https://www.linkedin.com/in/thejacobkantor,https://www.linkedin.com/in/susan-s-smith-32040a1
Jacob Kantor,Page Mosley,"2/1/26, 7:59 PM",,OUTGOING,https://www.linkedin.com/in/thejacobkantor,https://www.linkedin.com/in/page-mosley-4974a8b3
Jacob Kantor,Dan Wolff,"2/1/26, 7:58 PM",,OUTGOING,https://www.linkedin.com/in/thejacobkantor,https://www.linkedin.com/in/dan-wolff-8b238b24a
Jacob Kantor,Mike M.,"2/1/26, 7:57 PM",,OUTGOING,https://www.linkedin.com/in/thejacobkantor,https://www.linkedin.com/in/mikefmonteiro
Jacob Kantor,James Dean,"2/1/26, 7:57 PM",,OUTGOING,https://www.linkedin.com/in/thejacobkantor,https://www.linkedin.com/in/jamesdeanfl
Jacob Kantor,Katey Wynneck,"2/1/26, 7:54 PM",,OUTGOING,https://www.linkedin.com/in/thejacobkantor,https://www.linkedin.com/in/kwynneck
Jacob Kantor,Tasha Rothert,"2/1/26, 7:51 PM",,OUTGOING,https://www.linkedin.com/in/thejacobkantor,https://www.linkedin.com/in/tasha-rothert-a0168a282
Jacob Kantor,Deborah Trask,"2/1/26, 7:47 PM",,OUTGOING,https://www.linkedin.com/in/thejacobkantor,https://www.linkedin.com/in/deborah-traskfl
Jacob Kantor,Paul Hunter,"2/1/26, 5:51 PM",,OUTGOING,https://www.linkedin.com/in/thejacobkantor,https://www.linkedin.com/in/paul-hunter-0226a021a
Jacob Kantor,Suzanne E Carlson,"1/30/26, 10:53 AM",,OUTGOING,https://www.linkedin.com/in/thejacobkantor,https://www.linkedin.com/in/suzanne-e-carlson-513957291
Jacob Kantor,Lynn Ahlquist,"1/30/26, 10:52 AM",,OUTGOING,https://www.linkedin.com/in/thejacobkantor,https://www.linkedin.com/in/lynn-ahlquist-0052a771
Jacob Kantor,James Koch,"1/30/26, 9:31 AM",,OUTGOING,https://www.linkedin.com/in/thejacobkantor,https://www.linkedin.com/in/jameskochpdx
Jacob Kantor,Dr. Angela Obenchain,"1/30/26, 7:15 AM",,OUTGOING,https://www.linkedin.com/in/thejacobkantor,https://www.linkedin.com/in/dr-angela-obenchain-11471486
Jacob Kantor,Jackson Edwards,"1/30/26, 6:57 AM",,OUTGOING,https://www.linkedin.com/in/thejacobkantor,https://www.linkedin.com/in/jacksonedwards
Jacob Kantor,Joanna Chin,"2/20/26, 7:32 AM",,OUTGOING,https://www.linkedin.com/in/thejacobkantor,https://www.linkedin.com/in/joanna-chin-84503670
Jacob Kantor,Nicole Jarbo,"1/29/26, 1:29 PM",,OUTGOING,https://www.linkedin.com/in/thejacobkantor,https://www.linkedin.com/in/nicolejarbo
Jacob Kantor,Valerie Singer,"1/29/26, 10:44 AM",,OUTGOING,https://www.linkedin.com/in/thejacobkantor,https://www.linkedin.com/in/tovaleriesinger
Jacob Kantor,Cassandra Kounas,"1/28/26, 3:22 PM",,OUTGOING,https://www.linkedin.com/in/thejacobkantor,https://www.linkedin.com/in/cassandra-kounas-a81118382
Jacob Kantor,"Elida Garcia-Harris, Ed.D.","1/28/26, 11:55 AM",,OUTGOING,https://www.linkedin.com/in/thejacobkantor,https://www.linkedin.com/in/elida-garcia-harris-ed-d-9818577
Jacob Kantor,Dr. Rashitta Brown-Elize,"1/28/26, 11:55 AM",,OUTGOING,https://www.linkedin.com/in/thejacobkantor,https://www.linkedin.com/in/dr-rashitta-brown-elize-76449251
Jacob Kantor,"Wendy Gray Morales, Ed.D.","1/28/26, 11:55 AM",,OUTGOING,https://www.linkedin.com/in/thejacobkantor,https://www.linkedin.com/in/wendy-gray-morales-ed-d-39050a97
Jacob Kantor,Dr. Kimberlee Armstrong,"1/28/26, 11:55 AM",,OUTGOING,https://www.linkedin.com/in/thejacobkantor,https://www.linkedin.com/in/dr-kimberlee-armstrong-88172412
Jacob Kantor,J. Lacey Merrifield,"1/27/26, 7:16 AM",,OUTGOING,https://www.linkedin.com/in/thejacobkantor,https://www.linkedin.com/in/j-lacey-merrifield-438ab217b
Jacob Kantor,Lee Wang,"1/26/26, 11:48 AM",,OUTGOING,https://www.linkedin.com/in/thejacobkantor,https://www.linkedin.com/in/leewang1
Jacob Kantor,Samantha Kim,"1/26/26, 11:36 AM",,OUTGOING,https://www.linkedin.com/in/thejacobkantor,https://www.linkedin.com/in/samantha-y-kim
Jacob Kantor,Beau Bollier,"1/26/26, 9:02 AM",,OUTGOING,https://www.linkedin.com/in/thejacobkantor,https://www.linkedin.com/in/beau-bollier
Jacob Kantor,Michelle Sanches (she/her/hers),"1/25/26, 7:54 PM",,OUTGOING,https://www.linkedin.com/in/thejacobkantor,https://www.linkedin.com/in/michellecarolinasanches
Jacob Kantor,Ana León Santos,"1/25/26, 7:53 PM",,OUTGOING,https://www.linkedin.com/in/thejacobkantor,https://www.linkedin.com/in/aleon2
Jacob Kantor,Eddy Ramirez,"1/25/26, 7:53 PM",,OUTGOING,https://www.linkedin.com/in/thejacobkantor,https://www.linkedin.com/in/eddygramirez
Jacob Kantor,Debbra Lindo,"1/25/26, 7:53 PM",,OUTGOING,https://www.linkedin.com/in/thejacobkantor,https://www.linkedin.com/in/debbra-lindo-74982a119
Jacob Kantor,Ariana Valenzuela,"1/25/26, 7:53 PM",,OUTGOING,https://www.linkedin.com/in/thejacobkantor,https://www.linkedin.com/in/ariana-sherman-valenzuela
Jacob Kantor,Erin Stark,"1/25/26, 7:53 PM",,OUTGOING,https://www.linkedin.com/in/thejacobkantor,https://www.linkedin.com/in/erin-stark-01481098
Jacob Kantor,Maris Yanow,"1/25/26, 7:45 AM",,OUTGOING,https://www.linkedin.com/in/thejacobkantor,https://www.linkedin.com/in/maris-yanow-62974a2b
Jacob Kantor,Chuck Amos,"1/25/26, 7:45 AM",,OUTGOING,https://www.linkedin.com/in/thejacobkantor,https://www.linkedin.com/in/chuck-a-49b348
Jacob Kantor,Rachel Schweiger,"1/23/26, 8:32 AM",,OUTGOING,https://www.linkedin.com/in/thejacobkantor,https://www.linkedin.com/in/rachelschweiger
Jacob Kantor,Janeen McCullough,"1/23/26, 8:32 AM",,OUTGOING,https://www.linkedin.com/in/thejacobkantor,https://www.linkedin.com/in/janeenmccullough
Jacob Kantor,Aidan Lynch,"1/22/26, 7:30 PM",,OUTGOING,https://www.linkedin.com/in/thejacobkantor,https://www.linkedin.com/in/aidan-lynch-071aa1159
Jacob Kantor,Argie Canonayon,"1/22/26, 7:30 PM",,OUTGOING,https://www.linkedin.com/in/thejacobkantor,https://www.linkedin.com/in/argie-canonayon-3b8b3a358
Jacob Kantor,Benjamin Foley,"1/22/26, 1:06 PM",,OUTGOING,https://www.linkedin.com/in/thejacobkantor,https://www.linkedin.com/in/benjamin-foley
Jacob Kantor,Justin Haydt,"1/22/26, 1:05 PM",,OUTGOING,https://www.linkedin.com/in/thejacobkantor,https://www.linkedin.com/in/justin-haydt
Jacob Kantor,Brian Ninh,"1/22/26, 5:52 AM",,OUTGOING,https://www.linkedin.com/in/thejacobkantor,https://www.linkedin.com/in/brianninh
Jacob Kantor,Addison Davis,"1/21/26, 10:13 AM",,OUTGOING,https://www.linkedin.com/in/thejacobkantor,https://www.linkedin.com/in/addison-davis-5483b7293
Jacob Kantor,Patrick Finley,"1/19/26, 6:53 PM",,OUTGOING,https://www.linkedin.com/in/thejacobkantor,https://www.linkedin.com/in/patrickfinley5
Jacob Kantor,"Jose L. Dotres, Ed.D.","1/19/26, 6:44 PM",,OUTGOING,https://www.linkedin.com/in/thejacobkantor,https://www.linkedin.com/in/jose-l-dotres-ed-d-3a39776b
Jacob Kantor,Mary Fiance,"1/18/26, 3:49 PM",,OUTGOING,https://www.linkedin.com/in/thejacobkantor,https://www.linkedin.com/in/maryfiance
Jacob Kantor,Matthew Pini,"1/18/26, 7:32 AM",,OUTGOING,https://www.linkedin.com/in/thejacobkantor,https://www.linkedin.com/in/matthew-pini-07136490
Jacob Kantor,Jeff Sparks,"1/15/26, 9:38 PM",,OUTGOING,https://www.linkedin.com/in/thejacobkantor,https://www.linkedin.com/in/jeff-sparks-11516a134
Jacob Kantor,Adarsh Anumalasetty,"1/14/26, 8:06 PM",,OUTGOING,https://www.linkedin.com/in/thejacobkantor,https://www.linkedin.com/in/adarshsetty
Jacob Kantor,Dylon Walker ,"1/13/26, 10:20 PM",,OUTGOING,https://www.linkedin.com/in/thejacobkantor,https://www.linkedin.com/in/dylonwalker
Jacob Kantor,Anya Ozmen,"1/6/26, 6:44 AM",,OUTGOING,https://www.linkedin.com/in/thejacobkantor,https://www.linkedin.com/in/anyakaryaozmen
Jacob Kantor,Shira Moskovitz,"1/4/26, 10:24 PM",,OUTGOING,https://www.linkedin.com/in/thejacobkantor,https://www.linkedin.com/in/shiramoskovitz
Jacob Kantor,Chris Bronis,"1/1/26, 9:10 PM",,OUTGOING,https://www.linkedin.com/in/thejacobkantor,https://www.linkedin.com/in/chris-bronis-5769122
Jacob Kantor,Nolan Bushnell,"1/1/26, 6:23 PM",,OUTGOING,https://www.linkedin.com/in/thejacobkantor,https://www.linkedin.com/in/nolanbushnell
Jacob Kantor,Nate Sanders,"1/1/26, 4:40 PM",,OUTGOING,https://www.linkedin.com/in/thejacobkantor,https://www.linkedin.com/in/nlsanders
Jacob Kantor,Brent Stehlik,"12/20/25, 12:48 PM",,OUTGOING,https://www.linkedin.com/in/thejacobkantor,https://www.linkedin.com/in/brentstehlik
Jacob Kantor,Julia Gierasimow,"12/20/25, 12:48 PM",,OUTGOING,https://www.linkedin.com/in/thejacobkantor,https://www.linkedin.com/in/juliagierasimow
Jacob Kantor,Robert Stager,"12/20/25, 12:44 PM",,OUTGOING,https://www.linkedin.com/in/thejacobkantor,https://www.linkedin.com/in/robert-stager-b7b0627a
Jacob Kantor,Matt Webster,"12/18/25, 12:55 PM",,OUTGOING,https://www.linkedin.com/in/thejacobkantor,https://www.linkedin.com/in/matt-webster-tech
Jacob Kantor,Lauren Altman,"12/18/25, 12:52 PM",,OUTGOING,https://www.linkedin.com/in/thejacobkantor,https://www.linkedin.com/in/altmanlauren
Jacob Kantor,"Bre Urness-Straight, M.Ed.","12/17/25, 10:51 PM",,OUTGOING,https://www.linkedin.com/in/thejacobkantor,https://www.linkedin.com/in/breurnessstraight
Jacob Kantor,Josh Blumberg,"12/17/25, 10:49 PM",,OUTGOING,https://www.linkedin.com/in/thejacobkantor,https://www.linkedin.com/in/josh-w-blumberg
Jacob Kantor,"Anna Nolan - BA, SLPA","12/16/25, 6:20 PM",,OUTGOING,https://www.linkedin.com/in/thejacobkantor,https://www.linkedin.com/in/anna-nolan-ba-slpa-a057b875
Jacob Kantor,Sophia Priest,"12/10/25, 8:16 PM",Excited to hang at FETC,OUTGOING,https://www.linkedin.com/in/thejacobkantor,https://www.linkedin.com/in/sophia-priest-1a4270230
Jacob Kantor,Scott Simon,"12/10/25, 5:31 PM",,OUTGOING,https://www.linkedin.com/in/thejacobkantor,https://www.linkedin.com/in/scsimon
Jacob Kantor,Dawn Truncale,"12/8/25, 5:49 PM",,OUTGOING,https://www.linkedin.com/in/thejacobkantor,https://www.linkedin.com/in/dawn-truncale-3b50271b5
Jacob Kantor,Erika Sandstrom ,"12/6/25, 7:36 PM",Excited to hang at FETC,OUTGOING,https://www.linkedin.com/in/thejacobkantor,https://www.linkedin.com/in/erikaleeasandstrom
Jacob Kantor,Ben Sondgeroth,"12/6/25, 7:25 PM",Excited to hang at FETC,OUTGOING,https://www.linkedin.com/in/thejacobkantor,https://www.linkedin.com/in/ben-sondgeroth-35733387
Jacob Kantor,John Connolly,"12/6/25, 7:09 PM",Excited to hang at FETC,OUTGOING,https://www.linkedin.com/in/thejacobkantor,https://www.linkedin.com/in/john-connolly-b773954
Jacob Kantor,Lisa Lee,"12/6/25, 7:06 PM",Excited to hang at FETC,OUTGOING,https://www.linkedin.com/in/thejacobkantor,https://www.linkedin.com/in/lisa-lee-ab587877
Jacob Kantor,Martha Basulto,"12/6/25, 7:04 PM",Excited to hang at FETC,OUTGOING,https://www.linkedin.com/in/thejacobkantor,https://www.linkedin.com/in/martha-basulto-314731197
Jacob Kantor,Dr. Laura Williams,"12/6/25, 6:46 PM",Excited to hang at FETC,OUTGOING,https://www.linkedin.com/in/thejacobkantor,https://www.linkedin.com/in/mrswilliams21c
Jacob Kantor,Shailendra Dhakad,"12/5/25, 7:22 PM",,OUTGOING,https://www.linkedin.com/in/thejacobkantor,https://www.linkedin.com/in/shailendra-dhakad-71b301199
Jacob Kantor,"Patricia Salazar, Ed.D.","4/28/26, 11:30 AM",,OUTGOING,https://www.linkedin.com/in/thejacobkantor,https://www.linkedin.com/in/patriciasalazar27
Jacob Kantor,Bhavna Narula,"12/3/25, 10:15 AM",,OUTGOING,https://www.linkedin.com/in/thejacobkantor,https://www.linkedin.com/in/bhavnanarula
Jacob Kantor,"Tracie Tagamolila- Noriega, Ed.D.","11/24/25, 3:40 PM",,OUTGOING,https://www.linkedin.com/in/thejacobkantor,https://www.linkedin.com/in/tracie-tagamolila-noriega-ed-d-362672a3
Jacob Kantor,JUAN GUTIERREZ,"11/24/25, 1:23 PM",,OUTGOING,https://www.linkedin.com/in/thejacobkantor,https://www.linkedin.com/in/juan-gutierrez-585254263
Jacob Kantor,Madison Powers,"11/23/25, 5:56 PM",,OUTGOING,https://www.linkedin.com/in/thejacobkantor,https://www.linkedin.com/in/madisonrosspowers
Jacob Kantor,Dimple Chhabria,"11/23/25, 5:56 PM",,OUTGOING,https://www.linkedin.com/in/thejacobkantor,https://www.linkedin.com/in/dimple-chhabria
Jacob Kantor,Matthew Kamien,"11/21/25, 1:39 PM",,OUTGOING,https://www.linkedin.com/in/thejacobkantor,https://www.linkedin.com/in/matthew-kamien-b12903a6
Jacob Kantor,Michael Bruder,"11/21/25, 7:21 AM",,OUTGOING,https://www.linkedin.com/in/thejacobkantor,https://www.linkedin.com/in/michael-bruder-057b93132
Jacob Kantor,"Kristine Michael, Ed.D.","11/20/25, 5:12 PM",,OUTGOING,https://www.linkedin.com/in/thejacobkantor,https://www.linkedin.com/in/kristine-m-a6b1ab5b
Jacob Kantor,Mia Gokce Tombul,"11/18/25, 11:17 AM",,OUTGOING,https://www.linkedin.com/in/thejacobkantor,https://www.linkedin.com/in/gokcecozen
Jacob Kantor,Rodel Tubongbanua,"2/5/26, 3:38 PM",,OUTGOING,https://www.linkedin.com/in/thejacobkantor,https://www.linkedin.com/in/rodel-tubongbanua-72339a283
Jacob Kantor,Oscar Lopez (SHRM-CP),"11/7/25, 8:30 AM",,OUTGOING,https://www.linkedin.com/in/thejacobkantor,https://www.linkedin.com/in/orl-hrm
Jacob Kantor,Torin Ellis,"10/30/25, 11:48 AM",,OUTGOING,https://www.linkedin.com/in/thejacobkantor,https://www.linkedin.com/in/torinellis
Jacob Kantor,"Somak Pati, CFA","10/27/25, 2:38 PM",Thanks for coming to our edtech week session! Hope it was useful of your time!,OUTGOING,https://www.linkedin.com/in/thejacobkantor,https://www.linkedin.com/in/somakp
Jacob Kantor,Philemon Burney,"10/24/25, 4:48 PM",,OUTGOING,https://www.linkedin.com/in/thejacobkantor,https://www.linkedin.com/in/philemonburney
Jacob Kantor,"Conrad Fried, CPA","10/24/25, 10:18 AM",,OUTGOING,https://www.linkedin.com/in/thejacobkantor,https://www.linkedin.com/in/conradfriedcpa
Jacob Kantor,Alan Canzano,"10/23/25, 3:23 AM",,OUTGOING,https://www.linkedin.com/in/thejacobkantor,https://www.linkedin.com/in/alan-canzano
Jacob Kantor,Abbe Cart,"10/15/25, 8:24 AM",,OUTGOING,https://www.linkedin.com/in/thejacobkantor,https://www.linkedin.com/in/abbecart
Jacob Kantor,Elizabeth Thomas-Cappello,"10/14/25, 10:11 AM",Excited to hang at EDTECH week in nyc,OUTGOING,https://www.linkedin.com/in/thejacobkantor,https://www.linkedin.com/in/elizabeth-thomascappello
Jacob Kantor,"Matthew Vaughan, Ph.D.","10/14/25, 10:10 AM",Excited to hang at EDTECH week in nyc,OUTGOING,https://www.linkedin.com/in/thejacobkantor,https://www.linkedin.com/in/matthew-vaughan-ph-d-4521a135
Jacob Kantor,Jennifer Wright,"10/14/25, 10:08 AM",Excited to hang at EDTECH week in nyc,OUTGOING,https://www.linkedin.com/in/thejacobkantor,https://www.linkedin.com/in/jennifer-wright-093a812a7
Jacob Kantor,Wai Phyo,"10/14/25, 9:42 AM",Excited to hang at EDTECH week in nyc,OUTGOING,https://www.linkedin.com/in/thejacobkantor,https://www.linkedin.com/in/wai-phyo-9112ab69
Jacob Kantor,Dr. Marissa McDaniel-Francis,"10/14/25, 9:33 AM",Excited to hang at EDTECH week in nyc,OUTGOING,https://www.linkedin.com/in/thejacobkantor,https://www.linkedin.com/in/mmcdaniel-francis
Jacob Kantor,Nicole Limperopulos,"10/14/25, 7:51 AM",,OUTGOING,https://www.linkedin.com/in/thejacobkantor,https://www.linkedin.com/in/nicole-limperopulos
Jacob Kantor,Boris Khmelnitskiy,"10/14/25, 7:43 AM",,OUTGOING,https://www.linkedin.com/in/thejacobkantor,https://www.linkedin.com/in/boris-khmelnitskiy
Jacob Kantor,Marc Khamis,"10/14/25, 7:42 AM",,OUTGOING,https://www.linkedin.com/in/thejacobkantor,https://www.linkedin.com/in/marckhamis
Jacob Kantor,Chayne Turano,"10/8/25, 12:08 PM",Excited to hang at ed tech week!,OUTGOING,https://www.linkedin.com/in/thejacobkantor,https://www.linkedin.com/in/chayne-turano-a15187261
Jacob Kantor,Jonathan Olshock,"10/7/25, 8:55 PM",Excited to hang in NYC at ed tech week!,OUTGOING,https://www.linkedin.com/in/thejacobkantor,https://www.linkedin.com/in/jonathan-olshock-5bbb4a15
Jacob Kantor,Matthew Cohen,"3/8/26, 9:30 PM",,OUTGOING,https://www.linkedin.com/in/thejacobkantor,https://www.linkedin.com/in/cohen
Jacob Kantor,"Constantino Aguilar, EdD","10/5/25, 10:27 PM",,OUTGOING,https://www.linkedin.com/in/thejacobkantor,https://www.linkedin.com/in/constantino-aguilar-edd-8864b77b
Jacob Kantor,Stefan Youngblood,"10/5/25, 7:57 PM",,OUTGOING,https://www.linkedin.com/in/thejacobkantor,https://www.linkedin.com/in/stefanyoungblood
Jacob Kantor,Steven Shapiro,"9/30/25, 9:06 AM",,OUTGOING,https://www.linkedin.com/in/thejacobkantor,https://www.linkedin.com/in/stevenshapirocsg
Jacob Kantor,Cody Pruitt,"9/29/25, 8:07 AM",,OUTGOING,https://www.linkedin.com/in/thejacobkantor,https://www.linkedin.com/in/cody-pruitt-925635141
Jacob Kantor,Cara Kern,"9/21/25, 6:05 PM",,OUTGOING,https://www.linkedin.com/in/thejacobkantor,https://www.linkedin.com/in/cara-k-6936521a3
Jacob Kantor,Bob Brauneisen,"9/19/25, 7:12 AM",,OUTGOING,https://www.linkedin.com/in/thejacobkantor,https://www.linkedin.com/in/bob-brauneisen-b77545103
Jacob Kantor,Eduardo A. Caballero,"9/15/25, 7:24 PM",,OUTGOING,https://www.linkedin.com/in/thejacobkantor,https://www.linkedin.com/in/eduardoacaballero
Jacob Kantor,Jessica Rowley,"9/15/25, 10:52 AM",,OUTGOING,https://www.linkedin.com/in/thejacobkantor,https://www.linkedin.com/in/jessrowley88
Jacob Kantor,"Alma Perez, MBA","9/10/25, 7:02 AM",,OUTGOING,https://www.linkedin.com/in/thejacobkantor,https://www.linkedin.com/in/alma-perez
Jacob Kantor,Tom Sayer,"9/8/25, 7:39 AM",,OUTGOING,https://www.linkedin.com/in/thejacobkantor,https://www.linkedin.com/in/tom-sayer
Jacob Kantor,Rick Gaisford,"9/7/25, 7:08 PM",Excited to learn from you at NREA,OUTGOING,https://www.linkedin.com/in/thejacobkantor,https://www.linkedin.com/in/rgaisford
Jacob Kantor,Rachel Leifer,"9/3/25, 7:25 PM",Look forward to being at ed tech week with you next month.,OUTGOING,https://www.linkedin.com/in/thejacobkantor,https://www.linkedin.com/in/rachel-leifer-497957b6
Joshua Gagnier,Jacob Kantor,"8/4/26, 7:56 AM",,INCOMING,https://www.linkedin.com/in/gagnierjoshua,https://www.linkedin.com/in/thejacobkantor
"Bill Sodeman, Ph.D., MBA",Jacob Kantor,"8/4/26, 2:21 AM","Hi Jacob,  I’d like to be part of your network here on LinkedIn and stay in touch to give value to each other if you’re open to it.  Thanks - Bill",INCOMING,https://www.linkedin.com/in/billsodeman,https://www.linkedin.com/in/thejacobkantor
"Allen Tien, MD, MHS",Jacob Kantor,"8/3/26, 7:24 PM",,INCOMING,https://www.linkedin.com/in/allentien,https://www.linkedin.com/in/thejacobkantor
Jake Burhans,Jacob Kantor,"8/3/26, 4:05 PM","Hey Jacob, just came across your profile. Looks like you’re building some great things in the education, sales, and business development space! Thought I’d reach out and connect.  ",INCOMING,https://www.linkedin.com/in/jake-burhans,https://www.linkedin.com/in/thejacobkantor
Morgan  Thomas Murtha MBA,Jacob Kantor,"8/3/26, 2:27 PM",,INCOMING,https://www.linkedin.com/in/morganthomasagency,https://www.linkedin.com/in/thejacobkantor
Cacica Checco,Jacob Kantor,"8/3/26, 10:15 AM",,INCOMING,https://www.linkedin.com/in/cacicachecco,https://www.linkedin.com/in/thejacobkantor
Dominic Frisina,Jacob Kantor,"8/3/26, 7:53 AM",,INCOMING,https://www.linkedin.com/in/dominic-frisina-24350750,https://www.linkedin.com/in/thejacobkantor
PARTH CHATURVEDI,Jacob Kantor,"8/3/26, 7:42 AM",,INCOMING,https://www.linkedin.com/in/parth-chaturvedi-1764477a,https://www.linkedin.com/in/thejacobkantor
Tahir Karim,Jacob Kantor,"8/3/26, 4:36 AM",,INCOMING,https://www.linkedin.com/in/tahir-karim-01296ba8,https://www.linkedin.com/in/thejacobkantor
Tanujaa Hemakumar,Jacob Kantor,"8/2/26, 11:09 PM",,INCOMING,https://www.linkedin.com/in/tanujaa-hemakumar-942755215,https://www.linkedin.com/in/thejacobkantor
"Nikki Nickelman, M.Ed.",Jacob Kantor,"8/2/26, 11:59 AM",,INCOMING,https://www.linkedin.com/in/nicole-nickelman,https://www.linkedin.com/in/thejacobkantor
Jacquelynn Crabtree,Jacob Kantor,"8/2/26, 11:08 AM",,INCOMING,https://www.linkedin.com/in/jacquelynn-crabtree-57805523,https://www.linkedin.com/in/thejacobkantor
Katie Mathias,Jacob Kantor,"8/2/26, 8:57 AM",,INCOMING,https://www.linkedin.com/in/katiemathias,https://www.linkedin.com/in/thejacobkantor
Vicky Kuang,Jacob Kantor,"8/1/26, 5:11 PM",,INCOMING,https://www.linkedin.com/in/vicky-kuang-42229740,https://www.linkedin.com/in/thejacobkantor
"Joan McGettigan, Ed.D.",Jacob Kantor,"8/1/26, 3:58 PM",,INCOMING,https://www.linkedin.com/in/drjoanmcgettigan,https://www.linkedin.com/in/thejacobkantor
"Scott D. Hayes, Ed.D.",Jacob Kantor,"8/1/26, 11:22 AM",,INCOMING,https://www.linkedin.com/in/drscotthayes,https://www.linkedin.com/in/thejacobkantor
Arda Anil Boz,Jacob Kantor,"8/1/26, 8:46 AM",,INCOMING,https://www.linkedin.com/in/arda-anil-boz,https://www.linkedin.com/in/thejacobkantor
Alper Acar,Jacob Kantor,"8/1/26, 7:45 AM",,INCOMING,https://www.linkedin.com/in/alperacar751,https://www.linkedin.com/in/thejacobkantor
Adam Nguyen,Jacob Kantor,"8/1/26, 7:20 AM",,INCOMING,https://www.linkedin.com/in/adam-thien-nguyen,https://www.linkedin.com/in/thejacobkantor
José Magaña,Jacob Kantor,"7/31/26, 8:20 PM",,INCOMING,https://www.linkedin.com/in/josemagana11,https://www.linkedin.com/in/thejacobkantor
Nandhini Miryala,Jacob Kantor,"7/31/26, 7:50 PM",,INCOMING,https://www.linkedin.com/in/nandhini-miryala,https://www.linkedin.com/in/thejacobkantor
Karim Leil,Jacob Kantor,"7/31/26, 7:26 PM",,INCOMING,https://www.linkedin.com/in/leilnahari,https://www.linkedin.com/in/thejacobkantor
"Dayna Laur, Ed.D.",Jacob Kantor,"7/31/26, 4:20 PM",,INCOMING,https://www.linkedin.com/in/dayna-laur-ed-d-64188226,https://www.linkedin.com/in/thejacobkantor
"Kyle Morin, MPA",Jacob Kantor,"7/31/26, 7:34 AM",,INCOMING,https://www.linkedin.com/in/kyle-morin-mpa-42830a14,https://www.linkedin.com/in/thejacobkantor
Scott Noon,Jacob Kantor,"7/31/26, 7:01 AM",,INCOMING,https://www.linkedin.com/in/scottnoon,https://www.linkedin.com/in/thejacobkantor
Adam David,Jacob Kantor,"7/30/26, 8:29 PM",,INCOMING,https://www.linkedin.com/in/adam-david-2586831b7,https://www.linkedin.com/in/thejacobkantor
Jorgelina Buacar,Jacob Kantor,"7/30/26, 11:36 AM",,INCOMING,https://www.linkedin.com/in/english-spanish-medical-it-education-translator,https://www.linkedin.com/in/thejacobkantor
Aahil Valliani,Jacob Kantor,"7/30/26, 10:43 AM",,INCOMING,https://www.linkedin.com/in/aahil-valliani,https://www.linkedin.com/in/thejacobkantor
Jacob Powell,Jacob Kantor,"7/30/26, 8:08 AM","Hi Jacob - I'm a direct hard money lender (Park Place Finance) working with investors on fix & flip, bridge, ground-up construction, and rental/DSCR financing nationwide. Always good to connect with active investors in the space — open to a quick intro? Would love to be a resource for you!  ",INCOMING,https://www.linkedin.com/in/jacob-powell-7b5142252,https://www.linkedin.com/in/thejacobkantor
Dmitrii Martynov,Jacob Kantor,"7/30/26, 7:41 AM","Hi Jacob, I'm Dmitrii, co-founder and AI architect at Stemar. We build production-grade systems for enterprise RAG, multi-agent workflows, and secure LLM infrastructure. Noticed your AI literacy work—would be good to connect.",INCOMING,https://www.linkedin.com/in/dmitrii-martynov,https://www.linkedin.com/in/thejacobkantor
"Tim Martin II, CFP®",Jacob Kantor,"7/30/26, 6:11 AM","Hey Jacob, saw you recently made a career move, congrats. I work with professionals during transitions and thought it made sense to connect.",INCOMING,https://www.linkedin.com/in/tim-martin-ii-cfp®-b7a0791a5,https://www.linkedin.com/in/thejacobkantor
Alen John,Jacob Kantor,"7/30/26, 6:04 AM",,INCOMING,https://www.linkedin.com/in/alen-john-38681b380,https://www.linkedin.com/in/thejacobkantor
Kam Alison,Jacob Kantor,"7/30/26, 5:00 AM",,INCOMING,https://www.linkedin.com/in/kam-alison-5033b6311,https://www.linkedin.com/in/thejacobkantor
Peter Murphy,Jacob Kantor,"7/30/26, 3:37 AM",,INCOMING,https://www.linkedin.com/in/petermurphympa,https://www.linkedin.com/in/thejacobkantor
Kate Olexienko,Jacob Kantor,"7/30/26, 2:15 AM",,INCOMING,https://www.linkedin.com/in/kate-olexienko,https://www.linkedin.com/in/thejacobkantor
Lucy Koleva,Jacob Kantor,"7/30/26, 1:11 AM",,INCOMING,https://www.linkedin.com/in/lucykoleva,https://www.linkedin.com/in/thejacobkantor
Chang Su,Jacob Kantor,"7/29/26, 9:17 PM",,INCOMING,https://www.linkedin.com/in/changsu-maplespark,https://www.linkedin.com/in/thejacobkantor
Madison Knox,Jacob Kantor,"7/29/26, 5:50 PM",,INCOMING,https://www.linkedin.com/in/madison-knox-8a1504137,https://www.linkedin.com/in/thejacobkantor
Mark Bakken,Jacob Kantor,"7/29/26, 9:17 AM",,INCOMING,https://www.linkedin.com/in/markbakken,https://www.linkedin.com/in/thejacobkantor
Steven Perchikov,Jacob Kantor,"7/28/26, 3:59 PM",,INCOMING,https://www.linkedin.com/in/steven-perchikov-9217529,https://www.linkedin.com/in/thejacobkantor
"Jonathan Norris, MFA",Jacob Kantor,"7/28/26, 12:48 PM",,INCOMING,https://www.linkedin.com/in/jon-nor,https://www.linkedin.com/in/thejacobkantor
Baguma Willy,Jacob Kantor,"7/28/26, 12:11 PM",,INCOMING,https://www.linkedin.com/in/baguma-willy-468735229,https://www.linkedin.com/in/thejacobkantor
"Hubert Hirwa, Ph.D.",Jacob Kantor,"7/28/26, 11:55 AM",,INCOMING,https://www.linkedin.com/in/hubert-hirwa-ph-d-08228b94,https://www.linkedin.com/in/thejacobkantor
Sam Taylor,Jacob Kantor,"7/28/26, 11:29 AM",,INCOMING,https://www.linkedin.com/in/sam-taylor-761190152,https://www.linkedin.com/in/thejacobkantor
Travis Broome,Jacob Kantor,"7/28/26, 11:13 AM",,INCOMING,https://www.linkedin.com/in/travis-broome-a1044332,https://www.linkedin.com/in/thejacobkantor
Mrityunjay Thakur,Jacob Kantor,"7/28/26, 11:07 AM",,INCOMING,https://www.linkedin.com/in/mrityunjay-t-273b64a1,https://www.linkedin.com/in/thejacobkantor
Andy Schneider,Jacob Kantor,"7/28/26, 10:28 AM",Saw you were in edtech and located out of Cali so I wanted to connect. Would love the chance to chat if you are open to it?,INCOMING,https://www.linkedin.com/in/aschneids,https://www.linkedin.com/in/thejacobkantor
Amanda Rush,Jacob Kantor,"7/28/26, 6:55 AM",,INCOMING,https://www.linkedin.com/in/rushdigitalmarketing,https://www.linkedin.com/in/thejacobkantor
"Tom Tafoya                      MS, MBA, CPA ",Jacob Kantor,"7/28/26, 6:54 AM","Great article would love to share our online purchasing to simplify purchasing for schools, Tom",INCOMING,https://www.linkedin.com/in/tomtafoya,https://www.linkedin.com/in/thejacobkantor
Vinod Pandey,Jacob Kantor,"7/28/26, 4:15 AM",,INCOMING,https://www.linkedin.com/in/vinod-pandey-dimentics,https://www.linkedin.com/in/thejacobkantor
David Henderson 👋,Jacob Kantor,"7/28/26, 3:33 AM","Hey Jacob,  I'd love to connect. I'm David, CEO of creative branding agency, DHD (www.wearedhd.com), based in Northern Ireland.  How's 2026 started for you and the team?",INCOMING,https://www.linkedin.com/in/davidhenderson-dhd,https://www.linkedin.com/in/thejacobkantor
"Charmie Curry, EdD",Jacob Kantor,"7/27/26, 5:19 PM",,INCOMING,https://www.linkedin.com/in/charmie-curry-edd-b2a7346,https://www.linkedin.com/in/thejacobkantor
Allie Disken,Jacob Kantor,"7/27/26, 3:03 PM","Jacob, would love to connect. I also am focused on the PE world, supporting as a fractional CCO and also lean in heavily on strategic alignment at a C-suite level.   Based in Denver, also juggle being a twin mom and Board member for a local Cancer nonprofit.",INCOMING,https://www.linkedin.com/in/allie-disken,https://www.linkedin.com/in/thejacobkantor
Nicholas LaPoma,Jacob Kantor,"7/27/26, 2:03 PM",,INCOMING,https://www.linkedin.com/in/nickthetutor,https://www.linkedin.com/in/thejacobkantor
Mark Picardo,Jacob Kantor,"7/27/26, 12:56 PM",,INCOMING,https://www.linkedin.com/in/mpicardo41,https://www.linkedin.com/in/thejacobkantor
"Susan Mayberry Hogan, M.Ed.",Jacob Kantor,"7/27/26, 11:30 AM",,INCOMING,https://www.linkedin.com/in/susan-mayberry-hogan-m-ed-23231621b,https://www.linkedin.com/in/thejacobkantor
Phil Terra,Jacob Kantor,"7/27/26, 9:42 AM",,INCOMING,https://www.linkedin.com/in/phil-terra,https://www.linkedin.com/in/thejacobkantor
Ian Petersen,Jacob Kantor,"7/27/26, 8:30 AM",,INCOMING,https://www.linkedin.com/in/impetersen,https://www.linkedin.com/in/thejacobkantor
Adrienne Campbell,Jacob Kantor,"7/27/26, 2:01 AM",,INCOMING,https://www.linkedin.com/in/adrienne-campbell-24223781,https://www.linkedin.com/in/thejacobkantor
Ben Wheeler,Jacob Kantor,"7/26/26, 8:58 PM",,INCOMING,https://www.linkedin.com/in/ben-wheeler-23534654,https://www.linkedin.com/in/thejacobkantor
Johan Pomares,Jacob Kantor,"7/26/26, 7:19 PM",,INCOMING,https://www.linkedin.com/in/johan-pomares,https://www.linkedin.com/in/thejacobkantor
"Kevin Konsler, M.Ed",Jacob Kantor,"7/26/26, 2:58 PM",,INCOMING,https://www.linkedin.com/in/kevinkonsler,https://www.linkedin.com/in/thejacobkantor
Nimish Shah,Jacob Kantor,"7/26/26, 1:49 PM",,INCOMING,https://www.linkedin.com/in/nimish-shah-ca,https://www.linkedin.com/in/thejacobkantor
Javed Wong,Jacob Kantor,"7/26/26, 1:00 PM",,INCOMING,https://www.linkedin.com/in/javed-wong-025550344,https://www.linkedin.com/in/thejacobkantor
Damon Mclean,Jacob Kantor,"7/26/26, 12:35 PM",,INCOMING,https://www.linkedin.com/in/damonmclean,https://www.linkedin.com/in/thejacobkantor
Lauren Kaufman,Jacob Kantor,"7/26/26, 11:40 AM",,INCOMING,https://www.linkedin.com/in/lauren-kaufman-088576246,https://www.linkedin.com/in/thejacobkantor
Kurt Reynolds,Jacob Kantor,"7/26/26, 9:46 AM",,INCOMING,https://www.linkedin.com/in/kurt-reynolds-9255b470,https://www.linkedin.com/in/thejacobkantor
Sam Blazer,Jacob Kantor,"7/26/26, 7:20 AM",,INCOMING,https://www.linkedin.com/in/samblazer,https://www.linkedin.com/in/thejacobkantor
Brian Li,Jacob Kantor,"7/26/26, 6:27 AM",,INCOMING,https://www.linkedin.com/in/blifinancecoach,https://www.linkedin.com/in/thejacobkantor
Adam Tadros,Jacob Kantor,"7/25/26, 10:01 PM",,INCOMING,https://www.linkedin.com/in/adam-tadros,https://www.linkedin.com/in/thejacobkantor
Srimouli Borusu,Jacob Kantor,"7/25/26, 9:41 PM",,INCOMING,https://www.linkedin.com/in/srimouli,https://www.linkedin.com/in/thejacobkantor
Brock Murphy,Jacob Kantor,"7/25/26, 6:38 PM",,INCOMING,https://www.linkedin.com/in/brockmmurphy,https://www.linkedin.com/in/thejacobkantor
Pierce Ginzberg,Jacob Kantor,"7/25/26, 2:53 PM",,INCOMING,https://www.linkedin.com/in/internetpierce,https://www.linkedin.com/in/thejacobkantor
Bryan McCorkle,Jacob Kantor,"7/24/26, 3:25 PM",Loved the session you moderated. Wanted to connect for all things K12 and yoga.,INCOMING,https://www.linkedin.com/in/bryan-mccorkle-87a677152,https://www.linkedin.com/in/thejacobkantor
Zachary Reznichek,Jacob Kantor,"7/24/26, 1:11 PM",,INCOMING,https://www.linkedin.com/in/zreznichek,https://www.linkedin.com/in/thejacobkantor
Marcela Andrés,Jacob Kantor,"7/24/26, 11:59 AM",,INCOMING,https://www.linkedin.com/in/marcelaandres,https://www.linkedin.com/in/thejacobkantor
Bhushan Sonawane,Jacob Kantor,"7/24/26, 9:20 AM",,INCOMING,https://www.linkedin.com/in/bhushan-sonawane-1b126515,https://www.linkedin.com/in/thejacobkantor
Levi Grunblatt,Jacob Kantor,"7/23/26, 7:11 PM",,INCOMING,https://www.linkedin.com/in/levi-grunblatt-37795830,https://www.linkedin.com/in/thejacobkantor
Dawn Hosni,Jacob Kantor,"7/23/26, 3:34 PM",,INCOMING,https://www.linkedin.com/in/dawnhosni,https://www.linkedin.com/in/thejacobkantor
Anne Bartlett,Jacob Kantor,"7/23/26, 2:29 PM","Hi Jacob, I work with commercial property owners helping identify tax savings through cost segregation and other incentives. I'd love to connect!",INCOMING,https://www.linkedin.com/in/annebartlett,https://www.linkedin.com/in/thejacobkantor
Daniel Saunders,Jacob Kantor,"7/23/26, 10:53 AM",,INCOMING,https://www.linkedin.com/in/daniel-s-47951361,https://www.linkedin.com/in/thejacobkantor
Lindsey McKhann,Jacob Kantor,"7/23/26, 9:07 AM",,INCOMING,https://www.linkedin.com/in/lindsey-mckhann,https://www.linkedin.com/in/thejacobkantor
Saloni Jhawer,Jacob Kantor,"7/23/26, 8:21 AM",,INCOMING,https://www.linkedin.com/in/saloni-jhawer,https://www.linkedin.com/in/thejacobkantor
Tanner Wilcox,Jacob Kantor,"7/23/26, 5:56 AM",,INCOMING,https://www.linkedin.com/in/tcwilcox,https://www.linkedin.com/in/thejacobkantor
Alicia D. Koster,Jacob Kantor,"7/22/26, 3:17 PM",,INCOMING,https://www.linkedin.com/in/aliciadkoster,https://www.linkedin.com/in/thejacobkantor
Allan Feltes,Jacob Kantor,"7/22/26, 12:42 PM",Great to meet you in person! open to a selfie before the end of this conference. ,INCOMING,https://www.linkedin.com/in/allan-feltes,https://www.linkedin.com/in/thejacobkantor
Imtiaz Ahmed,Jacob Kantor,"7/22/26, 9:36 AM",,INCOMING,https://www.linkedin.com/in/imtiaz-design,https://www.linkedin.com/in/thejacobkantor
Weston Lustig,Jacob Kantor,"7/22/26, 8:37 AM",Jacob - great to see you at Bridges!,INCOMING,https://www.linkedin.com/in/weston-lustig,https://www.linkedin.com/in/thejacobkantor
Sarah Hartline Morrison,Jacob Kantor,"7/22/26, 7:54 AM",,INCOMING,https://www.linkedin.com/in/sarahhartline,https://www.linkedin.com/in/thejacobkantor
Mary Joe Cabiao,Jacob Kantor,"7/22/26, 5:41 AM","Hi Jacob, I work with Frank Bennardo, founder of House of Salons. We're connecting with business owners and entrepreneurs across the U.S. who are interested in growth and new investment opportunities. I'd love to connect.  ",INCOMING,https://www.linkedin.com/in/mary-joe-c-a57554206,https://www.linkedin.com/in/thejacobkantor
Zachary Oxman,Jacob Kantor,"7/22/26, 5:29 AM",,INCOMING,https://www.linkedin.com/in/zacharyoxman,https://www.linkedin.com/in/thejacobkantor
"April Arendall, M.Ed.",Jacob Kantor,"7/21/26, 7:58 PM",,INCOMING,https://www.linkedin.com/in/april-arendall-m-ed-8295bb8b,https://www.linkedin.com/in/thejacobkantor
Chito Marco Lucero,Jacob Kantor,"7/21/26, 4:48 PM","Hi, I’m Chito, CEO of Right Team Provider. I work with US business owners looking to scale through reliable remote support. Many find they can free up time and grow without adding in-house overhead. Happy to connect and share insights.",INCOMING,https://www.linkedin.com/in/chito-marco-lucero-66859b250,https://www.linkedin.com/in/thejacobkantor
Lisa Weber,Jacob Kantor,"7/21/26, 3:59 PM",,INCOMING,https://www.linkedin.com/in/lisa-lee-weber,https://www.linkedin.com/in/thejacobkantor
Kimberly Cooper,Jacob Kantor,"7/21/26, 2:09 PM",,INCOMING,https://www.linkedin.com/in/kimberly-cooper-51810a21,https://www.linkedin.com/in/thejacobkantor
Eric Klein,Jacob Kantor,"7/21/26, 2:08 PM",,INCOMING,https://www.linkedin.com/in/eric-klein-5a76609,https://www.linkedin.com/in/thejacobkantor
Marques Pizarro,Jacob Kantor,"7/21/26, 9:06 AM","Jacob, curious if you have capacity for an increase in GTM clients? Wondering if we’d be a good fit for a partnership.",INCOMING,https://www.linkedin.com/in/marques-pizarro,https://www.linkedin.com/in/thejacobkantor
Khushi Singh,Jacob Kantor,"5/26/26, 12:26 PM",,INCOMING,https://www.linkedin.com/in/khushi-singh-b89133311,https://www.linkedin.com/in/thejacobkantor
Michelle Champagne,Jacob Kantor,"7/21/26, 9:22 AM",,INCOMING,https://www.linkedin.com/in/michelle-champagne-264a4523,https://www.linkedin.com/in/thejacobkantor
Dr. Alexander Shrewsberry,Jacob Kantor,"7/21/26, 6:13 AM",,INCOMING,https://www.linkedin.com/in/dr-alexander-shrewsberry-8845b7119,https://www.linkedin.com/in/thejacobkantor
Ankita Jain,Jacob Kantor,"7/21/26, 3:25 AM",,INCOMING,https://www.linkedin.com/in/ankita-jain-350a0b3b1,https://www.linkedin.com/in/thejacobkantor
Faisal Shahzad Mian,Jacob Kantor,"7/20/26, 1:20 PM",,INCOMING,https://www.linkedin.com/in/faisal-shahzad-mian,https://www.linkedin.com/in/thejacobkantor
Naeem Rashid,Jacob Kantor,"7/20/26, 12:09 PM",,INCOMING,https://www.linkedin.com/in/naeem-rashid-813b991,https://www.linkedin.com/in/thejacobkantor
Gospel Kordah,Jacob Kantor,"7/20/26, 7:39 AM",,INCOMING,https://www.linkedin.com/in/future1community,https://www.linkedin.com/in/thejacobkantor
Goodness Okpara,Jacob Kantor,"7/19/26, 11:36 PM",,INCOMING,https://www.linkedin.com/in/goodness-okpara,https://www.linkedin.com/in/thejacobkantor
Kristine Aguirre,Jacob Kantor,"7/19/26, 6:04 PM",,INCOMING,https://www.linkedin.com/in/kristineaguirre,https://www.linkedin.com/in/thejacobkantor
"Angela Long, Ed.D.",Jacob Kantor,"7/19/26, 1:45 PM",,INCOMING,https://www.linkedin.com/in/angela-long-ed-d-b33aa397,https://www.linkedin.com/in/thejacobkantor
"Wahyu Suhendri, S.Kom.",Jacob Kantor,"7/19/26, 12:00 PM",,INCOMING,https://www.linkedin.com/in/wahyuhendriy,https://www.linkedin.com/in/thejacobkantor
Blaise Subbiondo,Jacob Kantor,"7/19/26, 11:04 AM",Please try www.etap.org 14-day FREE TRIAL to prepare for new school year.  https://www.youtube.com/watch?v=th202c5iRmI&t=7s ,INCOMING,https://www.linkedin.com/in/blaise-subbiondo-7b437521a,https://www.linkedin.com/in/thejacobkantor
Evan Theobald,Jacob Kantor,"7/19/26, 10:22 AM",,INCOMING,https://www.linkedin.com/in/evan-theobald-388241159,https://www.linkedin.com/in/thejacobkantor
Bryan Iversen,Jacob Kantor,"7/19/26, 7:03 AM",,INCOMING,https://www.linkedin.com/in/bryan-iversen,https://www.linkedin.com/in/thejacobkantor
"Pam Amendola, Ed.S., CJE",Jacob Kantor,"7/19/26, 6:21 AM",,INCOMING,https://www.linkedin.com/in/pam-amendola-ed-s-cje-22135728,https://www.linkedin.com/in/thejacobkantor
Bernard Lim,Jacob Kantor,"7/19/26, 1:46 AM",,INCOMING,https://www.linkedin.com/in/bernardlimth,https://www.linkedin.com/in/thejacobkantor
Vashaun Bostic,Jacob Kantor,"7/17/26, 3:56 PM",,INCOMING,https://www.linkedin.com/in/vashaun-bostic,https://www.linkedin.com/in/thejacobkantor
Sam Branson,Jacob Kantor,"7/17/26, 2:09 PM",,INCOMING,https://www.linkedin.com/in/sam-branson,https://www.linkedin.com/in/thejacobkantor
Sarah Khaled,Jacob Kantor,"7/17/26, 6:19 AM",,INCOMING,https://www.linkedin.com/in/sarah-khaled-796b2a205,https://www.linkedin.com/in/thejacobkantor
Becky Faber,Jacob Kantor,"7/17/26, 6:13 AM",,INCOMING,https://www.linkedin.com/in/beckyfaber74,https://www.linkedin.com/in/thejacobkantor
Jyoti Chaudhary,Jacob Kantor,"7/16/26, 8:33 PM",,INCOMING,https://www.linkedin.com/in/jyoti-chaudhary-513945394,https://www.linkedin.com/in/thejacobkantor
Derek Martinez,Jacob Kantor,"7/16/26, 2:21 PM",,INCOMING,https://www.linkedin.com/in/derekmartinez,https://www.linkedin.com/in/thejacobkantor
Bhavika Raj,Jacob Kantor,"7/16/26, 10:48 AM","Hi Jacob, I hope you’re well. We’re Better Ledger Inc., providing offshore accounting services to US small & mid-sized businesses and CPA firms. With 10+ years of experience in bookkeeping, taxation, payroll & virtual assistance, would you be open to a quick call to see if we’re a good fit?",INCOMING,https://www.linkedin.com/in/bhavika-raj-a999b4255,https://www.linkedin.com/in/thejacobkantor
Christopher Jefferson,Jacob Kantor,"7/16/26, 10:14 AM",,INCOMING,https://www.linkedin.com/in/christopherjefferson1,https://www.linkedin.com/in/thejacobkantor
Gaurav Kapoor,Jacob Kantor,"7/16/26, 4:46 AM",,INCOMING,https://www.linkedin.com/in/gaurav-kapoor24,https://www.linkedin.com/in/thejacobkantor
Amit Vasshisthh,Jacob Kantor,"7/15/26, 2:29 PM",,INCOMING,https://www.linkedin.com/in/amit-vasshisthh-9abbb1282,https://www.linkedin.com/in/thejacobkantor
Jerry Seeger,Jacob Kantor,"7/15/26, 12:09 PM",,INCOMING,https://www.linkedin.com/in/jseeger,https://www.linkedin.com/in/thejacobkantor
Justin Boudreau,Jacob Kantor,"7/15/26, 9:00 AM",,INCOMING,https://www.linkedin.com/in/justbu,https://www.linkedin.com/in/thejacobkantor
Neǵar Yaghoobi,Jacob Kantor,"7/15/26, 7:48 AM",,INCOMING,https://www.linkedin.com/in/negaryaghoobi,https://www.linkedin.com/in/thejacobkantor
Tim Boltz,Jacob Kantor,"7/15/26, 6:16 AM",Jacob - would love to learn more about your capabilities and offering. Hope to talk soon. ,INCOMING,https://www.linkedin.com/in/tim-boltz-3993b733,https://www.linkedin.com/in/thejacobkantor
"Ayotomiwa Odusote, MPH",Jacob Kantor,"7/14/26, 2:33 PM",,INCOMING,https://www.linkedin.com/in/ayotomiwa-odusote-mph-184a4092,https://www.linkedin.com/in/thejacobkantor
António Correia,Jacob Kantor,"7/14/26, 12:34 PM",,INCOMING,https://www.linkedin.com/in/antónio-correia-6341364,https://www.linkedin.com/in/thejacobkantor
Emily Deffenbaugh,Jacob Kantor,"7/14/26, 12:01 PM",,INCOMING,https://www.linkedin.com/in/emdeffenbaugh,https://www.linkedin.com/in/thejacobkantor
Yoseph Hawash,Jacob Kantor,"7/14/26, 11:08 AM",,INCOMING,https://www.linkedin.com/in/hawashholdings,https://www.linkedin.com/in/thejacobkantor
Ashley Green,Jacob Kantor,"7/14/26, 5:01 AM",,INCOMING,https://www.linkedin.com/in/ashley-green-23292b61,https://www.linkedin.com/in/thejacobkantor
Bao Tran,Jacob Kantor,"7/14/26, 4:45 AM","Hey Jacob, I noticed you’re involved in real estate. Always interesting connecting with people who own/manage properties. Would love to connect and learn more about your experience.",INCOMING,https://www.linkedin.com/in/bao-tran-757952308,https://www.linkedin.com/in/thejacobkantor
Wallace Wong,Jacob Kantor,"7/14/26, 1:07 AM","Hi Jacob, I'd love to connect about real estate investment. ",INCOMING,https://www.linkedin.com/in/wallacewong1011,https://www.linkedin.com/in/thejacobkantor
Andrea Marino,Jacob Kantor,"7/13/26, 6:50 PM",,INCOMING,https://www.linkedin.com/in/andreamarino1992,https://www.linkedin.com/in/thejacobkantor
Arpit Jain,Jacob Kantor,"7/13/26, 12:46 PM",,INCOMING,https://www.linkedin.com/in/arpit-jain-84aa64273,https://www.linkedin.com/in/thejacobkantor
Saurabh Dwivedi,Jacob Kantor,"7/13/26, 12:13 PM","Hi Jacob, I actually asked our mutual connection Ishan to introduce us, but figured I'd reach out directly too! I'm building GRAT to automate compliance for frontline educator workforces. Given your deep K-12 GTM expertise, I'd love to connect and get your thoughts.",INCOMING,https://www.linkedin.com/in/sdvdi,https://www.linkedin.com/in/thejacobkantor
Dr. Jen Walczak,Jacob Kantor,"7/13/26, 9:29 AM",,INCOMING,https://www.linkedin.com/in/dr-jen-w-2868901a5,https://www.linkedin.com/in/thejacobkantor
Ashley Benne,Jacob Kantor,"7/13/26, 7:57 AM",,INCOMING,https://www.linkedin.com/in/ashley-benne,https://www.linkedin.com/in/thejacobkantor
Amanda Payne,Jacob Kantor,"7/13/26, 6:59 AM",,INCOMING,https://www.linkedin.com/in/amandampayne,https://www.linkedin.com/in/thejacobkantor
Nathan Farrell,Jacob Kantor,"7/13/26, 6:51 AM",,INCOMING,https://www.linkedin.com/in/nathan-farrell-1755533b,https://www.linkedin.com/in/thejacobkantor
Arindam Bose,Jacob Kantor,"7/13/26, 3:57 AM","Jacob, saw your comment on Vanesa Ponce’s “$30K MRR in 45 days” post.   Since you’re interested in GTM automation, I build and implement custom systems at 2X lower cost—with lifetime automation and no extra recurring automation fees.   Thought it made sense to connect.",INCOMING,https://www.linkedin.com/in/topvoice-arindam,https://www.linkedin.com/in/thejacobkantor
"Joshua  Marks, MS Ed.",Jacob Kantor,"7/13/26, 3:26 AM",,INCOMING,https://www.linkedin.com/in/joshua-marks-ms-ed-759a13394,https://www.linkedin.com/in/thejacobkantor
Josh Black-Diaz,Jacob Kantor,"7/12/26, 2:48 PM",,INCOMING,https://www.linkedin.com/in/joshblackdiaz,https://www.linkedin.com/in/thejacobkantor
Nigel Stewart,Jacob Kantor,"7/12/26, 11:22 AM",,INCOMING,https://www.linkedin.com/in/nigel-stewart-730624196,https://www.linkedin.com/in/thejacobkantor
Andrea Thompson,Jacob Kantor,"7/12/26, 5:27 AM",,INCOMING,https://www.linkedin.com/in/andreathomp,https://www.linkedin.com/in/thejacobkantor
Jaclyn Sherman,Jacob Kantor,"7/12/26, 4:05 AM",,INCOMING,https://www.linkedin.com/in/jaclyn-sherman,https://www.linkedin.com/in/thejacobkantor
Timothy Belloff,Jacob Kantor,"7/11/26, 10:47 PM",,INCOMING,https://www.linkedin.com/in/timothybelloff,https://www.linkedin.com/in/thejacobkantor
Courtney Mlynar/Lohmann,Jacob Kantor,"7/11/26, 10:40 PM",,INCOMING,https://www.linkedin.com/in/courtneymlynarlohmann,https://www.linkedin.com/in/thejacobkantor
Valeria Macias🫧,Jacob Kantor,"7/11/26, 4:32 PM",,INCOMING,https://www.linkedin.com/in/valeriamacias1,https://www.linkedin.com/in/thejacobkantor
Otto Do,Jacob Kantor,"7/11/26, 4:25 PM","Hi Jacob, I'm building a platform called Ludus—hoping to replace Quizlet, Duolingo, and Kahoot. Would love to chat. I'm in LA if you're open to meeting in person! Marie directed me to you. https://ludusapp.com",INCOMING,https://www.linkedin.com/in/otto-do,https://www.linkedin.com/in/thejacobkantor
Dare Adebayo,Jacob Kantor,"7/11/26, 2:02 PM",,INCOMING,https://www.linkedin.com/in/iadebayodare,https://www.linkedin.com/in/thejacobkantor
Baqar Jafri,Jacob Kantor,"7/11/26, 10:35 AM",,INCOMING,https://www.linkedin.com/in/thebaqarjafri,https://www.linkedin.com/in/thejacobkantor
Eric Currie,Jacob Kantor,"7/11/26, 9:35 AM",,INCOMING,https://www.linkedin.com/in/eric-currie-56936421,https://www.linkedin.com/in/thejacobkantor
Sylvia Fumero M Ed,Jacob Kantor,"7/11/26, 6:40 AM",,INCOMING,https://www.linkedin.com/in/sylviafumero,https://www.linkedin.com/in/thejacobkantor
Berrick Abramson,Jacob Kantor,"7/11/26, 5:08 AM",,INCOMING,https://www.linkedin.com/in/pbabramson,https://www.linkedin.com/in/thejacobkantor
Brian Heaton,Jacob Kantor,"7/11/26, 4:57 AM",,INCOMING,https://www.linkedin.com/in/brianjheaton,https://www.linkedin.com/in/thejacobkantor
Molood Ceccarelli,Jacob Kantor,"7/10/26, 11:53 PM",,INCOMING,https://www.linkedin.com/in/molood,https://www.linkedin.com/in/thejacobkantor
Charlotte Sika,Jacob Kantor,"7/10/26, 2:03 PM",Love your job title 😄,INCOMING,https://www.linkedin.com/in/charlottesika,https://www.linkedin.com/in/thejacobkantor
Nidhi Srivastava,Jacob Kantor,"7/10/26, 1:49 PM",,INCOMING,https://www.linkedin.com/in/nidhi-srivastava-a5493468,https://www.linkedin.com/in/thejacobkantor
"Angela Kiser, NBCT",Jacob Kantor,"7/10/26, 1:45 PM",,INCOMING,https://www.linkedin.com/in/angelakiser,https://www.linkedin.com/in/thejacobkantor
Chastity Eggleston M.Ed.,Jacob Kantor,"7/10/26, 12:44 PM",,INCOMING,https://www.linkedin.com/in/chastityeggleston,https://www.linkedin.com/in/thejacobkantor
Sommer Smith,Jacob Kantor,"7/10/26, 10:56 AM","Hi Jacob! I've appreciated your posts on the EdTech space, and I noticed we both know Matt Campbell. I've spent most of my time in research and technical editing spaces, but I have a strong background in education and am hoping to transition into EdTech. Do you have any perspective you could share?",INCOMING,https://www.linkedin.com/in/sommer-smith,https://www.linkedin.com/in/thejacobkantor
Marcos Apene do Amaral,Jacob Kantor,"7/10/26, 9:55 AM","Jacob, $50M+ in school sales and a title like Chief DODO says you've earned the right to have fun with it. I'm an AE opening district doors myself, STEAM/CTE curriculum. Would value connecting.",INCOMING,https://www.linkedin.com/in/marcosapenedoamaral,https://www.linkedin.com/in/thejacobkantor
"Michael Mariorenzi, MBA",Jacob Kantor,"7/10/26, 9:14 AM",,INCOMING,https://www.linkedin.com/in/michael-mariorenzi-mba-118b3514a,https://www.linkedin.com/in/thejacobkantor
Madeleine M. Ed.M.,Jacob Kantor,"7/10/26, 9:02 AM",,INCOMING,https://www.linkedin.com/in/madeleinemrt,https://www.linkedin.com/in/thejacobkantor
John Geerlings,Jacob Kantor,"7/10/26, 3:10 AM",,INCOMING,https://www.linkedin.com/in/johngeerlingsnyc,https://www.linkedin.com/in/thejacobkantor
Mohammed Bualhamam,Jacob Kantor,"7/10/26, 1:58 AM",,INCOMING,https://www.linkedin.com/in/mohammed-bualhamam-5aa155270,https://www.linkedin.com/in/thejacobkantor
Andrey Zubenko,Jacob Kantor,"7/9/26, 11:43 PM",,INCOMING,https://www.linkedin.com/in/andrey-zubenko,https://www.linkedin.com/in/thejacobkantor
Bryce Walker,Jacob Kantor,"7/9/26, 8:43 PM",,INCOMING,https://www.linkedin.com/in/brycewalker,https://www.linkedin.com/in/thejacobkantor
Jackie DeHuff,Jacob Kantor,"7/9/26, 7:00 PM",,INCOMING,https://www.linkedin.com/in/jackie-dehuff-0937202,https://www.linkedin.com/in/thejacobkantor
Sandy Webb,Jacob Kantor,"7/9/26, 5:49 PM",,INCOMING,https://www.linkedin.com/in/sandy-w-a0301b95,https://www.linkedin.com/in/thejacobkantor
Lory Reddel M.Ed.,Jacob Kantor,"7/9/26, 3:59 PM",,INCOMING,https://www.linkedin.com/in/lory-reddel-m-ed-5b4b0b124,https://www.linkedin.com/in/thejacobkantor
"Melissa Luck, PhD",Jacob Kantor,"7/9/26, 3:13 PM",,INCOMING,https://www.linkedin.com/in/doctorluck,https://www.linkedin.com/in/thejacobkantor
"Amy Hansen Bhutta, PhD",Jacob Kantor,"7/9/26, 3:08 PM",,INCOMING,https://www.linkedin.com/in/amy-hansen-bhutta-phd-0744b596,https://www.linkedin.com/in/thejacobkantor
Kristy Vincent,Jacob Kantor,"7/9/26, 2:34 PM","Hi Jacob, Thanks for opening your network to people navigating layoffs. I'm an executive customer success and revenue leader focused on scaling post-sale organizations, retention, expansion, and GTM alignment. I'd enjoy connecting and learning more about the companies you're working with",INCOMING,https://www.linkedin.com/in/kristy-vincent,https://www.linkedin.com/in/thejacobkantor
Shamell Forbes,Jacob Kantor,"7/9/26, 2:14 PM",,INCOMING,https://www.linkedin.com/in/shamellm-forbes,https://www.linkedin.com/in/thejacobkantor
Ellie Greenberg,Jacob Kantor,"7/9/26, 2:05 PM",,INCOMING,https://www.linkedin.com/in/elliegreenberg,https://www.linkedin.com/in/thejacobkantor
Cris Gualberto,Jacob Kantor,"7/9/26, 1:26 PM","Good afternoon Mr. Kantor,  My name is Nathaniel Gualberto, and I am a senior research technician at Washington University School of Medicine.   I saw a recent posting of yours and wish to connect.",INCOMING,https://www.linkedin.com/in/cris-gualberto-8943663a,https://www.linkedin.com/in/thejacobkantor
Jay Klausner,Jacob Kantor,"7/9/26, 12:51 PM",,INCOMING,https://www.linkedin.com/in/jayklausner,https://www.linkedin.com/in/thejacobkantor
Jeffrey Rucker,Jacob Kantor,"7/9/26, 12:05 PM",,INCOMING,https://www.linkedin.com/in/jeffrey-a-rucker,https://www.linkedin.com/in/thejacobkantor
Todd Lovejoy 🔥🏀🏂,Jacob Kantor,"7/9/26, 11:18 AM",,INCOMING,https://www.linkedin.com/in/toddlovejoyaccelerator,https://www.linkedin.com/in/thejacobkantor
Chrishonda Smith,Jacob Kantor,"7/9/26, 10:10 AM",Hey Jacob! Would love to connect to share opportunities from Edmentum with your network. ,INCOMING,https://www.linkedin.com/in/chrishonda-smith,https://www.linkedin.com/in/thejacobkantor
"Evelyn Metta, M.Ed",Jacob Kantor,"7/9/26, 10:10 AM",Hi Jacob! Stewart Brown pointed me your way as one of the best people to know in this space. I'm a former K-2 teacher diving into AI literacy consulting. Would love to chat and learn from you!,INCOMING,https://www.linkedin.com/in/evelyn-metta-m-ed-991aa2156,https://www.linkedin.com/in/thejacobkantor
Hannah OBrien,Jacob Kantor,"7/9/26, 9:51 AM",,INCOMING,https://www.linkedin.com/in/hannah-o-a73953234,https://www.linkedin.com/in/thejacobkantor
Denise Waters,Jacob Kantor,"7/9/26, 9:40 AM",,INCOMING,https://www.linkedin.com/in/deniseleighwaters,https://www.linkedin.com/in/thejacobkantor
Shaleana Matthews,Jacob Kantor,"7/9/26, 8:42 AM",,INCOMING,https://www.linkedin.com/in/shaleana-matthews-2ba25b98,https://www.linkedin.com/in/thejacobkantor
Jeff Anderson,Jacob Kantor,"7/9/26, 8:37 AM",,INCOMING,https://www.linkedin.com/in/jeff-anderson-2742191,https://www.linkedin.com/in/thejacobkantor
Matthew Krise,Jacob Kantor,"7/9/26, 7:49 AM",,INCOMING,https://www.linkedin.com/in/matthewkrise,https://www.linkedin.com/in/thejacobkantor
"Michelle Poleyumptewa, M.Ed. (she/her/hers)",Jacob Kantor,"7/9/26, 7:47 AM",,INCOMING,https://www.linkedin.com/in/michellepoleyumptewa,https://www.linkedin.com/in/thejacobkantor
Katharine Shipley,Jacob Kantor,"7/9/26, 7:33 AM","Hi Jacob, As a former educator, you caught my attention!  I am now a financial advisor and work with professionals as they make financial decisions throughout their careers. I appreciated your background and perspective. Best, Katharine ",INCOMING,https://www.linkedin.com/in/katharine-shipley-7181a113,https://www.linkedin.com/in/thejacobkantor
Lynne Stephenson,Jacob Kantor,"7/9/26, 7:16 AM",,INCOMING,https://www.linkedin.com/in/lynne-stephenson-551768199,https://www.linkedin.com/in/thejacobkantor
Cindy Moss,Jacob Kantor,"7/9/26, 5:21 AM",,INCOMING,https://www.linkedin.com/in/cindy-moss-0b08a11,https://www.linkedin.com/in/thejacobkantor
April Rottinghaus,Jacob Kantor,"7/9/26, 5:08 AM",,INCOMING,https://www.linkedin.com/in/april-rottinghaus,https://www.linkedin.com/in/thejacobkantor
"Karen Oliver, Ed. S., Doctoral Candidate",Jacob Kantor,"7/9/26, 4:46 AM",,INCOMING,https://www.linkedin.com/in/karen-oliver423231,https://www.linkedin.com/in/thejacobkantor
Matt Nupen,Jacob Kantor,"7/9/26, 1:02 AM",,INCOMING,https://www.linkedin.com/in/matt-nupen,https://www.linkedin.com/in/thejacobkantor
Emmanuel Saah,Jacob Kantor,"7/8/26, 10:34 PM",,INCOMING,https://www.linkedin.com/in/emmanuel-saah,https://www.linkedin.com/in/thejacobkantor
Stephanie Simoes,Jacob Kantor,"7/9/26, 6:27 AM",,INCOMING,https://www.linkedin.com/in/stephanie-simoes,https://www.linkedin.com/in/thejacobkantor
"Jessica McKeown, Ph.D.",Jacob Kantor,"7/9/26, 6:14 AM",,INCOMING,https://www.linkedin.com/in/jessica-mckeown,https://www.linkedin.com/in/thejacobkantor
Caroline Humphrey,Jacob Kantor,"7/9/26, 6:12 AM",,INCOMING,https://www.linkedin.com/in/carolinehmphrey,https://www.linkedin.com/in/thejacobkantor
Fely García López,Jacob Kantor,"7/9/26, 5:55 AM",,INCOMING,https://www.linkedin.com/in/fely-garcía-lópez-19b908b1,https://www.linkedin.com/in/thejacobkantor
Noor Yasmeen,Jacob Kantor,"7/9/26, 5:50 AM",,INCOMING,https://www.linkedin.com/in/noor-yasmeen-210278157,https://www.linkedin.com/in/thejacobkantor
"Sambhavy Shrestha, MBA, PMP",Jacob Kantor,"7/9/26, 3:56 AM",,INCOMING,https://www.linkedin.com/in/sambhavyshrestha,https://www.linkedin.com/in/thejacobkantor
Christina Moore,Jacob Kantor,"7/8/26, 9:47 PM",,INCOMING,https://www.linkedin.com/in/christina-moore-94b54a23,https://www.linkedin.com/in/thejacobkantor
Kaire Hopson Onajobi,Jacob Kantor,"7/8/26, 9:45 PM",,INCOMING,https://www.linkedin.com/in/kairehopsononajobi,https://www.linkedin.com/in/thejacobkantor
Albert Davila,Jacob Kantor,"7/8/26, 8:55 PM",,INCOMING,https://www.linkedin.com/in/aadvla,https://www.linkedin.com/in/thejacobkantor
Erika Water,Jacob Kantor,"7/8/26, 7:32 PM",,INCOMING,https://www.linkedin.com/in/erikawater,https://www.linkedin.com/in/thejacobkantor
"Steven Pechter, MBA",Jacob Kantor,"7/8/26, 6:55 PM",,INCOMING,https://www.linkedin.com/in/stevenpechter,https://www.linkedin.com/in/thejacobkantor
Amy Colucci Ed.D.,Jacob Kantor,"7/8/26, 6:40 PM",,INCOMING,https://www.linkedin.com/in/amy-colucci,https://www.linkedin.com/in/thejacobkantor
Billy Wang,Jacob Kantor,"7/8/26, 6:32 PM",,INCOMING,https://www.linkedin.com/in/billywang07,https://www.linkedin.com/in/thejacobkantor
Amy Riker,Jacob Kantor,"7/8/26, 6:21 PM",,INCOMING,https://www.linkedin.com/in/amy-riker-0a7a6a156,https://www.linkedin.com/in/thejacobkantor
"Meg McCarthy, MAT, MEd",Jacob Kantor,"7/8/26, 6:00 PM",,INCOMING,https://www.linkedin.com/in/meaghan-goliday-mat,https://www.linkedin.com/in/thejacobkantor
Stacy  Williams ,Jacob Kantor,"7/8/26, 5:43 PM","Hello, I just saw your post about being impacted by layoffs today and I wanted to connect! Thank you!",INCOMING,https://www.linkedin.com/in/stacy-williams-150811228,https://www.linkedin.com/in/thejacobkantor
Rane Martin,Jacob Kantor,"7/8/26, 5:03 PM",,INCOMING,https://www.linkedin.com/in/rane-martin,https://www.linkedin.com/in/thejacobkantor
Aaron Kutz,Jacob Kantor,"7/8/26, 11:44 AM",,INCOMING,https://www.linkedin.com/in/aaronkutz,https://www.linkedin.com/in/thejacobkantor
Dagmar Kusiak,Jacob Kantor,"7/8/26, 11:40 AM",Hey Jacob! Your work in education sales and district partnerships caught my attention. I especially liked how you opened doors for $50M+ in school sales. I help ambitious professionals build stronger relationships without losing themselves. I'd love to learn more about you,INCOMING,https://www.linkedin.com/in/dagmarkusiak,https://www.linkedin.com/in/thejacobkantor
William Smith,Jacob Kantor,"7/8/26, 8:08 AM","Hey Jacob,  I lead the AI & Backend Engineering recruitment practice at Oscar. I noticed you’re hiring in New York—I’ve spent 10 years building Python and AI teams in this space and have New York based engineers available. Open to a quick connection to share some info on my candidates?",INCOMING,https://www.linkedin.com/in/william-smith-1204b8108,https://www.linkedin.com/in/thejacobkantor
Sean Corcoran,Jacob Kantor,"7/8/26, 2:58 AM",,INCOMING,https://www.linkedin.com/in/sean-corcoran-31648723,https://www.linkedin.com/in/thejacobkantor
Asfat Fahim,Jacob Kantor,"7/7/26, 3:40 PM",,INCOMING,https://www.linkedin.com/in/asfatfahim,https://www.linkedin.com/in/thejacobkantor
Sonia C.,Jacob Kantor,"7/7/26, 3:20 PM",,INCOMING,https://www.linkedin.com/in/temimis,https://www.linkedin.com/in/thejacobkantor
"Lars Hoffmann, MBA",Jacob Kantor,"7/7/26, 11:08 AM",,INCOMING,https://www.linkedin.com/in/lars-hoffmann-cv,https://www.linkedin.com/in/thejacobkantor
Patrick Verda,Jacob Kantor,"7/7/26, 9:36 AM",,INCOMING,https://www.linkedin.com/in/patrickverda,https://www.linkedin.com/in/thejacobkantor
Aditya Santhanam,Jacob Kantor,"7/7/26, 9:00 AM","Hi Jacob,  I spend most of my time working with engineering leaders to help them scale their systems, speed up delivery, and strengthen system reliability. I’d love to connect and chat about your priorities and see how we can help.",INCOMING,https://www.linkedin.com/in/aditya-santhanam,https://www.linkedin.com/in/thejacobkantor
Drew Olsson,Jacob Kantor,"7/7/26, 8:17 AM",,INCOMING,https://www.linkedin.com/in/drew-olsson-727997154,https://www.linkedin.com/in/thejacobkantor
Matias Mitchell-Dawson,Jacob Kantor,"7/7/26, 5:32 AM",,INCOMING,https://www.linkedin.com/in/matias-mitchell-dawson,https://www.linkedin.com/in/thejacobkantor
Laiba Hafeez,Jacob Kantor,"7/7/26, 5:22 AM",,INCOMING,https://www.linkedin.com/in/laiba-hafeez-311186301,https://www.linkedin.com/in/thejacobkantor
Taimoor Ali,Jacob Kantor,"7/6/26, 10:24 PM",,INCOMING,https://www.linkedin.com/in/nerdtaimoor,https://www.linkedin.com/in/thejacobkantor
Dr. Sha Fanion,Jacob Kantor,"7/6/26, 8:04 PM",,INCOMING,https://www.linkedin.com/in/drlshafanion,https://www.linkedin.com/in/thejacobkantor
Atul Thakor,Jacob Kantor,"7/6/26, 3:19 PM",,INCOMING,https://www.linkedin.com/in/atulthakor,https://www.linkedin.com/in/thejacobkantor
Manasvi Nawal,Jacob Kantor,"7/6/26, 12:21 PM",,INCOMING,https://www.linkedin.com/in/manasvi-nawal,https://www.linkedin.com/in/thejacobkantor
"Chelsi Brosh, PhD, BCBA-D",Jacob Kantor,"7/6/26, 10:12 AM",,INCOMING,https://www.linkedin.com/in/chelsi-brosh,https://www.linkedin.com/in/thejacobkantor
Mindy Rose ,Jacob Kantor,"7/6/26, 7:53 AM",,INCOMING,https://www.linkedin.com/in/mindy-rose,https://www.linkedin.com/in/thejacobkantor
Ria Dcosta,Jacob Kantor,"7/6/26, 7:38 AM",,INCOMING,https://www.linkedin.com/in/ria-dcosta-436853246,https://www.linkedin.com/in/thejacobkantor
"Roy Melvin, PMP",Jacob Kantor,"7/6/26, 3:46 AM",,INCOMING,https://www.linkedin.com/in/roy-melvin,https://www.linkedin.com/in/thejacobkantor
Vikas Goyal,Jacob Kantor,"7/6/26, 3:11 AM",,INCOMING,https://www.linkedin.com/in/vikas-goyal95,https://www.linkedin.com/in/thejacobkantor
Noel A,Jacob Kantor,"7/5/26, 10:36 PM",,INCOMING,https://www.linkedin.com/in/noel-a-b0782175,https://www.linkedin.com/in/thejacobkantor
Lane Jersild,Jacob Kantor,"7/5/26, 8:09 PM",,INCOMING,https://www.linkedin.com/in/lane-jersild,https://www.linkedin.com/in/thejacobkantor
Rebecca Sutton,Jacob Kantor,"7/5/26, 7:45 PM",,INCOMING,https://www.linkedin.com/in/rebecca-joy-sutton,https://www.linkedin.com/in/thejacobkantor
Vineet Harbhajanka,Jacob Kantor,"7/5/26, 6:33 PM",,INCOMING,https://www.linkedin.com/in/vineet-h,https://www.linkedin.com/in/thejacobkantor
Jared Davidove,Jacob Kantor,"7/5/26, 5:36 PM",,INCOMING,https://www.linkedin.com/in/jdavidove,https://www.linkedin.com/in/thejacobkantor
John Turner,Jacob Kantor,"7/5/26, 4:13 AM",,INCOMING,https://www.linkedin.com/in/johnturner56,https://www.linkedin.com/in/thejacobkantor
Miriam Chong ,Jacob Kantor,"7/4/26, 7:39 AM",,INCOMING,https://www.linkedin.com/in/miriam-chong-5723b4347,https://www.linkedin.com/in/thejacobkantor
Colton Leonard,Jacob Kantor,"7/3/26, 8:58 PM",,INCOMING,https://www.linkedin.com/in/colton-leonard-694038338,https://www.linkedin.com/in/thejacobkantor
Swapshin Verma,Jacob Kantor,"7/3/26, 5:06 AM",,INCOMING,https://www.linkedin.com/in/swapshin-verma-3a7b06203,https://www.linkedin.com/in/thejacobkantor
Hitakshi Arora,Jacob Kantor,"7/2/26, 7:44 PM",,INCOMING,https://www.linkedin.com/in/hitakshiarora,https://www.linkedin.com/in/thejacobkantor
Ryder Gottlieb,Jacob Kantor,"7/2/26, 12:40 PM",,INCOMING,https://www.linkedin.com/in/ryderg,https://www.linkedin.com/in/thejacobkantor
Sahil  Rajput,Jacob Kantor,"7/2/26, 8:38 AM",,INCOMING,https://www.linkedin.com/in/sahil-rajput26,https://www.linkedin.com/in/thejacobkantor
Marie Garcia Melli,Jacob Kantor,"7/2/26, 7:58 AM",,INCOMING,https://www.linkedin.com/in/marie-garcia-melli-0706355,https://www.linkedin.com/in/thejacobkantor
Cynthia Curry,Jacob Kantor,"7/1/26, 7:45 PM",,INCOMING,https://www.linkedin.com/in/cynthialcurry,https://www.linkedin.com/in/thejacobkantor
Bryan Hemberg,Jacob Kantor,"7/1/26, 5:35 PM",,INCOMING,https://www.linkedin.com/in/bryan-hemberg-9a1090327,https://www.linkedin.com/in/thejacobkantor
Alec Hartman,Jacob Kantor,"7/1/26, 9:46 AM",,INCOMING,https://www.linkedin.com/in/alec-hartman-8100513b0,https://www.linkedin.com/in/thejacobkantor
Ghafeer Amjad,Jacob Kantor,"7/1/26, 9:31 AM","Hi Jacob,  I work with businesses on growth systems, marketing, tech, automation, and execution. We help connect the moving pieces behind growth, from websites and CRM to campaigns and operations. Thought it would be good to connect.  Regards, Ghafeer Amjad CEO Ketalyze",INCOMING,https://www.linkedin.com/in/ghafeer-amjad,https://www.linkedin.com/in/thejacobkantor
Griffin Wilson,Jacob Kantor,"7/1/26, 3:38 AM",,INCOMING,https://www.linkedin.com/in/griffinwilson15,https://www.linkedin.com/in/thejacobkantor
Hamilton Day,Jacob Kantor,"6/30/26, 4:44 PM",,INCOMING,https://www.linkedin.com/in/hamilton-day-84302221,https://www.linkedin.com/in/thejacobkantor
Diego Rodrigues,Jacob Kantor,"6/30/26, 8:29 AM","Hi Jacob, How are you?  I’m a Certified Personal and Professional Strategist connecting with other results-oriented professionals.  I’d appreciate it if you would consider joining my network.  Best regards,",INCOMING,https://www.linkedin.com/in/rodrdiego,https://www.linkedin.com/in/thejacobkantor
Kumar Srivastava,Jacob Kantor,"6/29/26, 5:08 PM","Hi Jacob, Saw your post on AI tutors. At QLM, we are building the next generation of assessment tech - natural simulations created from AI-prone assessments. Would love to connect. ",INCOMING,https://www.linkedin.com/in/kumarsrivastava,https://www.linkedin.com/in/thejacobkantor
David Greenberg,Jacob Kantor,"6/29/26, 2:09 PM","Jacob, real estate investors who care deeply about protecting their investments often explore private trust systems for their world-class asset protection.   Feel free to connect if you'd like to learn more.",INCOMING,https://www.linkedin.com/in/david-greenberg-educator-the-freedom-studio,https://www.linkedin.com/in/thejacobkantor
Thiago Murad,Jacob Kantor,"6/29/26, 12:52 PM","Hi there, I share practical AI insights for executives navigating this shift. Would love to connect and exchange perspectives. Thiago",INCOMING,https://www.linkedin.com/in/thiago-murad,https://www.linkedin.com/in/thejacobkantor
Guyot Lapointe,Jacob Kantor,"6/29/26, 12:19 PM",,INCOMING,https://www.linkedin.com/in/guyot-lapointe,https://www.linkedin.com/in/thejacobkantor
Raúl Núñez,Jacob Kantor,"6/29/26, 9:54 AM","Alo Jacob... just attended the AI Ed Connective Roundtable.. Look fwd to connect thru here as well. Best, Raul N.",INCOMING,https://www.linkedin.com/in/raulnunezortega,https://www.linkedin.com/in/thejacobkantor
Iram Tanvir,Jacob Kantor,"6/29/26, 6:16 AM",,INCOMING,https://www.linkedin.com/in/iramtanvir,https://www.linkedin.com/in/thejacobkantor
Jeff Stone,Jacob Kantor,"6/29/26, 2:34 AM","Jacob, are you raising capital for  JK K12 Co ?   With 40+ years of experience in cross-border corporate finance, Eurasian Capital connect companies with institutional investors and manage a long/short quant fund.  https://calendly.com/eurasiancapital/meeting-with-jeff-stone  Let's connect:) ",INCOMING,https://www.linkedin.com/in/jeff-stone,https://www.linkedin.com/in/thejacobkantor
Dr. Marie Garrido Zoeller,Jacob Kantor,"6/28/26, 3:23 PM",,INCOMING,https://www.linkedin.com/in/dr-marie-garrido-zoeller-4528a759,https://www.linkedin.com/in/thejacobkantor
Charlotte Andrist,Jacob Kantor,"6/28/26, 8:35 AM",,INCOMING,https://www.linkedin.com/in/charlotteandrist,https://www.linkedin.com/in/thejacobkantor
Ally Talcott,Jacob Kantor,"6/27/26, 4:51 PM",,INCOMING,https://www.linkedin.com/in/allytalcott-alliedforprogress,https://www.linkedin.com/in/thejacobkantor
Julia Fischer,Jacob Kantor,"6/26/26, 5:58 PM",,INCOMING,https://www.linkedin.com/in/juliatfischer,https://www.linkedin.com/in/thejacobkantor
Elizabeth Batchelor,Jacob Kantor,"6/26/26, 9:38 AM",,INCOMING,https://www.linkedin.com/in/elizabeth-batchelor-ucf,https://www.linkedin.com/in/thejacobkantor
James Dungan,Jacob Kantor,"6/26/26, 8:55 AM",,INCOMING,https://www.linkedin.com/in/james-dungan,https://www.linkedin.com/in/thejacobkantor
Ryan Donaghy,Jacob Kantor,"6/26/26, 7:50 AM",,INCOMING,https://www.linkedin.com/in/ryan-donaghy-351018390,https://www.linkedin.com/in/thejacobkantor
Anisia Alexandrescu,Jacob Kantor,"6/26/26, 7:35 AM",,INCOMING,https://www.linkedin.com/in/anisiaalexandrescu,https://www.linkedin.com/in/thejacobkantor
Avery Copeland,Jacob Kantor,"6/26/26, 6:50 AM",,INCOMING,https://www.linkedin.com/in/avery-copeland-0bb315303,https://www.linkedin.com/in/thejacobkantor
Twyla Evans,Jacob Kantor,"6/26/26, 6:43 AM",,INCOMING,https://www.linkedin.com/in/trevans2622,https://www.linkedin.com/in/thejacobkantor
Adam Barr,Jacob Kantor,"6/26/26, 6:28 AM",,INCOMING,https://www.linkedin.com/in/adam-barr-83966754,https://www.linkedin.com/in/thejacobkantor
Michaël Cohen,Jacob Kantor,"6/26/26, 5:33 AM",,INCOMING,https://www.linkedin.com/in/miccohen,https://www.linkedin.com/in/thejacobkantor
Ben Davies,Jacob Kantor,"6/25/26, 10:21 PM",,INCOMING,https://www.linkedin.com/in/ben-davies-94b576109,https://www.linkedin.com/in/thejacobkantor
Danae Acker M.S. IDLT,Jacob Kantor,"6/25/26, 7:57 PM",,INCOMING,https://www.linkedin.com/in/danaeacker,https://www.linkedin.com/in/thejacobkantor
Dr. Adrian Mims Sr.,Jacob Kantor,"6/25/26, 1:53 PM",,INCOMING,https://www.linkedin.com/in/dr-adrian-mims-sr-80530531,https://www.linkedin.com/in/thejacobkantor
Sobia  Azhar ,Jacob Kantor,"6/25/26, 12:55 PM",,INCOMING,https://www.linkedin.com/in/sobia-a-0b6534226,https://www.linkedin.com/in/thejacobkantor
Colton Lloyd,Jacob Kantor,"6/25/26, 12:20 PM",,INCOMING,https://www.linkedin.com/in/coltonleelloyd,https://www.linkedin.com/in/thejacobkantor
Rodrigo Bernardo,Jacob Kantor,"6/25/26, 10:43 AM","Hello Jacob,  We currently have an opening on our External Investment Committee, where select investors have the opportunity to review live deals and provide feedback to our internal deal teams. Participants are compensated for their time and insights.  Would this be of any interest?",INCOMING,https://www.linkedin.com/in/rodrigobernardo11,https://www.linkedin.com/in/thejacobkantor
Manzil e Maqsood,Jacob Kantor,"6/25/26, 2:51 AM",,INCOMING,https://www.linkedin.com/in/manzilemaqsood,https://www.linkedin.com/in/thejacobkantor
Shaini Thakur,Jacob Kantor,"6/24/26, 11:41 AM",,INCOMING,https://www.linkedin.com/in/shaini-thakur-20shaini12,https://www.linkedin.com/in/thejacobkantor
Noel P.  Walsh,Jacob Kantor,"6/24/26, 8:35 AM",,INCOMING,https://www.linkedin.com/in/noelpwalshinvestor,https://www.linkedin.com/in/thejacobkantor
Jamie Gansmann,Jacob Kantor,"6/24/26, 7:51 AM",Courtney White told me I should connect with you because of the work you’re doing. She and I are in interesting spots now and looking for our next move. Your profile sounds very interesting. Will you be at ISTE?,INCOMING,https://www.linkedin.com/in/jamiegansmann,https://www.linkedin.com/in/thejacobkantor
Abhay Pandey,Jacob Kantor,"6/24/26, 7:15 AM",,INCOMING,https://www.linkedin.com/in/abhay-pandey-92a949253,https://www.linkedin.com/in/thejacobkantor
Paul Clarke,Jacob Kantor,"6/24/26, 6:30 AM",,INCOMING,https://www.linkedin.com/in/paul-clarke-793a893b,https://www.linkedin.com/in/thejacobkantor
Theja Pamarthy,Jacob Kantor,"6/24/26, 5:26 AM",,INCOMING,https://www.linkedin.com/in/thejapamarthy,https://www.linkedin.com/in/thejacobkantor
Vanessa Lara,Jacob Kantor,"6/23/26, 7:38 PM",,INCOMING,https://www.linkedin.com/in/vlara2022,https://www.linkedin.com/in/thejacobkantor
Jerry Boyd,Jacob Kantor,"6/23/26, 4:13 PM",,INCOMING,https://www.linkedin.com/in/jerrysboyd,https://www.linkedin.com/in/thejacobkantor
"Jessica  Carpenter, MBA, FSCP®",Jacob Kantor,"6/23/26, 9:40 AM",Hi Jacob! Would love to connect and grow our network. ~Jessica,INCOMING,https://www.linkedin.com/in/jessica-carpenter-mba,https://www.linkedin.com/in/thejacobkantor
Xiaoran Li,Jacob Kantor,"6/23/26, 9:10 AM",,INCOMING,https://www.linkedin.com/in/xiaoran-li-6069b0a8,https://www.linkedin.com/in/thejacobkantor
Joshua Davidson,Jacob Kantor,"6/23/26, 9:04 AM",,INCOMING,https://www.linkedin.com/in/joshuaisdavidson,https://www.linkedin.com/in/thejacobkantor
Giselle Andrade,Jacob Kantor,"6/23/26, 8:06 AM",,INCOMING,https://www.linkedin.com/in/giselleandrade1,https://www.linkedin.com/in/thejacobkantor
Amy George Koch,Jacob Kantor,"6/23/26, 5:52 AM",,INCOMING,https://www.linkedin.com/in/amy-george-koch-3476b15,https://www.linkedin.com/in/thejacobkantor
S Sri Sivani,Jacob Kantor,"6/23/26, 4:34 AM",,INCOMING,https://www.linkedin.com/in/s-sri-sivani-5406b9202,https://www.linkedin.com/in/thejacobkantor
Sylvia  V. ,Jacob Kantor,"6/22/26, 8:52 PM",,INCOMING,https://www.linkedin.com/in/sylvia-v-b3bb62198,https://www.linkedin.com/in/thejacobkantor
"Lawron Ballard, CPA",Jacob Kantor,"6/22/26, 7:51 PM",,INCOMING,https://www.linkedin.com/in/lawron-ballard,https://www.linkedin.com/in/thejacobkantor
Jianna Liu,Jacob Kantor,"6/22/26, 7:13 PM",,INCOMING,https://www.linkedin.com/in/jianna-liu-90747413b,https://www.linkedin.com/in/thejacobkantor
Nilkanth Radadia,Jacob Kantor,"6/22/26, 4:02 PM",,INCOMING,https://www.linkedin.com/in/nilradadia,https://www.linkedin.com/in/thejacobkantor
Maxim Dorosevici,Jacob Kantor,"6/22/26, 2:42 PM",,INCOMING,https://www.linkedin.com/in/mdorosevici,https://www.linkedin.com/in/thejacobkantor
Ryan Thomas,Jacob Kantor,"6/22/26, 2:05 PM",,INCOMING,https://www.linkedin.com/in/ryanthomas1012,https://www.linkedin.com/in/thejacobkantor
Haben Berhe,Jacob Kantor,"6/22/26, 12:58 PM",,INCOMING,https://www.linkedin.com/in/haben-berhe-254ba2112,https://www.linkedin.com/in/thejacobkantor
David Codrea,Jacob Kantor,"6/22/26, 1:51 AM",,INCOMING,https://www.linkedin.com/in/davidcodrea,https://www.linkedin.com/in/thejacobkantor
Omega Stallworth,Jacob Kantor,"6/21/26, 7:21 PM",,INCOMING,https://www.linkedin.com/in/omega-stallworth-874364211,https://www.linkedin.com/in/thejacobkantor
Dipak Pumbhadiya,Jacob Kantor,"6/21/26, 2:39 AM",,INCOMING,https://www.linkedin.com/in/dipak-pumbhadiya-9921b181,https://www.linkedin.com/in/thejacobkantor
"Norma Guzman Duran, M.B.A., Ed.D.",Jacob Kantor,"6/20/26, 8:30 AM",,INCOMING,https://www.linkedin.com/in/norma-guzman-duran-m-b-a-ed-d-41386113,https://www.linkedin.com/in/thejacobkantor
Whitney Foley,Jacob Kantor,"6/20/26, 5:06 AM",,INCOMING,https://www.linkedin.com/in/whitney-foley-40979849,https://www.linkedin.com/in/thejacobkantor
Brijesh Patel,Jacob Kantor,"6/18/26, 11:45 PM",,INCOMING,https://www.linkedin.com/in/brijesh-patel-2b8b9b93,https://www.linkedin.com/in/thejacobkantor
Lorna Gray,Jacob Kantor,"6/18/26, 6:34 PM",,INCOMING,https://www.linkedin.com/in/lorna-gray-interface,https://www.linkedin.com/in/thejacobkantor
Richard Bell,Jacob Kantor,"6/18/26, 6:18 PM",,INCOMING,https://www.linkedin.com/in/richard-bell-bb7a21242,https://www.linkedin.com/in/thejacobkantor
"Kendal Arthur, MA, MPA",Jacob Kantor,"6/18/26, 12:51 PM",,INCOMING,https://www.linkedin.com/in/kendal-arthur-ma-mpa-ab076747,https://www.linkedin.com/in/thejacobkantor
Joe Martin,Jacob Kantor,"6/18/26, 10:06 AM",,INCOMING,https://www.linkedin.com/in/joe-martin-29876242,https://www.linkedin.com/in/thejacobkantor
Maryam Malik,Jacob Kantor,"6/18/26, 1:28 AM",,INCOMING,https://www.linkedin.com/in/maryam120,https://www.linkedin.com/in/thejacobkantor
"Craig Eppler, MBA",Jacob Kantor,"6/17/26, 12:11 PM","Hi Jacob, you came up as a recommended connection and your investment background caught my attention. Would love to connect here.",INCOMING,https://www.linkedin.com/in/ceppler,https://www.linkedin.com/in/thejacobkantor
Jeff Bush,Jacob Kantor,"6/17/26, 10:37 AM","Hi Jacob, I saw we were both in the Social Media Marketing Group on LinkedIn and I thought it would be good to connect!",INCOMING,https://www.linkedin.com/in/jeff-bush-50b24117,https://www.linkedin.com/in/thejacobkantor
John Gao,Jacob Kantor,"6/17/26, 10:20 AM",,INCOMING,https://www.linkedin.com/in/self-published-author-johngao,https://www.linkedin.com/in/thejacobkantor
Max Ball,Jacob Kantor,"6/17/26, 5:14 AM","Hey Jacob - I built www.lofty.ai, the world’s first real estate exchange. Now you can buy and sell real estate as effortlessly as trading a share of TSLA.  You’re able to diversify across 120 properties for as little as $50 per share, and cash out instantly at any time.   Up for hearing more? ",INCOMING,https://www.linkedin.com/in/maxball,https://www.linkedin.com/in/thejacobkantor
Johnny Santos,Jacob Kantor,"6/17/26, 3:28 AM",,INCOMING,https://www.linkedin.com/in/1johnnysantos,https://www.linkedin.com/in/thejacobkantor
Alejandro Arcos,Jacob Kantor,"6/16/26, 5:32 PM",,INCOMING,https://www.linkedin.com/in/alejandro-arcos-3b6868b4,https://www.linkedin.com/in/thejacobkantor
Buddy Harris,Jacob Kantor,"6/16/26, 5:49 AM",,INCOMING,https://www.linkedin.com/in/harrisbuddy,https://www.linkedin.com/in/thejacobkantor
Kurt Eisele-Dyrli,Jacob Kantor,"6/15/26, 10:21 AM",,INCOMING,https://www.linkedin.com/in/kurt-eisele-dyrli-b92667159,https://www.linkedin.com/in/thejacobkantor
Ronak Shah,Jacob Kantor,"6/15/26, 2:21 AM","Hi Jacob, we help vendors serving K-12 schools discover active RFPs across the U.S. I noticed your work in the Technology, Information, and Internet space and thought it would be great to connect. We also offer a 30-day free trial.",INCOMING,https://www.linkedin.com/in/ronak-shah-4b3b3b67,https://www.linkedin.com/in/thejacobkantor
Akhil Rapelly,Jacob Kantor,"6/14/26, 9:20 PM",,INCOMING,https://www.linkedin.com/in/rapelly11akhil,https://www.linkedin.com/in/thejacobkantor
Breeanne Amayah,Jacob Kantor,"6/14/26, 8:55 PM",,INCOMING,https://www.linkedin.com/in/breeanne-amayah-64159b224,https://www.linkedin.com/in/thejacobkantor
Lauren Callaghan,Jacob Kantor,"6/14/26, 6:51 PM",,INCOMING,https://www.linkedin.com/in/laurenacallaghan,https://www.linkedin.com/in/thejacobkantor
Michaela Arabia,Jacob Kantor,"6/14/26, 12:27 PM",,INCOMING,https://www.linkedin.com/in/michaela-arabia-a662818b,https://www.linkedin.com/in/thejacobkantor
Mark Paik,Jacob Kantor,"6/14/26, 10:40 AM",,INCOMING,https://www.linkedin.com/in/markpaik,https://www.linkedin.com/in/thejacobkantor
Indranil Choudhury,Jacob Kantor,"6/13/26, 9:30 PM",,INCOMING,https://www.linkedin.com/in/indranil-choudhury,https://www.linkedin.com/in/thejacobkantor
Tito de Morais,Jacob Kantor,"6/13/26, 1:58 PM",,INCOMING,https://www.linkedin.com/in/titodemorais,https://www.linkedin.com/in/thejacobkantor
Cole Cipriani 🤝,Jacob Kantor,"6/13/26, 9:17 AM",Hi Jacob! Hannah Williams mentioned you are an absolute BOSS! As a fellow connector… would love to connect!   -Cole,INCOMING,https://www.linkedin.com/in/coletheconnector,https://www.linkedin.com/in/thejacobkantor
Hannah Williams,Jacob Kantor,"6/13/26, 9:04 AM",,INCOMING,https://www.linkedin.com/in/hannah-m-williams,https://www.linkedin.com/in/thejacobkantor
Darlene Roces,Jacob Kantor,"6/12/26, 3:14 PM",,INCOMING,https://www.linkedin.com/in/darlene-roces,https://www.linkedin.com/in/thejacobkantor
"Danielle Woodman Kehoe, MS, CFRE",Jacob Kantor,"6/12/26, 11:17 AM",,INCOMING,https://www.linkedin.com/in/daniellewoodmankehoe,https://www.linkedin.com/in/thejacobkantor
"Ömer A. Gürses, Ph.D.",Jacob Kantor,"6/12/26, 11:12 AM",,INCOMING,https://www.linkedin.com/in/ömer-a-gürses-ph-d-2b660a190,https://www.linkedin.com/in/thejacobkantor
Matt Marsiglia,Jacob Kantor,"6/12/26, 9:00 AM",,INCOMING,https://www.linkedin.com/in/matt-marsiglia,https://www.linkedin.com/in/thejacobkantor
John Kenny Adeya,Jacob Kantor,"6/12/26, 3:08 AM",,INCOMING,https://www.linkedin.com/in/john-kenny-adeya-6592001a9,https://www.linkedin.com/in/thejacobkantor
Karin Lundquist,Jacob Kantor,"6/11/26, 10:38 PM",,INCOMING,https://www.linkedin.com/in/karin-lundquist,https://www.linkedin.com/in/thejacobkantor
Awal Raina,Jacob Kantor,"6/11/26, 11:59 AM",,INCOMING,https://www.linkedin.com/in/awal-raina-b08228210,https://www.linkedin.com/in/thejacobkantor
Maria Slabaugh,Jacob Kantor,"6/11/26, 8:33 AM",Great session at the EdWeek event-- would love to connect. We are seeing many of the same trends around edtech and digital and loved your validation and insights.,INCOMING,https://www.linkedin.com/in/mariaslabaugh,https://www.linkedin.com/in/thejacobkantor
Md Shahin Hossain,Jacob Kantor,"6/11/26, 8:19 AM",,INCOMING,https://www.linkedin.com/in/md-shahin-hossain-22746b21b,https://www.linkedin.com/in/thejacobkantor
Jirka Jemelka,Jacob Kantor,"6/11/26, 1:05 AM",,INCOMING,https://www.linkedin.com/in/jirijemelka,https://www.linkedin.com/in/thejacobkantor
PUNYA ANISH,Jacob Kantor,"6/10/26, 10:43 PM",,INCOMING,https://www.linkedin.com/in/punya-anish-5798b216a,https://www.linkedin.com/in/thejacobkantor
Raj Chana,Jacob Kantor,"6/10/26, 1:30 PM","I know you’re overwhelmed with the number of deals. The real question is which ones fit your client needs. Built from expertise in Asset & Wealth Management at JP Morgan, Dwellytics filters the noise and shows the right opportunities instantly. I've attached a demo https://tinyurl.com/464bb546",INCOMING,https://www.linkedin.com/in/raj-chana-6a122263,https://www.linkedin.com/in/thejacobkantor
Dean Olson,Jacob Kantor,"6/10/26, 12:59 PM",,INCOMING,https://www.linkedin.com/in/dean-g-olson,https://www.linkedin.com/in/thejacobkantor
Blaine Davis,Jacob Kantor,"6/10/26, 11:45 AM",,INCOMING,https://www.linkedin.com/in/blainerdavis,https://www.linkedin.com/in/thejacobkantor
Nathan Bucci,Jacob Kantor,"6/10/26, 11:05 AM","Hey Jacob, I help Venture Partners launch their own VC funds part-time with no cost unless they hit a first close. Let me know if you've considered launching a fund.   Best,  Nathan",INCOMING,https://www.linkedin.com/in/nathan-bucci,https://www.linkedin.com/in/thejacobkantor
Adam Percival,Jacob Kantor,"6/10/26, 10:58 AM",,INCOMING,https://www.linkedin.com/in/adampercival,https://www.linkedin.com/in/thejacobkantor
Dennis Bays,Jacob Kantor,"6/10/26, 10:39 AM","Hey Jacob, came across your post earlier and it got me thinking. I’ve been connecting with more business owners lately and always enjoy those perspectives. Figured I’d reach out.",INCOMING,https://www.linkedin.com/in/planner,https://www.linkedin.com/in/thejacobkantor
Andy Ross,Jacob Kantor,"6/10/26, 10:19 AM",,INCOMING,https://www.linkedin.com/in/andy-ross-20141b,https://www.linkedin.com/in/thejacobkantor
Aubrey Barnett,Jacob Kantor,"6/10/26, 9:38 AM","I’m the founder of Barnett Sales Consulting, helping EdTech & B2B companies boost sales execution, build predictable pipelines, and scale revenue. With 20+ years in K12 and Higher Ed, I recently grew a new academic segment from startup to $12M. Looking to connect with others driving EdTech growth.",INCOMING,https://www.linkedin.com/in/aubrey-barnett,https://www.linkedin.com/in/thejacobkantor
Omar Valerio [MVP],Jacob Kantor,"6/10/26, 5:54 AM",,INCOMING,https://www.linkedin.com/in/omar-valerio-mvp-43bb2617,https://www.linkedin.com/in/thejacobkantor
Diana Frezza,Jacob Kantor,"6/10/26, 3:06 AM",,INCOMING,https://www.linkedin.com/in/dianafrezza,https://www.linkedin.com/in/thejacobkantor
CA Aman Agrawal,Jacob Kantor,"6/9/26, 11:37 PM",,INCOMING,https://www.linkedin.com/in/ca-aman-agrawal-76a0857b,https://www.linkedin.com/in/thejacobkantor
Akanksha Sharma,Jacob Kantor,"6/9/26, 10:59 PM",,INCOMING,https://www.linkedin.com/in/akankshas14,https://www.linkedin.com/in/thejacobkantor
Varun Navani,Jacob Kantor,"6/9/26, 7:50 PM",,INCOMING,https://www.linkedin.com/in/varunnavani,https://www.linkedin.com/in/thejacobkantor
Julia  Siwert,Jacob Kantor,"6/9/26, 6:25 PM",,INCOMING,https://www.linkedin.com/in/julia-siwert-382002212,https://www.linkedin.com/in/thejacobkantor
Sean Riley,Jacob Kantor,"6/9/26, 11:31 AM",,INCOMING,https://www.linkedin.com/in/sean-riley-07a68a77,https://www.linkedin.com/in/thejacobkantor
Kayke Batista ,Jacob Kantor,"6/9/26, 2:53 AM",,INCOMING,https://www.linkedin.com/in/kayke-batista-7522b6248,https://www.linkedin.com/in/thejacobkantor
Beth Ardner,Jacob Kantor,"6/8/26, 5:06 PM",,INCOMING,https://www.linkedin.com/in/beth-ardner,https://www.linkedin.com/in/thejacobkantor
Shariann Carlo,Jacob Kantor,"6/8/26, 4:51 PM",,INCOMING,https://www.linkedin.com/in/sharianncarlo,https://www.linkedin.com/in/thejacobkantor
"Matthew Jones, CHES",Jacob Kantor,"6/8/26, 11:09 AM",,INCOMING,https://www.linkedin.com/in/matthewjones183,https://www.linkedin.com/in/thejacobkantor
Steven Jiang,Jacob Kantor,"6/8/26, 8:50 AM",,INCOMING,https://www.linkedin.com/in/steviejayoung,https://www.linkedin.com/in/thejacobkantor
Leandro Beer,Jacob Kantor,"6/8/26, 6:48 AM",,INCOMING,https://www.linkedin.com/in/leandrobeer,https://www.linkedin.com/in/thejacobkantor
Craig Miller,Jacob Kantor,"6/8/26, 1:56 AM","Jacob, Our selection committee reviewed your profile and was truly impressed by your achievements. We believe you’d be an excellent candidate to be featured and interviewed in Top 100 Innovators & Entrepreneurs Magazine. We’d love to share more details—please send your email/phone number.",INCOMING,https://www.linkedin.com/in/craig-miller-b38436199,https://www.linkedin.com/in/thejacobkantor
"Shelby McIntyre, MBA, FSCP®",Jacob Kantor,"6/7/26, 7:28 PM",,INCOMING,https://www.linkedin.com/in/shelby-mcintyre-mba-fscp®-13118599,https://www.linkedin.com/in/thejacobkantor
Jasa Todorovich,Jacob Kantor,"6/6/26, 10:46 AM",,INCOMING,https://www.linkedin.com/in/jasa-todorovich-aa180811,https://www.linkedin.com/in/thejacobkantor
Shavonne Terry,Jacob Kantor,"6/6/26, 10:17 AM",,INCOMING,https://www.linkedin.com/in/shavonne-terry-662300407,https://www.linkedin.com/in/thejacobkantor
Adam Feiler-Ware,Jacob Kantor,"6/5/26, 1:47 AM",,INCOMING,https://www.linkedin.com/in/adam-feiler-ware-96936210,https://www.linkedin.com/in/thejacobkantor
"Tina HsinTing Liu,CPA,FACHE",Jacob Kantor,"6/4/26, 11:23 PM",,INCOMING,https://www.linkedin.com/in/tinaliuhsinting,https://www.linkedin.com/in/thejacobkantor
"Marie Kunthara, MBA, SHRM-CP",Jacob Kantor,"6/4/26, 3:12 PM",,INCOMING,https://www.linkedin.com/in/marie-kunthara,https://www.linkedin.com/in/thejacobkantor
Yevgeniy Shenfeld,Jacob Kantor,"6/4/26, 10:17 AM","Hey Jacob, I'm partnering with other AI company owners in Los Angeles, and I'd like to discuss an opportunity with you. Are you available to connect this week or next week?  Best,  Yevgeniy Shenfeld  (917) 599-2590 www.speedtoleadgeneration.com New York, NY",INCOMING,https://www.linkedin.com/in/yshenfeld,https://www.linkedin.com/in/thejacobkantor
Allison A Johnson ,Jacob Kantor,"6/3/26, 6:52 PM",,INCOMING,https://www.linkedin.com/in/allisonjohnson-systems,https://www.linkedin.com/in/thejacobkantor
Garrio Harrison,Jacob Kantor,"6/3/26, 5:46 PM",,INCOMING,https://www.linkedin.com/in/garrioharrison,https://www.linkedin.com/in/thejacobkantor
Matt Barrow,Jacob Kantor,"6/3/26, 2:24 PM",,INCOMING,https://www.linkedin.com/in/matt-barrow-21b71827,https://www.linkedin.com/in/thejacobkantor
Donald Stojack,Jacob Kantor,"6/3/26, 7:25 AM","Jacob, Erin Lair recommend we connect",INCOMING,https://www.linkedin.com/in/donaldstojack,https://www.linkedin.com/in/thejacobkantor
Tomas Diaz,Jacob Kantor,"6/3/26, 2:06 AM",,INCOMING,https://www.linkedin.com/in/tomas-diaz-90987a16,https://www.linkedin.com/in/thejacobkantor
Erik Heinrich,Jacob Kantor,"6/2/26, 10:19 AM",,INCOMING,https://www.linkedin.com/in/erikheinrich,https://www.linkedin.com/in/thejacobkantor
Caleb Vail,Jacob Kantor,"6/2/26, 9:24 AM",,INCOMING,https://www.linkedin.com/in/caleb-vail-167b101b3,https://www.linkedin.com/in/thejacobkantor
Cindy Rariza,Jacob Kantor,"6/1/26, 10:58 PM","Hi Jacob,   If you're managing multiple projects and need extra support, I'd be happy to help. Whether it's organizing workflows, handling admin tasks, or managing deliverables so you can focus on growing your business and revenue-generating activities.  I'd love to connect and chat.",INCOMING,https://www.linkedin.com/in/cindy-rariza-virtualassistant,https://www.linkedin.com/in/thejacobkantor
Kyle Lane,Jacob Kantor,"6/1/26, 2:17 PM",,INCOMING,https://www.linkedin.com/in/kyle-lane-laneledgerco,https://www.linkedin.com/in/thejacobkantor
"Zacary Abreu, MBA",Jacob Kantor,"6/1/26, 11:14 AM",,INCOMING,https://www.linkedin.com/in/zacary-abreu-mba-086606273,https://www.linkedin.com/in/thejacobkantor
"Noradeen Farlekas, LP.D., CFA",Jacob Kantor,"5/31/26, 12:50 PM",,INCOMING,https://www.linkedin.com/in/dr-noradeen-farlekas-cfa,https://www.linkedin.com/in/thejacobkantor
Tushar Kurhekar,Jacob Kantor,"5/31/26, 12:12 PM",,INCOMING,https://www.linkedin.com/in/tusharkurhekar,https://www.linkedin.com/in/thejacobkantor
Kumar Mrityunjay Singh,Jacob Kantor,"5/31/26, 9:26 AM",,INCOMING,https://www.linkedin.com/in/kumarmsingh,https://www.linkedin.com/in/thejacobkantor
Leigh Dwyer,Jacob Kantor,"5/31/26, 7:20 AM",,INCOMING,https://www.linkedin.com/in/leigh-dwyer,https://www.linkedin.com/in/thejacobkantor
Bayram Annakov,Jacob Kantor,"5/31/26, 6:29 AM",,INCOMING,https://www.linkedin.com/in/bayramannakov,https://www.linkedin.com/in/thejacobkantor
Sophie Zapalowska,Jacob Kantor,"5/29/26, 9:17 AM",,INCOMING,https://www.linkedin.com/in/sophie-zapalowska-504a9a204,https://www.linkedin.com/in/thejacobkantor
"Eva Chalioti, PhD",Jacob Kantor,"5/29/26, 8:31 AM",,INCOMING,https://www.linkedin.com/in/evachalioti,https://www.linkedin.com/in/thejacobkantor
Mike Marrie,Jacob Kantor,"5/28/26, 4:31 PM",,INCOMING,https://www.linkedin.com/in/mikemarrie,https://www.linkedin.com/in/thejacobkantor
Christina Terrazas,Jacob Kantor,"5/28/26, 4:09 PM",I work with Lucia @ Hola Books! ✌️ New Sales Director + I live in LA… we should connect,INCOMING,https://www.linkedin.com/in/christina-terrazas,https://www.linkedin.com/in/thejacobkantor
Gene Cohen,Jacob Kantor,"5/28/26, 2:31 PM",,INCOMING,https://www.linkedin.com/in/gene-cohen-55521,https://www.linkedin.com/in/thejacobkantor
Tony Marfella,Jacob Kantor,"5/28/26, 10:29 AM","Hi Jacob! I'm in the process of building an AI student mental health platform for schools, institutions, and universities, happy to connect!",INCOMING,https://www.linkedin.com/in/tony-m-984a59b6,https://www.linkedin.com/in/thejacobkantor
Saleh Saif,Jacob Kantor,"5/27/26, 6:16 PM",,INCOMING,https://www.linkedin.com/in/saleh-saif-5a33847b,https://www.linkedin.com/in/thejacobkantor
Jonathan Cogdell,Jacob Kantor,"5/27/26, 2:06 PM","Noticed your background, love connecting with people building interesting things",INCOMING,https://www.linkedin.com/in/jonathan-cogdell,https://www.linkedin.com/in/thejacobkantor
Corey Murray,Jacob Kantor,"5/27/26, 7:14 AM",,INCOMING,https://www.linkedin.com/in/corey-murray-a8b5a47,https://www.linkedin.com/in/thejacobkantor
"Courtney Teague, EdD, PCC",Jacob Kantor,"5/27/26, 5:55 AM",,INCOMING,https://www.linkedin.com/in/courtneylteague,https://www.linkedin.com/in/thejacobkantor
Chet Linton,Jacob Kantor,"5/27/26, 4:40 AM",,INCOMING,https://www.linkedin.com/in/chetlinton,https://www.linkedin.com/in/thejacobkantor
Rick Sinderbrand,Jacob Kantor,"5/26/26, 3:52 PM","Hi, CONGRATS on the new role! I'm Rick Sinderbrand, Financial Advisor w/ Edward Jones. Do you still have a 401(k) with your previous employer? Many are left in limited, under-optimized plans. If that’s relevant, help yourself make a meaningful difference and let’s connect.   ",INCOMING,https://www.linkedin.com/in/rick-sinderbrand-7a304410,https://www.linkedin.com/in/thejacobkantor
Elizabeth Kurtz,Jacob Kantor,"5/26/26, 2:49 PM",,INCOMING,https://www.linkedin.com/in/elizabeth-kurtz-94b6a387,https://www.linkedin.com/in/thejacobkantor
Adam Turnbull,Jacob Kantor,"5/26/26, 12:18 PM",,INCOMING,https://www.linkedin.com/in/turnbulladam,https://www.linkedin.com/in/thejacobkantor
Navroz Billimoria,Jacob Kantor,"5/26/26, 7:33 AM",,INCOMING,https://www.linkedin.com/in/navroz-billimoria-0b2278217,https://www.linkedin.com/in/thejacobkantor
Jason Nast,Jacob Kantor,"5/26/26, 4:54 AM",,INCOMING,https://www.linkedin.com/in/jason-nast,https://www.linkedin.com/in/thejacobkantor
Carl Johnson,Jacob Kantor,"5/25/26, 2:27 PM",,INCOMING,https://www.linkedin.com/in/carl-johnson-cpsneasc,https://www.linkedin.com/in/thejacobkantor
Zenobia Smith-Ortis,Jacob Kantor,"5/24/26, 9:00 PM",,INCOMING,https://www.linkedin.com/in/zenobia-smith-ortis-51328a126,https://www.linkedin.com/in/thejacobkantor
Shreyansh Singh,Jacob Kantor,"5/24/26, 2:39 PM","Hi Jacob, saw your post about your website project. I'm Shreyansh, MD @ Digital Heroes → Shopify Plus, software, SaaS, mobile. 2,000+ projects, $10M+ revenue, 2.5M YouTube, #1 Fiverr Pro, NYC + Delhi. Portfolio: portfolio.digitalheroes.co.in. Open to chat?",INCOMING,https://www.linkedin.com/in/realshreyanshsingh,https://www.linkedin.com/in/thejacobkantor
James Shackley,Jacob Kantor,"5/24/26, 9:05 AM",,INCOMING,https://www.linkedin.com/in/james-shackley-131a39117,https://www.linkedin.com/in/thejacobkantor
"Rick Dahlseid, MS Tax, CPA",Jacob Kantor,"5/24/26, 7:38 AM",,INCOMING,https://www.linkedin.com/in/rick-dahlseid,https://www.linkedin.com/in/thejacobkantor
Rittesh Chatterjee,Jacob Kantor,"5/24/26, 6:21 AM",,INCOMING,https://www.linkedin.com/in/rittesh-chatterjee-39a3a2145,https://www.linkedin.com/in/thejacobkantor
Prabhat Singh,Jacob Kantor,"5/24/26, 4:50 AM",,INCOMING,https://www.linkedin.com/in/prabhatsinghslcm,https://www.linkedin.com/in/thejacobkantor
Sergei Bogdanov PhD🚀,Jacob Kantor,"5/23/26, 10:28 PM",,INCOMING,https://www.linkedin.com/in/sergeibogdanov,https://www.linkedin.com/in/thejacobkantor
Chad Gundry ,Jacob Kantor,"5/23/26, 11:33 AM",,INCOMING,https://www.linkedin.com/in/chadgundry,https://www.linkedin.com/in/thejacobkantor
Bri Haralson,Jacob Kantor,"5/23/26, 9:36 AM",,INCOMING,https://www.linkedin.com/in/briharalson,https://www.linkedin.com/in/thejacobkantor
Peter Aytug,Jacob Kantor,"5/23/26, 8:12 AM",,INCOMING,https://www.linkedin.com/in/peter-aytug-4401811b9,https://www.linkedin.com/in/thejacobkantor
Erik Nelson,Jacob Kantor,"5/23/26, 7:23 AM",,INCOMING,https://www.linkedin.com/in/erik-nelson-88706517,https://www.linkedin.com/in/thejacobkantor
James Marciano,Jacob Kantor,"5/23/26, 6:20 AM","Hi Jacob - good meeting you at ASU+GSV. I just saw John Rood in Chicago and he suggested we invite you to be a Bounty Banker (he's been one for several years with us). I'll have Mike McKenna send you an invite. Only take 30 seconds to apply. It's about 170 handpicked CEOs/Founders. best, James",INCOMING,https://www.linkedin.com/in/marciano,https://www.linkedin.com/in/thejacobkantor
Michelle Hallis,Jacob Kantor,"5/22/26, 11:49 AM",,INCOMING,https://www.linkedin.com/in/michellehallisifs,https://www.linkedin.com/in/thejacobkantor
Asha Canady,Jacob Kantor,"5/22/26, 9:31 AM",,INCOMING,https://www.linkedin.com/in/asha-canady-28334a9a,https://www.linkedin.com/in/thejacobkantor
Siddharth S,Jacob Kantor,"5/22/26, 7:01 AM",,INCOMING,https://www.linkedin.com/in/siddharths98,https://www.linkedin.com/in/thejacobkantor
"Pauline K Nagle, Ed.S.",Jacob Kantor,"5/21/26, 5:49 PM",,INCOMING,https://www.linkedin.com/in/paulinenagle,https://www.linkedin.com/in/thejacobkantor
Dr. Nadine Ebri,Jacob Kantor,"5/21/26, 12:40 PM",,INCOMING,https://www.linkedin.com/in/dr-nadine-ebri-aab6ab1ab,https://www.linkedin.com/in/thejacobkantor
"Ashley Clark, PE-CRE",Jacob Kantor,"5/21/26, 12:18 PM","Jacob, I run acquisitions at Orbius Capital. Direct investor circle. Then I found you.",INCOMING,https://www.linkedin.com/in/ashley-clark-pe-cre-2686078a,https://www.linkedin.com/in/thejacobkantor
"Mando Sallavanti III, CFP®, CEPA®",Jacob Kantor,"5/21/26, 4:37 AM",,INCOMING,https://www.linkedin.com/in/sallavanti,https://www.linkedin.com/in/thejacobkantor
Subhajit Bhattacharyya,Jacob Kantor,"5/21/26, 4:28 AM",,INCOMING,https://www.linkedin.com/in/subhajit-bhattacharyya-aaa477163,https://www.linkedin.com/in/thejacobkantor
Sarah Scott Frank,Jacob Kantor,"5/21/26, 4:28 AM",,INCOMING,https://www.linkedin.com/in/sarahopenliteracy,https://www.linkedin.com/in/thejacobkantor
Jennifer Slater,Jacob Kantor,"5/21/26, 3:19 AM",,INCOMING,https://www.linkedin.com/in/jennifer-s-40376426,https://www.linkedin.com/in/thejacobkantor
"Dr. Laura Stout, RTSBA, PMP",Jacob Kantor,"5/20/26, 7:41 PM",,INCOMING,https://www.linkedin.com/in/drlaurastout,https://www.linkedin.com/in/thejacobkantor
Daniel Oswald,Jacob Kantor,"5/20/26, 11:35 AM",,INCOMING,https://www.linkedin.com/in/daniel-oswald-42311310a,https://www.linkedin.com/in/thejacobkantor
Anthony Zambelli,Jacob Kantor,"5/20/26, 9:56 AM",,INCOMING,https://www.linkedin.com/in/anthony-zambelli-40834220,https://www.linkedin.com/in/thejacobkantor
Krzysztof Kosman,Jacob Kantor,"5/20/26, 5:53 AM",,INCOMING,https://www.linkedin.com/in/krzysztof-kosman,https://www.linkedin.com/in/thejacobkantor
Derrick  Wesley,Jacob Kantor,"5/19/26, 7:01 PM",,INCOMING,https://www.linkedin.com/in/derrick-wesley-imar-learning,https://www.linkedin.com/in/thejacobkantor
Nitza D. Jimenez,Jacob Kantor,"5/19/26, 8:27 AM","Hi Jacob, your post resonated with me. I’m a Family Engagement & Parent Communication Specialist, and I spend a lot of time thinking about how adult messaging shapes children’s confidence, communication, and emotional safety. Loved your focus on confidence over pressure.Would love to connect. ",INCOMING,https://www.linkedin.com/in/nitza-danielle,https://www.linkedin.com/in/thejacobkantor
Crystal Vega,Jacob Kantor,"5/18/26, 2:04 PM","Hi Jacob, I came across your profile and love what you're building in sales. I work with professionals who want to add an additional income stream alongside their career — no career change required. Would love to connect and share more!",INCOMING,https://www.linkedin.com/in/crystal-vega-93b878228,https://www.linkedin.com/in/thejacobkantor
Tom Vandenbosch,Jacob Kantor,"5/18/26, 10:23 AM",,INCOMING,https://www.linkedin.com/in/tvandenbosch,https://www.linkedin.com/in/thejacobkantor
Ebenezer Odioko,Jacob Kantor,"5/18/26, 8:24 AM",,INCOMING,https://www.linkedin.com/in/ebenezer-odioko-865050170,https://www.linkedin.com/in/thejacobkantor
Peter Glovin,Jacob Kantor,"5/18/26, 8:24 AM",Jacob - Would love to connect with you to learn about Door Opener opportunities. I think we have met in the past at IEI events via Tiffany. -Peter,INCOMING,https://www.linkedin.com/in/peter-glovin-055b713,https://www.linkedin.com/in/thejacobkantor
Ian Eyberg,Jacob Kantor,"5/18/26, 7:56 AM",,INCOMING,https://www.linkedin.com/in/ianeyberg,https://www.linkedin.com/in/thejacobkantor
Dana Abramson,Jacob Kantor,"5/18/26, 6:12 AM",,INCOMING,https://www.linkedin.com/in/dana-abramson-1790274,https://www.linkedin.com/in/thejacobkantor
Virginia N P,Jacob Kantor,"5/18/26, 5:07 AM","Hi Jacob, I came across your profile recently and thought it would be great to connect with someone from the industry. Looking forward to staying connected.",INCOMING,https://www.linkedin.com/in/virginia-n-p-588a84234,https://www.linkedin.com/in/thejacobkantor
"Erik Torres, Ed.D. ",Jacob Kantor,"5/18/26, 4:21 AM",,INCOMING,https://www.linkedin.com/in/erik-torres-ed-d-31a98b11,https://www.linkedin.com/in/thejacobkantor
Jason Walke,Jacob Kantor,"5/17/26, 3:37 PM",,INCOMING,https://www.linkedin.com/in/jason-walke-1983oa,https://www.linkedin.com/in/thejacobkantor
Mouhamad Khodr,Jacob Kantor,"5/15/26, 2:22 PM","Hi Jacob, love your focus on RE. Are you looking for liquidity to fund your next deal but hate today's debt rates? Over at Cedar, we help investors cash out up to 30% of property value by unbundling the land and turning equity to liquidity. Open to the math?",INCOMING,https://www.linkedin.com/in/mouhamad-khodr-3a467b107,https://www.linkedin.com/in/thejacobkantor
Andrew David,Jacob Kantor,"5/15/26, 1:33 PM","Hi Jacob, we work with MSPs looking to strengthen ransomware recovery, data security, and resilience for their clients without adding a lot of complexity. Curious, are you seeing more demand for recoverability and rapid recovery conversations lately?",INCOMING,https://www.linkedin.com/in/dataguardcorp,https://www.linkedin.com/in/thejacobkantor
Laura Busch,Jacob Kantor,"5/15/26, 11:21 AM",,INCOMING,https://www.linkedin.com/in/laura-busch-379724176,https://www.linkedin.com/in/thejacobkantor
Gaurav Dhankar,Jacob Kantor,"5/15/26, 8:58 AM",,INCOMING,https://www.linkedin.com/in/gaurav-dhankar-495a2678,https://www.linkedin.com/in/thejacobkantor
Geoff Justice,Jacob Kantor,"5/15/26, 6:16 AM",,INCOMING,https://www.linkedin.com/in/geoffjustice1,https://www.linkedin.com/in/thejacobkantor
Shayan Ahmad,Jacob Kantor,"5/15/26, 5:23 AM",,INCOMING,https://www.linkedin.com/in/shayanahmad7,https://www.linkedin.com/in/thejacobkantor
Jacquline Joseph,Jacob Kantor,"5/15/26, 5:20 AM",,INCOMING,https://www.linkedin.com/in/jacquline-joseph-297856185,https://www.linkedin.com/in/thejacobkantor
Gad Amit,Jacob Kantor,"5/15/26, 3:58 AM",,INCOMING,https://www.linkedin.com/in/gad-amit-9466112b,https://www.linkedin.com/in/thejacobkantor
Michael Berlingo,Jacob Kantor,"5/14/26, 11:07 PM",EdTech founder building work-based learning infrastructure - would love to join the EdTech Insiders WhatsApp group.,INCOMING,https://www.linkedin.com/in/mblingo,https://www.linkedin.com/in/thejacobkantor
"Robert Owens, MBA",Jacob Kantor,"5/14/26, 2:20 PM",,INCOMING,https://www.linkedin.com/in/robert-owens-mba-0aa63b6,https://www.linkedin.com/in/thejacobkantor
Jake Latyschow,Jacob Kantor,"5/14/26, 1:52 PM","Tried to speak with your team twice.  Nobody showed up twice.  You down to connect and be on the call?  Would love to see a new standard be set as I am interested in your services.  If not, totally cool as well.  Has to make sense for both of us.",INCOMING,https://www.linkedin.com/in/jake-latyschow-209393108,https://www.linkedin.com/in/thejacobkantor
Jaasmeet .,Jacob Kantor,"5/14/26, 11:37 AM","Hi Jacob, came across your profile while researching growing businesses in Professional Training & Coaching. Would love to connect and exchange ideas around operational efficiency and AI automation.",INCOMING,https://www.linkedin.com/in/jaasmeet,https://www.linkedin.com/in/thejacobkantor
Francisca  Rivas,Jacob Kantor,"5/14/26, 11:10 AM",,INCOMING,https://www.linkedin.com/in/francisca-rivas-baa4841a5,https://www.linkedin.com/in/thejacobkantor
"Maria A. Rogers, Ph.D.",Jacob Kantor,"5/14/26, 8:29 AM",,INCOMING,https://www.linkedin.com/in/drmariarogers,https://www.linkedin.com/in/thejacobkantor
Stan Pearson,Jacob Kantor,"5/14/26, 7:35 AM",,INCOMING,https://www.linkedin.com/in/pearsoncg,https://www.linkedin.com/in/thejacobkantor
Chris Nunez,Jacob Kantor,"5/14/26, 5:13 AM",,INCOMING,https://www.linkedin.com/in/chrisenunez,https://www.linkedin.com/in/thejacobkantor
Devi Arun Rajeev,Jacob Kantor,"5/14/26, 4:40 AM",,INCOMING,https://www.linkedin.com/in/devirajeev,https://www.linkedin.com/in/thejacobkantor
Syed Tasawar Abbas,Jacob Kantor,"5/14/26, 1:14 AM",,INCOMING,https://www.linkedin.com/in/syedtasawarabbas,https://www.linkedin.com/in/thejacobkantor
"Sree Lakshmi Venda,  PMP",Jacob Kantor,"5/13/26, 8:26 PM",,INCOMING,https://www.linkedin.com/in/sree-lakshmi-venda-pmp,https://www.linkedin.com/in/thejacobkantor
Sashiel Williams-Nosworthy,Jacob Kantor,"5/13/26, 7:46 PM",,INCOMING,https://www.linkedin.com/in/sashiel,https://www.linkedin.com/in/thejacobkantor
"Gabriella Maldonado, Ed.S.",Jacob Kantor,"5/13/26, 5:35 PM",,INCOMING,https://www.linkedin.com/in/gabriella-maldonado-ed-s-36565a13a,https://www.linkedin.com/in/thejacobkantor
Ali Dondero,Jacob Kantor,"5/13/26, 5:31 PM",,INCOMING,https://www.linkedin.com/in/ali-dondero,https://www.linkedin.com/in/thejacobkantor
Yekusiel Eckstein,Jacob Kantor,"5/13/26, 2:31 PM",,INCOMING,https://www.linkedin.com/in/yekusiel-eckstein-6bb3b998,https://www.linkedin.com/in/thejacobkantor
Graham Edward,Jacob Kantor,"5/13/26, 11:55 AM",,INCOMING,https://www.linkedin.com/in/grahamedward,https://www.linkedin.com/in/thejacobkantor
Alexios Vakis,Jacob Kantor,"5/13/26, 11:49 AM",,INCOMING,https://www.linkedin.com/in/alexios-vakis-881926228,https://www.linkedin.com/in/thejacobkantor
ETHEARD JOSEPH,Jacob Kantor,"5/13/26, 9:09 AM",,INCOMING,https://www.linkedin.com/in/etheardjoseph,https://www.linkedin.com/in/thejacobkantor
Preetesh J,Jacob Kantor,"5/13/26, 1:29 AM",,INCOMING,https://www.linkedin.com/in/preeteshj,https://www.linkedin.com/in/thejacobkantor
Hans Luyckx,Jacob Kantor,"5/12/26, 9:24 PM",,INCOMING,https://www.linkedin.com/in/hans-luyckx-41241a1,https://www.linkedin.com/in/thejacobkantor
Kaylin Ann Lampson,Jacob Kantor,"5/12/26, 10:26 AM",,INCOMING,https://www.linkedin.com/in/kaylinlampson56,https://www.linkedin.com/in/thejacobkantor
Adroja Hardik,Jacob Kantor,"5/12/26, 6:39 AM","Hi Jacob,  Your Role is very unique and challenging. I think you have many daily activities. I can create a system to maintain your daily tasks. I will help into your tech tasks with the best small hourly rate,  Thanks, Hardik",INCOMING,https://www.linkedin.com/in/hardikadroja,https://www.linkedin.com/in/thejacobkantor
Alex Saunders,Jacob Kantor,"5/12/26, 2:50 AM",,INCOMING,https://www.linkedin.com/in/alex-s-0a1692117,https://www.linkedin.com/in/thejacobkantor
Jesael Pastelin Avelino,Jacob Kantor,"5/11/26, 9:38 PM",,INCOMING,https://www.linkedin.com/in/jesael-pastelin,https://www.linkedin.com/in/thejacobkantor
Lucy  Kryuchkova ,Jacob Kantor,"5/11/26, 9:38 PM",,INCOMING,https://www.linkedin.com/in/lucy-g-cybersec,https://www.linkedin.com/in/thejacobkantor
Leann (Scibelli) Capraro,Jacob Kantor,"5/11/26, 8:49 AM","Hi Jacob, Noticed we have a few mutual connections. Always looking to connect with others in the real estate space. ",INCOMING,https://www.linkedin.com/in/leann-scibelli-capraro-a9528553,https://www.linkedin.com/in/thejacobkantor
"Soren Schwab, M.Ed",Jacob Kantor,"5/11/26, 7:33 AM",,INCOMING,https://www.linkedin.com/in/soren-schwab-m-ed-218a5172,https://www.linkedin.com/in/thejacobkantor
Sanket Merchant,Jacob Kantor,"5/11/26, 7:27 AM","Hi Jacob – I’m a Partner at PeakSpan focused on EdTech investing. We’re looking to work with K-12 leaders through our compensated advisory program, and your experience in district partnerships and school GTM strategy stood out. Would love to connect and chat further!",INCOMING,https://www.linkedin.com/in/sanketmerchant,https://www.linkedin.com/in/thejacobkantor
Adam Kreimeia,Jacob Kantor,"5/11/26, 6:24 AM",,INCOMING,https://www.linkedin.com/in/adam-kreimeia,https://www.linkedin.com/in/thejacobkantor
Aasif Shah ,Jacob Kantor,"5/11/26, 5:00 AM",,INCOMING,https://www.linkedin.com/in/bizzguy,https://www.linkedin.com/in/thejacobkantor
Chris Knight,Jacob Kantor,"5/11/26, 1:51 AM",,INCOMING,https://www.linkedin.com/in/recruiter-chris,https://www.linkedin.com/in/thejacobkantor
Jesús Galindo,Jacob Kantor,"5/10/26, 4:28 PM",,INCOMING,https://www.linkedin.com/in/jesus-alfredo-galindo,https://www.linkedin.com/in/thejacobkantor
Hammad Malik,Jacob Kantor,"5/10/26, 12:17 PM",,INCOMING,https://www.linkedin.com/in/hammadmalikofficial,https://www.linkedin.com/in/thejacobkantor
Anthony Marinelli,Jacob Kantor,"5/10/26, 10:21 AM",,INCOMING,https://www.linkedin.com/in/anthonymarinelli,https://www.linkedin.com/in/thejacobkantor
Marco Chiapparino,Jacob Kantor,"5/10/26, 4:05 AM",,INCOMING,https://www.linkedin.com/in/marcochiapparino,https://www.linkedin.com/in/thejacobkantor
Felix Weaver,Jacob Kantor,"5/10/26, 12:18 AM","Hi Jacob, your work is brilliant and your EdTech interview series looks great, let's connect. ",INCOMING,https://www.linkedin.com/in/felixweaver,https://www.linkedin.com/in/thejacobkantor
Joel Townsend,Jacob Kantor,"5/9/26, 5:30 PM",,INCOMING,https://www.linkedin.com/in/joeltownsend777,https://www.linkedin.com/in/thejacobkantor
"April Zawlocki, Ed.D.",Jacob Kantor,"5/9/26, 4:18 PM",,INCOMING,https://www.linkedin.com/in/zawlocki,https://www.linkedin.com/in/thejacobkantor
Jennifer Hoitsma,Jacob Kantor,"5/9/26, 4:07 PM",,INCOMING,https://www.linkedin.com/in/jenniferhoitsma,https://www.linkedin.com/in/thejacobkantor
Project Hero X,Jacob Kantor,"5/9/26, 2:34 PM",,INCOMING,https://www.linkedin.com/in/project-hero-x-7677403b3,https://www.linkedin.com/in/thejacobkantor
Hind Aati,Jacob Kantor,"5/9/26, 1:45 PM",,INCOMING,https://www.linkedin.com/in/hindaati,https://www.linkedin.com/in/thejacobkantor
Mitchell Monson,Jacob Kantor,"5/8/26, 7:37 PM","Hey Jacob, I’m exploring a new direction for our practice and trying to learn from experts like you in the ed tech space. Would love to connect if you're open to sharing a bit of insight. No selling, just research regarding level of CPA involvement in forward tax planning /estate initiatives. ",INCOMING,https://www.linkedin.com/in/mitchellmonson,https://www.linkedin.com/in/thejacobkantor
Joann Kozyrev,Jacob Kantor,"5/8/26, 6:45 PM",,INCOMING,https://www.linkedin.com/in/joannkozyrev,https://www.linkedin.com/in/thejacobkantor
Isaac Zeigler,Jacob Kantor,"5/8/26, 4:03 PM",,INCOMING,https://www.linkedin.com/in/isaaczeigler,https://www.linkedin.com/in/thejacobkantor
Anabella Laya,Jacob Kantor,"5/8/26, 12:03 PM",,INCOMING,https://www.linkedin.com/in/anitalaya,https://www.linkedin.com/in/thejacobkantor
Dan Wyar,Jacob Kantor,"5/8/26, 10:31 AM","Hey Jacob: Saw one of my friends, Rebecca, commented on your post. Thought I'd connect. I run a strategic marketing agency that serves the K-12 education space. Do you work with professional services companies, or just ed-tech?  dan",INCOMING,https://www.linkedin.com/in/dwyar,https://www.linkedin.com/in/thejacobkantor
David Tymm,Jacob Kantor,"5/8/26, 12:33 AM",,INCOMING,https://www.linkedin.com/in/davidtymm,https://www.linkedin.com/in/thejacobkantor
Mark Thummar,Jacob Kantor,"5/8/26, 1:48 AM",,INCOMING,https://www.linkedin.com/in/mark-thummar-72482417,https://www.linkedin.com/in/thejacobkantor
Santosh Pal,Jacob Kantor,"5/8/26, 1:39 AM",,INCOMING,https://www.linkedin.com/in/santosh-pal-7b7b95253,https://www.linkedin.com/in/thejacobkantor
Mohammed Yafai,Jacob Kantor,"5/8/26, 12:48 AM",,INCOMING,https://www.linkedin.com/in/mohammed-yafai-403b7612a,https://www.linkedin.com/in/thejacobkantor
Nick Bontrager,Jacob Kantor,"5/7/26, 8:08 PM",,INCOMING,https://www.linkedin.com/in/nick-bontrager-b4168b2b0,https://www.linkedin.com/in/thejacobkantor
Joe Montoya III,Jacob Kantor,"5/7/26, 8:04 PM",,INCOMING,https://www.linkedin.com/in/joemontoyaiii,https://www.linkedin.com/in/thejacobkantor
Dan Cook,Jacob Kantor,"5/7/26, 7:32 PM",Would love to chat K12 distribution. We sell endpoint management software to K12,INCOMING,https://www.linkedin.com/in/dan-cook,https://www.linkedin.com/in/thejacobkantor
Brandon Brown,Jacob Kantor,"5/7/26, 7:25 PM",,INCOMING,https://www.linkedin.com/in/brandonb42,https://www.linkedin.com/in/thejacobkantor
Liz Goff,Jacob Kantor,"5/7/26, 4:00 PM",,INCOMING,https://www.linkedin.com/in/liz-goff,https://www.linkedin.com/in/thejacobkantor
Zach Rutta,Jacob Kantor,"5/7/26, 1:41 PM",,INCOMING,https://www.linkedin.com/in/zachrutta,https://www.linkedin.com/in/thejacobkantor
Alex Grodnik,Jacob Kantor,"5/7/26, 1:31 PM",Hey Jacob - would love to get your advice on the content business I'm building for universities ,INCOMING,https://www.linkedin.com/in/grodnik,https://www.linkedin.com/in/thejacobkantor
Roop Bhadury,Jacob Kantor,"5/7/26, 1:05 PM",,INCOMING,https://www.linkedin.com/in/roopbhadury,https://www.linkedin.com/in/thejacobkantor
Younus Rashid,Jacob Kantor,"5/7/26, 4:29 AM",,INCOMING,https://www.linkedin.com/in/younusrashid,https://www.linkedin.com/in/thejacobkantor
Jeff Dominguez,Jacob Kantor,"5/6/26, 10:22 PM",,INCOMING,https://www.linkedin.com/in/jeff-dominguez-4232057,https://www.linkedin.com/in/thejacobkantor
Ezekiel Love,Jacob Kantor,"5/6/26, 8:45 PM",,INCOMING,https://www.linkedin.com/in/ezekiel-love-11813056,https://www.linkedin.com/in/thejacobkantor
Jennifer Martin,Jacob Kantor,"5/6/26, 7:46 PM",,INCOMING,https://www.linkedin.com/in/jennifer-martin-51220218,https://www.linkedin.com/in/thejacobkantor
Sachin Rai,Jacob Kantor,"5/6/26, 7:38 PM",,INCOMING,https://www.linkedin.com/in/sachin-rai21,https://www.linkedin.com/in/thejacobkantor
Chris Usserman,Jacob Kantor,"5/6/26, 7:18 PM",,INCOMING,https://www.linkedin.com/in/chris-usserman-39617813,https://www.linkedin.com/in/thejacobkantor
Giovanni Estrada,Jacob Kantor,"5/6/26, 7:17 PM",,INCOMING,https://www.linkedin.com/in/giovanni-estrada-91359369,https://www.linkedin.com/in/thejacobkantor
Shawn Boom,Jacob Kantor,"5/6/26, 7:08 PM",,INCOMING,https://www.linkedin.com/in/shawnboom,https://www.linkedin.com/in/thejacobkantor
Vaishnavi Awasthi,Jacob Kantor,"5/6/26, 6:59 PM",,INCOMING,https://www.linkedin.com/in/vaishnavi-awasthi20,https://www.linkedin.com/in/thejacobkantor
Kristin Scala,Jacob Kantor,"5/6/26, 4:55 PM",,INCOMING,https://www.linkedin.com/in/kristin-scala-205845364,https://www.linkedin.com/in/thejacobkantor
"Debbie Jessen Kulasa, M.Ed.",Jacob Kantor,"5/6/26, 4:20 PM",,INCOMING,https://www.linkedin.com/in/debbie-jessen-kulasa,https://www.linkedin.com/in/thejacobkantor
Jennifer Stout,Jacob Kantor,"5/6/26, 3:34 PM",,INCOMING,https://www.linkedin.com/in/jennifer-stout-elevate,https://www.linkedin.com/in/thejacobkantor
Michelle Kissinger,Jacob Kantor,"5/6/26, 3:34 PM",,INCOMING,https://www.linkedin.com/in/michelle-k-2128171a8,https://www.linkedin.com/in/thejacobkantor
"Brooke Venkatraman, M.Ed.",Jacob Kantor,"5/6/26, 2:30 PM",,INCOMING,https://www.linkedin.com/in/brooke-venkatraman,https://www.linkedin.com/in/thejacobkantor
Cheryl A. Madden,Jacob Kantor,"5/6/26, 2:10 PM",,INCOMING,https://www.linkedin.com/in/cheryl-a-madden-77892886,https://www.linkedin.com/in/thejacobkantor
Rian Arora,Jacob Kantor,"5/6/26, 12:40 PM",,INCOMING,https://www.linkedin.com/in/rian-arora-66967825a,https://www.linkedin.com/in/thejacobkantor
Akhil  Mattaparthi ,Jacob Kantor,"5/6/26, 11:41 AM",,INCOMING,https://www.linkedin.com/in/akhil-mattaparthi-18672025b,https://www.linkedin.com/in/thejacobkantor
Lindsey Kelley,Jacob Kantor,"5/6/26, 11:37 AM",,INCOMING,https://www.linkedin.com/in/linsrkelley,https://www.linkedin.com/in/thejacobkantor
Leigh Cassell,Jacob Kantor,"5/6/26, 11:04 AM","Hi Jacob, I'm interested in learning more about you and what you do! If you're open to a chat, please let me know :). Leigh",INCOMING,https://www.linkedin.com/in/leigh-cassell,https://www.linkedin.com/in/thejacobkantor
Eunhye Grace Ko,Jacob Kantor,"5/6/26, 10:53 AM",,INCOMING,https://www.linkedin.com/in/eunhyeko,https://www.linkedin.com/in/thejacobkantor
Suchit Vaidya,Jacob Kantor,"5/6/26, 10:37 AM",,INCOMING,https://www.linkedin.com/in/suchit-vaidya-306795186,https://www.linkedin.com/in/thejacobkantor
"Joseph Martz, SPHR",Jacob Kantor,"5/6/26, 10:30 AM",,INCOMING,https://www.linkedin.com/in/jdmartz,https://www.linkedin.com/in/thejacobkantor
Michael Dougherty,Jacob Kantor,"5/6/26, 10:22 AM",,INCOMING,https://www.linkedin.com/in/michael-dougherty-ba68315,https://www.linkedin.com/in/thejacobkantor
"Viacheslav Tomenko, MBA",Jacob Kantor,"5/6/26, 10:16 AM",,INCOMING,https://www.linkedin.com/in/viacheslav-tomenko-mba-4a4899b5,https://www.linkedin.com/in/thejacobkantor
Tiffani Velez,Jacob Kantor,"5/6/26, 9:59 AM",,INCOMING,https://www.linkedin.com/in/tiffani-v-475b8394,https://www.linkedin.com/in/thejacobkantor
Jamie Downey,Jacob Kantor,"5/6/26, 9:58 AM",,INCOMING,https://www.linkedin.com/in/jamie-stone-downey,https://www.linkedin.com/in/thejacobkantor
Alex Krump-Johnson,Jacob Kantor,"5/6/26, 9:57 AM",,INCOMING,https://www.linkedin.com/in/alexkrumpjohnson,https://www.linkedin.com/in/thejacobkantor
"Romeo Gardner, CISSP",Jacob Kantor,"5/6/26, 9:52 AM",,INCOMING,https://www.linkedin.com/in/romeog,https://www.linkedin.com/in/thejacobkantor
Joey Wise,Jacob Kantor,"5/5/26, 6:44 PM","Hey Jacob, nice to connect. ",INCOMING,https://www.linkedin.com/in/joey-wise-b447b037,https://www.linkedin.com/in/thejacobkantor
Ben Altschuler,Jacob Kantor,"5/5/26, 11:39 AM",,INCOMING,https://www.linkedin.com/in/benaltschuler,https://www.linkedin.com/in/thejacobkantor
"Kyle Blackwell, CFP®️",Jacob Kantor,"5/5/26, 11:17 AM",,INCOMING,https://www.linkedin.com/in/kyle-blackwell-cfp®️-850167356,https://www.linkedin.com/in/thejacobkantor
Jacob Hanson,Jacob Kantor,"5/5/26, 10:10 AM","Saw you on the Leadership collective and thought I'd reach out. Would love to learn more about what you do, people ask me for door opening all the time and we don't provide it!",INCOMING,https://www.linkedin.com/in/jacobhanson1,https://www.linkedin.com/in/thejacobkantor
Janet Maher ,Jacob Kantor,"5/5/26, 5:40 AM",,INCOMING,https://www.linkedin.com/in/janet-maher-69a06921a,https://www.linkedin.com/in/thejacobkantor
Vincent Dickie,Jacob Kantor,"5/5/26, 2:50 AM","Hey Jacob, I'm an Edtech consultant (ex NMIT, Institute of Data). I came across your posts. Keen to follow along and swap notes on what's working in the space. Best regards from Aotearoa New Zealand, Vincent ",INCOMING,https://www.linkedin.com/in/vincentdickie,https://www.linkedin.com/in/thejacobkantor
Prem Kumar,Jacob Kantor,"5/5/26, 1:08 AM",,INCOMING,https://www.linkedin.com/in/prem-kumar-6a78b8a8,https://www.linkedin.com/in/thejacobkantor
Roelof van Heeren,Jacob Kantor,"5/5/26, 12:01 AM","Hey Jacob, noticed you're investing in real estate. At Fifth Avenue Properties, we develop projects across Canada, US, and Bali. If you're currently looking for new opportunities, I'm happy to share some of our off-market deals at the moment.",INCOMING,https://www.linkedin.com/in/roelofvanheeren,https://www.linkedin.com/in/thejacobkantor
"Lea Cecilia Waismann, Ph.D.",Jacob Kantor,"5/4/26, 10:21 PM",,INCOMING,https://www.linkedin.com/in/lea-cecilia-waismann-ph-d-b429525b,https://www.linkedin.com/in/thejacobkantor
"Justin A. Lascsak, MBA, CETL, RTSBA",Jacob Kantor,"5/4/26, 6:53 PM",,INCOMING,https://www.linkedin.com/in/justin-a-lascsak,https://www.linkedin.com/in/thejacobkantor
"Andre Winding, MBA",Jacob Kantor,"5/4/26, 3:52 PM","Hey Jacob, came across your profile — I like connecting with professionals focused on building income and expanding beyond just their primary source.    Open to connecting?",INCOMING,https://www.linkedin.com/in/andre-winding,https://www.linkedin.com/in/thejacobkantor
Preetham Poovani,Jacob Kantor,"5/4/26, 12:45 PM",Always great to connect with fellow GTM leaders.  Looking forward to learning from your insights.,INCOMING,https://www.linkedin.com/in/preethampoovani,https://www.linkedin.com/in/thejacobkantor
Jason Morton,Jacob Kantor,"5/4/26, 12:26 PM",,INCOMING,https://www.linkedin.com/in/jason-morton01,https://www.linkedin.com/in/thejacobkantor
Kartik Sarda,Jacob Kantor,"5/4/26, 10:53 AM",,INCOMING,https://www.linkedin.com/in/sardakartikus,https://www.linkedin.com/in/thejacobkantor
John Loffredo,Jacob Kantor,"5/4/26, 6:18 AM","Not sure if this is even worth your time, but what’s the chance you still work on rehabs or rentals?",INCOMING,https://www.linkedin.com/in/john-loffredo-9a040b173,https://www.linkedin.com/in/thejacobkantor
Shishir Kumar,Jacob Kantor,"5/4/26, 5:47 AM",,INCOMING,https://www.linkedin.com/in/shishir-kumar-75739211a,https://www.linkedin.com/in/thejacobkantor
Mohammad Nasir,Jacob Kantor,"5/4/26, 1:08 AM",,INCOMING,https://www.linkedin.com/in/mdnasirr,https://www.linkedin.com/in/thejacobkantor
Molly Morse,Jacob Kantor,"5/4/26, 12:06 AM",,INCOMING,https://www.linkedin.com/in/mollydmorse,https://www.linkedin.com/in/thejacobkantor
Gürcan Demirci,Jacob Kantor,"5/3/26, 8:36 PM",,INCOMING,https://www.linkedin.com/in/gürcan-demirci-2945b741,https://www.linkedin.com/in/thejacobkantor
"Ashley Hart, M. Ed.",Jacob Kantor,"5/3/26, 6:47 PM",,INCOMING,https://www.linkedin.com/in/ashley-g,https://www.linkedin.com/in/thejacobkantor
"Rodney Casida, CPA",Jacob Kantor,"5/3/26, 1:34 PM",,INCOMING,https://www.linkedin.com/in/rodneycasida,https://www.linkedin.com/in/thejacobkantor
Mian Khan,Jacob Kantor,"5/3/26, 4:49 AM",,INCOMING,https://www.linkedin.com/in/miankhan,https://www.linkedin.com/in/thejacobkantor
Cheryl Hayek Green,Jacob Kantor,"5/3/26, 3:39 AM",,INCOMING,https://www.linkedin.com/in/cheryl-hayek-green,https://www.linkedin.com/in/thejacobkantor
Catia Batista,Jacob Kantor,"5/3/26, 1:01 AM",,INCOMING,https://www.linkedin.com/in/cpbatista,https://www.linkedin.com/in/thejacobkantor
Sammy Joseph,Jacob Kantor,"5/2/26, 10:07 PM",,INCOMING,https://www.linkedin.com/in/sammy-joseph-43081618,https://www.linkedin.com/in/thejacobkantor
Omar Sharkawy,Jacob Kantor,"5/2/26, 1:01 PM",,INCOMING,https://www.linkedin.com/in/omar-sharkawy-1546781b1,https://www.linkedin.com/in/thejacobkantor
Peter Hostrawser,Jacob Kantor,"5/2/26, 12:59 PM",,INCOMING,https://www.linkedin.com/in/peterhostrawser,https://www.linkedin.com/in/thejacobkantor
James Landeros,Jacob Kantor,"5/2/26, 11:57 AM",,INCOMING,https://www.linkedin.com/in/jameslanderos,https://www.linkedin.com/in/thejacobkantor
Anastasiya Petrakova,Jacob Kantor,"5/1/26, 10:08 PM",,INCOMING,https://www.linkedin.com/in/anastasiyapetrakova,https://www.linkedin.com/in/thejacobkantor
Brandon Kaiser,Jacob Kantor,"5/1/26, 12:45 PM",,INCOMING,https://www.linkedin.com/in/brandon-kaiser-998741380,https://www.linkedin.com/in/thejacobkantor
Lorena Berlinerblau,Jacob Kantor,"5/1/26, 11:19 AM",,INCOMING,https://www.linkedin.com/in/lorena-berlinerblau-b6959013,https://www.linkedin.com/in/thejacobkantor
Jose Ramirez,Jacob Kantor,"5/1/26, 6:38 AM",,INCOMING,https://www.linkedin.com/in/joseramirez3,https://www.linkedin.com/in/thejacobkantor
Kerry C.,Jacob Kantor,"4/30/26, 9:02 PM",,INCOMING,https://www.linkedin.com/in/kerry-crespo,https://www.linkedin.com/in/thejacobkantor
Sam Cheng,Jacob Kantor,"4/30/26, 5:48 PM",,INCOMING,https://www.linkedin.com/in/samfcheng,https://www.linkedin.com/in/thejacobkantor
"Samantha Asante, Ed.M.",Jacob Kantor,"4/30/26, 8:34 AM",,INCOMING,https://www.linkedin.com/in/samanthajpratt,https://www.linkedin.com/in/thejacobkantor
"Amy Wieland, M.Ed.",Jacob Kantor,"4/30/26, 6:23 AM",,INCOMING,https://www.linkedin.com/in/amywieland,https://www.linkedin.com/in/thejacobkantor
Daniel Aronowitz,Jacob Kantor,"4/30/26, 6:13 AM",,INCOMING,https://www.linkedin.com/in/danielaronowitz,https://www.linkedin.com/in/thejacobkantor
Jeff Reistad,Jacob Kantor,"4/30/26, 5:34 AM",,INCOMING,https://www.linkedin.com/in/jeffreistad,https://www.linkedin.com/in/thejacobkantor
Sekhar Prabhakar,Jacob Kantor,"4/30/26, 3:47 AM",We are working in edtech space and launched Sejal-learn.com and thought it would be nice to connect to explore future coloration. ,INCOMING,https://www.linkedin.com/in/sekhar-prabhakar-0574452,https://www.linkedin.com/in/thejacobkantor
Zack Huhn,Jacob Kantor,"4/29/26, 11:56 PM",,INCOMING,https://www.linkedin.com/in/zack-huhn,https://www.linkedin.com/in/thejacobkantor
Deon Grobbelaar,Jacob Kantor,"4/29/26, 10:43 PM",,INCOMING,https://www.linkedin.com/in/deon-grobbelaar-85665b1b5,https://www.linkedin.com/in/thejacobkantor
Kevin Hsieh,Jacob Kantor,"4/29/26, 8:46 PM",,INCOMING,https://www.linkedin.com/in/kevin-h-8065a015b,https://www.linkedin.com/in/thejacobkantor
Ambrish  Anand Jha,Jacob Kantor,"4/29/26, 6:56 PM",,INCOMING,https://www.linkedin.com/in/ambrish-anand-jha-a1032515,https://www.linkedin.com/in/thejacobkantor
Erhan B.,Jacob Kantor,"4/29/26, 3:21 PM","Jacob, super impressive profile in the edtech space.Currently looking for connections like yourself in edtech/education related m&a business. I am consulting British based M&A broker expert in the education space. There are couple mandates I am working on now. We can discuss further. Thanks. ",INCOMING,https://www.linkedin.com/in/11219b34,https://www.linkedin.com/in/thejacobkantor
James Dixey,Jacob Kantor,"4/29/26, 2:59 PM",,INCOMING,https://www.linkedin.com/in/jamesdixey,https://www.linkedin.com/in/thejacobkantor
"Daniel Foreman, EMBA, MAT, MEd",Jacob Kantor,"4/29/26, 12:38 PM",,INCOMING,https://www.linkedin.com/in/dforeman1,https://www.linkedin.com/in/thejacobkantor
Promit Dey,Jacob Kantor,"4/29/26, 12:11 PM",,INCOMING,https://www.linkedin.com/in/promit-dey-300234a9,https://www.linkedin.com/in/thejacobkantor
Sam Rowen,Jacob Kantor,"4/29/26, 11:34 AM",,INCOMING,https://www.linkedin.com/in/samuelrowen,https://www.linkedin.com/in/thejacobkantor
Kyle Barnas,Jacob Kantor,"4/29/26, 11:05 AM","Hi Jacob, I came across your profile and noticed we share some connections in the real estate space. I’ve been focused on multifamily acquisitions and development and thought it’d be great to connect and keep in touch. Always good to know others active in the industry!",INCOMING,https://www.linkedin.com/in/kylebarnas,https://www.linkedin.com/in/thejacobkantor
Jacob Cohen,Jacob Kantor,"4/29/26, 11:02 AM","Hi Jacob, I run a startup that helps health systems invest in talent pipelines. I've long been told ""we need to look at education"" and I'd love your take on whether our solution could be a good fit for challenges you're seeing across school districts and how we might partner. ",INCOMING,https://www.linkedin.com/in/jacob-cohen-23353bb2,https://www.linkedin.com/in/thejacobkantor
Annuradha S Gupta,Jacob Kantor,"4/29/26, 10:33 AM",,INCOMING,https://www.linkedin.com/in/annuradha-s-gupta-22b36619,https://www.linkedin.com/in/thejacobkantor
"Dang Su ,M.Eng, PMP®, BRI Verifier, LEED GA",Jacob Kantor,"4/29/26, 3:55 AM",,INCOMING,https://www.linkedin.com/in/dangsu,https://www.linkedin.com/in/thejacobkantor
Kenny Nicholl,Jacob Kantor,"4/29/26, 1:30 AM",,INCOMING,https://www.linkedin.com/in/kennynicholl,https://www.linkedin.com/in/thejacobkantor
Abhishek Saha,Jacob Kantor,"4/29/26, 1:14 AM",,INCOMING,https://www.linkedin.com/in/theabhisheksaha,https://www.linkedin.com/in/thejacobkantor
Jon Sieber,Jacob Kantor,"4/28/26, 9:29 PM",,INCOMING,https://www.linkedin.com/in/jon-sieber-89910b1a,https://www.linkedin.com/in/thejacobkantor
Ali Unar,Jacob Kantor,"4/28/26, 9:29 PM",,INCOMING,https://www.linkedin.com/in/ali-unar,https://www.linkedin.com/in/thejacobkantor
Rapkat Amin,Jacob Kantor,"4/28/26, 5:59 PM",,INCOMING,https://www.linkedin.com/in/rapkat-amin-33b82b1a4,https://www.linkedin.com/in/thejacobkantor
Sydney Ramey,Jacob Kantor,"4/28/26, 4:19 PM",,INCOMING,https://www.linkedin.com/in/rameyservices,https://www.linkedin.com/in/thejacobkantor
Mica Merid,Jacob Kantor,"4/28/26, 2:03 PM",,INCOMING,https://www.linkedin.com/in/mica-merid,https://www.linkedin.com/in/thejacobkantor
Liz Robertson,Jacob Kantor,"4/28/26, 10:22 AM","Jacob, we were impressed by your accomplishments and believe you’d be a fantastic candidate for a feature and interview in Top 100 Innovators & Entrepreneurs Magazine. I’d love to share more about this opportunity—please send your email or phone number, and I’ll provide additional details",INCOMING,https://www.linkedin.com/in/liz-robertson-b6844a1a8,https://www.linkedin.com/in/thejacobkantor
Jhoselyn Pajuelo Villanueva,Jacob Kantor,"4/28/26, 6:45 AM",,INCOMING,https://www.linkedin.com/in/miluskapajuelo,https://www.linkedin.com/in/thejacobkantor
"Hayley Wood, M.Ed.",Jacob Kantor,"4/28/26, 3:43 AM",,INCOMING,https://www.linkedin.com/in/hayleyawood,https://www.linkedin.com/in/thejacobkantor
Bryan Zwemke,Jacob Kantor,"4/27/26, 5:34 PM",,INCOMING,https://www.linkedin.com/in/bryan-zwemke-5a8555165,https://www.linkedin.com/in/thejacobkantor
Dr. Genevieve Bosma Martínez,Jacob Kantor,"4/27/26, 11:08 AM",,INCOMING,https://www.linkedin.com/in/drgenevievebosmamartinez,https://www.linkedin.com/in/thejacobkantor
"George Stergiou, MSc",Jacob Kantor,"4/27/26, 8:15 AM",,INCOMING,https://www.linkedin.com/in/george-stergiou-msc,https://www.linkedin.com/in/thejacobkantor
David Lumsdon,Jacob Kantor,"4/26/26, 11:08 PM",,INCOMING,https://www.linkedin.com/in/david-lumsdon-74ab601,https://www.linkedin.com/in/thejacobkantor
Sainath Jogdand,Jacob Kantor,"4/26/26, 7:54 PM",,INCOMING,https://www.linkedin.com/in/zsquarei,https://www.linkedin.com/in/thejacobkantor
Kenton Pope,Jacob Kantor,"4/26/26, 1:38 PM",,INCOMING,https://www.linkedin.com/in/kentonpope,https://www.linkedin.com/in/thejacobkantor
Robin Labrot,Jacob Kantor,"4/26/26, 6:28 AM",,INCOMING,https://www.linkedin.com/in/robin-labrot,https://www.linkedin.com/in/thejacobkantor
Hong Zhao,Jacob Kantor,"4/26/26, 5:29 AM",,INCOMING,https://www.linkedin.com/in/hong-zhao-4489a2230,https://www.linkedin.com/in/thejacobkantor
"Jordan Wright, MBA",Jacob Kantor,"4/25/26, 6:27 PM",,INCOMING,https://www.linkedin.com/in/jordan-wright1,https://www.linkedin.com/in/thejacobkantor
"Christopher Nesmith, Ed.D.",Jacob Kantor,"4/25/26, 10:01 AM",,INCOMING,https://www.linkedin.com/in/christophernesmith,https://www.linkedin.com/in/thejacobkantor
Alli Dahl,Jacob Kantor,"4/25/26, 9:59 AM",,INCOMING,https://www.linkedin.com/in/allidahl,https://www.linkedin.com/in/thejacobkantor
Danielle McMullan,Jacob Kantor,"4/24/26, 5:23 PM",,INCOMING,https://www.linkedin.com/in/danielle-mcmullan23,https://www.linkedin.com/in/thejacobkantor
Kevin Lewis,Jacob Kantor,"4/24/26, 1:33 PM",,INCOMING,https://www.linkedin.com/in/edtechie14,https://www.linkedin.com/in/thejacobkantor
"Phil Zaubi, MBA, PMP, CETL",Jacob Kantor,"4/24/26, 12:53 PM",,INCOMING,https://www.linkedin.com/in/philzaubi,https://www.linkedin.com/in/thejacobkantor
"Dylan Drotman, PhD",Jacob Kantor,"4/24/26, 8:33 AM",,INCOMING,https://www.linkedin.com/in/dylan-drotman-phd-243aa544,https://www.linkedin.com/in/thejacobkantor
Dave Jackson,Jacob Kantor,"4/24/26, 4:53 AM",,INCOMING,https://www.linkedin.com/in/davidwaynejackson1983,https://www.linkedin.com/in/thejacobkantor
Muhammad Afnan,Jacob Kantor,"4/24/26, 3:24 AM","Hey Jacob,   I help realtors get qualified meetings booked without doing a single cold call themselves. Worth connecting.",INCOMING,https://www.linkedin.com/in/muhammadafnaniqbal,https://www.linkedin.com/in/thejacobkantor
Jody McKean M.Ed.,Jacob Kantor,"4/24/26, 2:04 AM",,INCOMING,https://www.linkedin.com/in/jody-mckean-m-ed-404b3825,https://www.linkedin.com/in/thejacobkantor
Antonio B. Hébert,Jacob Kantor,"4/23/26, 4:46 PM",,INCOMING,https://www.linkedin.com/in/antoniohebert,https://www.linkedin.com/in/thejacobkantor
Steven Ramos,Jacob Kantor,"4/23/26, 1:08 PM",,INCOMING,https://www.linkedin.com/in/steven-ramos,https://www.linkedin.com/in/thejacobkantor
Mehak Mahajan,Jacob Kantor,"4/23/26, 10:50 AM",,INCOMING,https://www.linkedin.com/in/mehak-mahajan-11b1a927b,https://www.linkedin.com/in/thejacobkantor
Susan Gentz,Jacob Kantor,"4/23/26, 10:35 AM",,INCOMING,https://www.linkedin.com/in/sgentz,https://www.linkedin.com/in/thejacobkantor
Nazmul Hossian,Jacob Kantor,"4/23/26, 8:09 AM","I will help you get lots of sponsors or money and get top chart ranks. Your podcast's categories, downloads and popularity.  Will I work for free for a week on your podcast promotion service? If you are happy with the results of my work, will you work with me on a monthly contract?",INCOMING,https://www.linkedin.com/in/nazmul-hossian-395a37226,https://www.linkedin.com/in/thejacobkantor
Ian Blackwell,Jacob Kantor,"4/23/26, 7:20 AM",,INCOMING,https://www.linkedin.com/in/ian-blackwell,https://www.linkedin.com/in/thejacobkantor
Leslee Bailey Tarbett Ed.D.,Jacob Kantor,"4/23/26, 5:08 AM",,INCOMING,https://www.linkedin.com/in/leslee-bailey-tarbett123,https://www.linkedin.com/in/thejacobkantor
Mr. Kumar Manish,Jacob Kantor,"4/23/26, 4:11 AM",,INCOMING,https://www.linkedin.com/in/thekumarmanish,https://www.linkedin.com/in/thejacobkantor
Megan O'Reilly Palevich,Jacob Kantor,"4/23/26, 3:54 AM",,INCOMING,https://www.linkedin.com/in/meganpalevich,https://www.linkedin.com/in/thejacobkantor
Frank Sienkiewicz,Jacob Kantor,"4/23/26, 1:14 AM",,INCOMING,https://www.linkedin.com/in/franksienkiewicz,https://www.linkedin.com/in/thejacobkantor
"Maria Garcia-Rios, M. Ed",Jacob Kantor,"4/22/26, 7:22 PM",,INCOMING,https://www.linkedin.com/in/mariagarciarios,https://www.linkedin.com/in/thejacobkantor
Jared Schiffman,Jacob Kantor,"4/22/26, 3:41 PM",,INCOMING,https://www.linkedin.com/in/jared-schiffman-26042512,https://www.linkedin.com/in/thejacobkantor
Max Sobol,Jacob Kantor,"4/22/26, 3:28 PM","Appreciate the connect, Jacob! Rich is a good friend and business partner. Super talented and it's a pleasure to be helping him.",INCOMING,https://www.linkedin.com/in/maxsobol,https://www.linkedin.com/in/thejacobkantor
Fatma ElShenawy,Jacob Kantor,"4/22/26, 2:15 PM",,INCOMING,https://www.linkedin.com/in/fatma-elshenawy-685b8164,https://www.linkedin.com/in/thejacobkantor
Jerry Little,Jacob Kantor,"4/22/26, 2:14 PM",,INCOMING,https://www.linkedin.com/in/jerry-little-371611196,https://www.linkedin.com/in/thejacobkantor
Vedhas Walke,Jacob Kantor,"4/22/26, 8:56 AM",,INCOMING,https://www.linkedin.com/in/vedhaswalke,https://www.linkedin.com/in/thejacobkantor
Carly Smith,Jacob Kantor,"4/22/26, 7:55 AM",,INCOMING,https://www.linkedin.com/in/mrscarlysmith1,https://www.linkedin.com/in/thejacobkantor
Heba Ghanem,Jacob Kantor,"4/22/26, 6:13 AM",,INCOMING,https://www.linkedin.com/in/hghanem,https://www.linkedin.com/in/thejacobkantor
Jonathan Hull,Jacob Kantor,"4/22/26, 6:12 AM",Wish we could have met up at ASU+GSV but maybe this is the next best thing. Any chance you're free for a quick call next week? I'd love to share what we are doing at www.ThingLink.com (immersive and interactive learning platform.) Here is my calendar: https://calendly.com/jonathan-thinglink,INCOMING,https://www.linkedin.com/in/hull-jonathan,https://www.linkedin.com/in/thejacobkantor
Alex Southmayd,Jacob Kantor,"4/21/26, 2:53 PM",,INCOMING,https://www.linkedin.com/in/alex-southmayd,https://www.linkedin.com/in/thejacobkantor
James Riley,Jacob Kantor,"4/21/26, 2:37 PM",,INCOMING,https://www.linkedin.com/in/james-riley-00a6979,https://www.linkedin.com/in/thejacobkantor
"Tom Hanna, CFA",Jacob Kantor,"4/21/26, 1:49 PM",,INCOMING,https://www.linkedin.com/in/tom-hanna-cfa-929b9277,https://www.linkedin.com/in/thejacobkantor
Sai Praveer Kanyaboena,Jacob Kantor,"4/21/26, 12:59 PM",,INCOMING,https://www.linkedin.com/in/spk997,https://www.linkedin.com/in/thejacobkantor
Richard Bowman,Jacob Kantor,"4/21/26, 7:25 AM",,INCOMING,https://www.linkedin.com/in/richard-bowman-data,https://www.linkedin.com/in/thejacobkantor
Nora Gordon,Jacob Kantor,"4/21/26, 6:11 AM",,INCOMING,https://www.linkedin.com/in/nora-p-gordon,https://www.linkedin.com/in/thejacobkantor
Kumar Kayastha,Jacob Kantor,"4/21/26, 4:33 AM",,INCOMING,https://www.linkedin.com/in/geektalkteacher,https://www.linkedin.com/in/thejacobkantor
Vraj Gohil,Jacob Kantor,"4/21/26, 3:13 AM",,INCOMING,https://www.linkedin.com/in/vrajgohil,https://www.linkedin.com/in/thejacobkantor
Antoine (Tony) Duvauchelle,Jacob Kantor,"4/21/26, 1:46 AM",,INCOMING,https://www.linkedin.com/in/aduvauchelle,https://www.linkedin.com/in/thejacobkantor
Kelly Schuster- Paredes,Jacob Kantor,"4/21/26, 1:03 AM",,INCOMING,https://www.linkedin.com/in/kelly-schuster-paredes-4b887264,https://www.linkedin.com/in/thejacobkantor
Dana Knox-Gower,Jacob Kantor,"4/20/26, 6:45 PM",,INCOMING,https://www.linkedin.com/in/dana-knoxgower,https://www.linkedin.com/in/thejacobkantor
Jack Dayton,Jacob Kantor,"4/20/26, 2:53 PM",,INCOMING,https://www.linkedin.com/in/jacksondayton,https://www.linkedin.com/in/thejacobkantor
Michelle Pokodner,Jacob Kantor,"4/20/26, 2:46 PM",,INCOMING,https://www.linkedin.com/in/michelle-pokodner-edtech,https://www.linkedin.com/in/thejacobkantor
Jason Markey,Jacob Kantor,"4/20/26, 2:28 PM",,INCOMING,https://www.linkedin.com/in/jason-markey-83ab883a,https://www.linkedin.com/in/thejacobkantor
Rhea Jane Cañete,Jacob Kantor,"4/20/26, 9:55 AM",,INCOMING,https://www.linkedin.com/in/varhea,https://www.linkedin.com/in/thejacobkantor
James Dennis,Jacob Kantor,"4/20/26, 9:53 AM",,INCOMING,https://www.linkedin.com/in/james-dennis-a79413233,https://www.linkedin.com/in/thejacobkantor
Lisa Marker-Robbins,Jacob Kantor,"4/20/26, 8:17 AM",,INCOMING,https://www.linkedin.com/in/lisa-marker-robbins,https://www.linkedin.com/in/thejacobkantor
Andrew Coban,Jacob Kantor,"4/20/26, 8:09 AM",,INCOMING,https://www.linkedin.com/in/andrewcoban,https://www.linkedin.com/in/thejacobkantor
Thomas Shaffer,Jacob Kantor,"4/20/26, 7:08 AM",,INCOMING,https://www.linkedin.com/in/disruptive,https://www.linkedin.com/in/thejacobkantor
Dr. Adrienne Smith,Jacob Kantor,"4/20/26, 7:03 AM",,INCOMING,https://www.linkedin.com/in/asmithedtech,https://www.linkedin.com/in/thejacobkantor
Sultana Yasmeen  Jamal ,Jacob Kantor,"4/20/26, 6:49 AM",,INCOMING,https://www.linkedin.com/in/sultana-yasmeen-jamal-498920174,https://www.linkedin.com/in/thejacobkantor
"Nancy Rishel,  M.Ed ",Jacob Kantor,"4/20/26, 5:47 AM",,INCOMING,https://www.linkedin.com/in/nancy-rishel,https://www.linkedin.com/in/thejacobkantor
Kismat khatri,Jacob Kantor,"4/20/26, 4:50 AM",,INCOMING,https://www.linkedin.com/in/kismat91,https://www.linkedin.com/in/thejacobkantor
Andre Lim,Jacob Kantor,"4/20/26, 1:42 AM",,INCOMING,https://www.linkedin.com/in/andrelimwj,https://www.linkedin.com/in/thejacobkantor
Dr. Josephine Yeboah Van-Ess,Jacob Kantor,"4/19/26, 6:04 PM",,INCOMING,https://www.linkedin.com/in/dr-josephine-yeboah-van-ess,https://www.linkedin.com/in/thejacobkantor
Josh Stauffer,Jacob Kantor,"4/19/26, 5:02 PM",,INCOMING,https://www.linkedin.com/in/joshstauffer31,https://www.linkedin.com/in/thejacobkantor
Dan Moran,Jacob Kantor,"4/19/26, 3:02 PM",,INCOMING,https://www.linkedin.com/in/danmorandm,https://www.linkedin.com/in/thejacobkantor
Claire Bartkus,Jacob Kantor,"4/19/26, 1:25 PM",,INCOMING,https://www.linkedin.com/in/claire-bartkus,https://www.linkedin.com/in/thejacobkantor
Amrit Chadha,Jacob Kantor,"4/19/26, 12:46 PM",,INCOMING,https://www.linkedin.com/in/amritchadha,https://www.linkedin.com/in/thejacobkantor
"David Martin, EdD",Jacob Kantor,"4/19/26, 12:30 PM",,INCOMING,https://www.linkedin.com/in/david-martin-education,https://www.linkedin.com/in/thejacobkantor
Dr. Joseph Lewis,Jacob Kantor,"4/19/26, 10:52 AM",,INCOMING,https://www.linkedin.com/in/dr-joseph-lewis,https://www.linkedin.com/in/thejacobkantor
"Dr. Anthony Maciel, MBA",Jacob Kantor,"4/19/26, 8:43 AM",,INCOMING,https://www.linkedin.com/in/anthonymaciel,https://www.linkedin.com/in/thejacobkantor
"Laura Zimmermann, PhD",Jacob Kantor,"4/19/26, 7:06 AM",,INCOMING,https://www.linkedin.com/in/laurazimmermann,https://www.linkedin.com/in/thejacobkantor
Brian Floriani,Jacob Kantor,"4/19/26, 5:40 AM",,INCOMING,https://www.linkedin.com/in/brianfloriani,https://www.linkedin.com/in/thejacobkantor
Reed Hansen,Jacob Kantor,"4/18/26, 4:49 PM","Hey Jacob, I came across your recent post about district partnerships and GTM strategy in K12 education—really insightful! Thought it’d be great to connect and share perspectives.",INCOMING,https://www.linkedin.com/in/reedhansen,https://www.linkedin.com/in/thejacobkantor
Claire Cook,Jacob Kantor,"4/18/26, 2:02 PM",,INCOMING,https://www.linkedin.com/in/claire-cook-11b13233,https://www.linkedin.com/in/thejacobkantor
Jackson Faucett,Jacob Kantor,"4/18/26, 8:41 AM",,INCOMING,https://www.linkedin.com/in/jacksonfaucett,https://www.linkedin.com/in/thejacobkantor
Ben Ward,Jacob Kantor,"4/18/26, 7:19 AM",,INCOMING,https://www.linkedin.com/in/ben-m-ward,https://www.linkedin.com/in/thejacobkantor
Cecil Banhan,Jacob Kantor,"4/18/26, 3:55 AM",,INCOMING,https://www.linkedin.com/in/cecil-banhan,https://www.linkedin.com/in/thejacobkantor
Rimi (Romrama) Khalbourji,Jacob Kantor,"4/18/26, 1:29 AM",,INCOMING,https://www.linkedin.com/in/rimi-khalbourji,https://www.linkedin.com/in/thejacobkantor
Jon Burke,Jacob Kantor,"4/17/26, 9:07 PM",,INCOMING,https://www.linkedin.com/in/jon-burke-885512361,https://www.linkedin.com/in/thejacobkantor
"Chris Shropshire, Ed.D.",Jacob Kantor,"4/17/26, 5:49 PM",,INCOMING,https://www.linkedin.com/in/chris-shropshire-ed-d-0411156a,https://www.linkedin.com/in/thejacobkantor
Michael Longmeyer,Jacob Kantor,"4/17/26, 4:30 PM",,INCOMING,https://www.linkedin.com/in/mlongmeyer,https://www.linkedin.com/in/thejacobkantor
Arthur Booker,Jacob Kantor,"4/17/26, 11:57 AM",,INCOMING,https://www.linkedin.com/in/arthur-booker-821b7a171,https://www.linkedin.com/in/thejacobkantor
Carmen Cavolo,Jacob Kantor,"4/17/26, 8:50 AM",,INCOMING,https://www.linkedin.com/in/carmenk12,https://www.linkedin.com/in/thejacobkantor
Michael Gallina,Jacob Kantor,"4/17/26, 5:48 AM","Hi Jacob, I’m CTO at Sports Illustrated (tickets) launching a project that could be a strong new revenue stream across your district and edtech relationships. BounceKids PE is a platform where kids learn & earn points via mocap interaction with characters. No hardware needed. Open to a conversation?",INCOMING,https://www.linkedin.com/in/michael-gallina-153b735,https://www.linkedin.com/in/thejacobkantor
"Courtney Claud, MBA, M.Ed.",Jacob Kantor,"4/17/26, 4:48 AM",,INCOMING,https://www.linkedin.com/in/courtney-claud,https://www.linkedin.com/in/thejacobkantor
Sarah Shoemaker,Jacob Kantor,"4/17/26, 3:55 AM",,INCOMING,https://www.linkedin.com/in/sarah-budgetquest,https://www.linkedin.com/in/thejacobkantor
Tracy Zuluaga,Jacob Kantor,"4/16/26, 11:16 PM",,INCOMING,https://www.linkedin.com/in/tracyzuluaga,https://www.linkedin.com/in/thejacobkantor
Arihant Kothari,Jacob Kantor,"4/16/26, 3:59 PM","Jacob, thought it'd be great to connect. ",INCOMING,https://www.linkedin.com/in/arihantkothari17,https://www.linkedin.com/in/thejacobkantor
Jomar McDonald,Jacob Kantor,"4/16/26, 2:12 PM",,INCOMING,https://www.linkedin.com/in/jmcdonald242,https://www.linkedin.com/in/thejacobkantor
Adrian Solgaard,Jacob Kantor,"4/16/26, 1:50 PM","Hi Jacob, Adrian here. I founded Solgaard, a premium, sustainable brand solving on-the-go friction. We bootstrapped to $200M revenue.     Want to hear our journey?",INCOMING,https://www.linkedin.com/in/adriansolgaard,https://www.linkedin.com/in/thejacobkantor
Yasmine P. Clarke,Jacob Kantor,"4/16/26, 12:01 PM",,INCOMING,https://www.linkedin.com/in/yasmineclarke,https://www.linkedin.com/in/thejacobkantor
Grace Olivia Croson,Jacob Kantor,"4/16/26, 11:50 AM",,INCOMING,https://www.linkedin.com/in/grace-olivia-croson,https://www.linkedin.com/in/thejacobkantor
Gillian Finley,Jacob Kantor,"4/16/26, 11:28 AM",,INCOMING,https://www.linkedin.com/in/gillian-finley,https://www.linkedin.com/in/thejacobkantor
Peter Christian,Jacob Kantor,"4/16/26, 9:42 AM",,INCOMING,https://www.linkedin.com/in/peter-l-christian,https://www.linkedin.com/in/thejacobkantor
Thinh Tran,Jacob Kantor,"4/16/26, 7:45 AM","I’m the CEO of TibaRay, a Stanford spinout developing accelerator technology for ultrafast cancer radiotherapy. Our platform is designed to deliver treatment up to 400× faster than current systems.",INCOMING,https://www.linkedin.com/in/thinh-tran-956120176,https://www.linkedin.com/in/thejacobkantor
Tanya Lerch,Jacob Kantor,"4/15/26, 7:35 PM",,INCOMING,https://www.linkedin.com/in/tanya-lerch,https://www.linkedin.com/in/thejacobkantor
"Guthrie Fleischman, Ed.D.",Jacob Kantor,"4/15/26, 5:53 PM",,INCOMING,https://www.linkedin.com/in/guthrie-fleischman-ed-d-45130378,https://www.linkedin.com/in/thejacobkantor
Houston Barber,Jacob Kantor,"4/15/26, 4:49 PM",,INCOMING,https://www.linkedin.com/in/houstonbarber1,https://www.linkedin.com/in/thejacobkantor
"Christine Tomasik, NBCT, Ed.D.",Jacob Kantor,"4/15/26, 4:19 PM",,INCOMING,https://www.linkedin.com/in/christinetomasik,https://www.linkedin.com/in/thejacobkantor
Jason Chu,Jacob Kantor,"4/15/26, 4:24 PM",,INCOMING,https://www.linkedin.com/in/jason-chu-087b81,https://www.linkedin.com/in/thejacobkantor
Blake Howard,Jacob Kantor,"4/15/26, 2:13 PM",,INCOMING,https://www.linkedin.com/in/blake-howard-edu,https://www.linkedin.com/in/thejacobkantor
Michael de Leon,Jacob Kantor,"4/15/26, 7:43 AM",,INCOMING,https://www.linkedin.com/in/mdlsells,https://www.linkedin.com/in/thejacobkantor
Deepak Kumar,Jacob Kantor,"4/15/26, 4:05 AM",,INCOMING,https://www.linkedin.com/in/deepak-kumar-8313086,https://www.linkedin.com/in/thejacobkantor
Jason Fine,Jacob Kantor,"4/14/26, 7:06 PM",,INCOMING,https://www.linkedin.com/in/jason-a-fine,https://www.linkedin.com/in/thejacobkantor
Jorge Ramirez,Jacob Kantor,"4/14/26, 4:53 PM",Love the work you’re doing supporting rural students. I’m starting a podcast interviewing grant consultants to share how they help educational institutions. It’s a great way to get exposure and you can use the recording for your social channels. Open to a quick interview?,INCOMING,https://www.linkedin.com/in/jorgeramirez0119,https://www.linkedin.com/in/thejacobkantor
Christian Angulo,Jacob Kantor,"4/14/26, 4:23 PM",,INCOMING,https://www.linkedin.com/in/angulochristian,https://www.linkedin.com/in/thejacobkantor
Muhammad Saleh,Jacob Kantor,"4/14/26, 3:19 PM",,INCOMING,https://www.linkedin.com/in/muhammadsaleh10,https://www.linkedin.com/in/thejacobkantor
"Martin Madrid, M. Ed.",Jacob Kantor,"4/14/26, 11:39 AM",,INCOMING,https://www.linkedin.com/in/martin-a-madrid,https://www.linkedin.com/in/thejacobkantor
Jennifer Regalado,Jacob Kantor,"4/14/26, 5:52 AM",,INCOMING,https://www.linkedin.com/in/jennifer-regalado-7348783a8,https://www.linkedin.com/in/thejacobkantor
Tony Adijah,Jacob Kantor,"4/13/26, 10:13 PM",,INCOMING,https://www.linkedin.com/in/tony-adijah-965903131,https://www.linkedin.com/in/thejacobkantor
Tomas Šiurna,Jacob Kantor,"4/13/26, 9:30 PM",,INCOMING,https://www.linkedin.com/in/siurna,https://www.linkedin.com/in/thejacobkantor
Johnny Key,Jacob Kantor,"4/13/26, 9:29 PM",,INCOMING,https://www.linkedin.com/in/johnnykeystrategos,https://www.linkedin.com/in/thejacobkantor
Albert Cano,Jacob Kantor,"4/13/26, 7:41 PM",,INCOMING,https://www.linkedin.com/in/albertcanodiaz,https://www.linkedin.com/in/thejacobkantor
Mert Kalkavan,Jacob Kantor,"4/13/26, 7:07 PM",,INCOMING,https://www.linkedin.com/in/mertkalkavan,https://www.linkedin.com/in/thejacobkantor
Matthew Russell,Jacob Kantor,"4/13/26, 3:31 PM",,INCOMING,https://www.linkedin.com/in/mattarussell,https://www.linkedin.com/in/thejacobkantor
Janet Godwin,Jacob Kantor,"4/13/26, 2:51 PM",,INCOMING,https://www.linkedin.com/in/janet-godwin-36b4812,https://www.linkedin.com/in/thejacobkantor
Colin Docherty,Jacob Kantor,"4/13/26, 2:18 PM",,INCOMING,https://www.linkedin.com/in/colindocherty1,https://www.linkedin.com/in/thejacobkantor
"Chaitanya Ramineni, PhD",Jacob Kantor,"4/13/26, 1:58 PM",,INCOMING,https://www.linkedin.com/in/chaitanyaramineni,https://www.linkedin.com/in/thejacobkantor
Andy Hashimoto,Jacob Kantor,"4/13/26, 1:22 PM",,INCOMING,https://www.linkedin.com/in/andyhashimoto,https://www.linkedin.com/in/thejacobkantor
Gabriela Alves,Jacob Kantor,"4/13/26, 1:00 PM","Hi Jacob,  I’m the co-founder of Tampon Tribe - a fast-moving organic, sustainable period care brand. We’re Hilton’s preferred supplier, with 1,500+ B2B accounts, and 1,200% D2C growth. Skyrocketing traction. Raising now. Let’s connect.",INCOMING,https://www.linkedin.com/in/gabriela-alves-86289217,https://www.linkedin.com/in/thejacobkantor
Kevin Wang,Jacob Kantor,"4/13/26, 10:50 AM",,INCOMING,https://www.linkedin.com/in/kevinkw,https://www.linkedin.com/in/thejacobkantor
Elon Perry-Stiner,Jacob Kantor,"4/13/26, 10:23 AM",,INCOMING,https://www.linkedin.com/in/elon-perry-stiner-5999b0183,https://www.linkedin.com/in/thejacobkantor
Bilal Ahmad,Jacob Kantor,"4/13/26, 8:48 AM",,INCOMING,https://www.linkedin.com/in/bilal-ahmad--seo,https://www.linkedin.com/in/thejacobkantor
Fatma Ebaid,Jacob Kantor,"4/13/26, 3:50 AM",,INCOMING,https://www.linkedin.com/in/fatmaebaid,https://www.linkedin.com/in/thejacobkantor
Robert Clayton,Jacob Kantor,"4/13/26, 2:54 AM",,INCOMING,https://www.linkedin.com/in/robert-clayton-64694426,https://www.linkedin.com/in/thejacobkantor
Simona Bizzozero,Jacob Kantor,"4/13/26, 12:52 AM",,INCOMING,https://www.linkedin.com/in/simona-bizzozero,https://www.linkedin.com/in/thejacobkantor
Dmitrii Zolochevskii,Jacob Kantor,"4/12/26, 9:24 PM",,INCOMING,https://www.linkedin.com/in/dmitrii-zolochevskii,https://www.linkedin.com/in/thejacobkantor
Idam Mittal,Jacob Kantor,"4/12/26, 8:44 PM",,INCOMING,https://www.linkedin.com/in/idammittal,https://www.linkedin.com/in/thejacobkantor
Jayanth Gorrepati,Jacob Kantor,"4/12/26, 5:15 PM",,INCOMING,https://www.linkedin.com/in/jayanth-gorrepati-58213021b,https://www.linkedin.com/in/thejacobkantor
Michael Carbone,Jacob Kantor,"4/12/26, 5:00 PM",,INCOMING,https://www.linkedin.com/in/michael-c-carbone,https://www.linkedin.com/in/thejacobkantor
Meg Roberto Williams ,Jacob Kantor,"4/12/26, 4:58 PM",,INCOMING,https://www.linkedin.com/in/meg-roberto-williams-4078b959,https://www.linkedin.com/in/thejacobkantor
Julie Rivera,Jacob Kantor,"4/12/26, 4:24 PM",,INCOMING,https://www.linkedin.com/in/juliesriver,https://www.linkedin.com/in/thejacobkantor
Maya Bialik,Jacob Kantor,"4/12/26, 3:54 PM",,INCOMING,https://www.linkedin.com/in/mayabialik,https://www.linkedin.com/in/thejacobkantor
Kirin Sawasdikosol,Jacob Kantor,"4/12/26, 3:23 PM",,INCOMING,https://www.linkedin.com/in/kirin-sawasdikosol-a397761a2,https://www.linkedin.com/in/thejacobkantor
Alvaro Carrasco Arriaza,Jacob Kantor,"4/12/26, 3:02 PM",,INCOMING,https://www.linkedin.com/in/alvarocarrascoar,https://www.linkedin.com/in/thejacobkantor
Sumeet Jain,Jacob Kantor,"4/12/26, 2:05 PM",,INCOMING,https://www.linkedin.com/in/sumeet4489,https://www.linkedin.com/in/thejacobkantor
Yoel Krupnik,Jacob Kantor,"4/12/26, 1:46 PM",,INCOMING,https://www.linkedin.com/in/yoelkrupnik,https://www.linkedin.com/in/thejacobkantor
Anthony Anderson,Jacob Kantor,"4/12/26, 1:18 PM",,INCOMING,https://www.linkedin.com/in/acanderson1231,https://www.linkedin.com/in/thejacobkantor
Lisa Lang,Jacob Kantor,"4/12/26, 12:50 PM",,INCOMING,https://www.linkedin.com/in/lisa-lang-5860641b,https://www.linkedin.com/in/thejacobkantor
Alexander Landa,Jacob Kantor,"4/12/26, 12:50 PM",,INCOMING,https://www.linkedin.com/in/alexanderlanda,https://www.linkedin.com/in/thejacobkantor
"Manuel Carrera, MBA, CCTO",Jacob Kantor,"4/12/26, 12:28 PM",,INCOMING,https://www.linkedin.com/in/manuel-carrera-mba-ccto-90ab05282,https://www.linkedin.com/in/thejacobkantor
Christi Martin,Jacob Kantor,"4/12/26, 11:13 AM",,INCOMING,https://www.linkedin.com/in/martinchristi,https://www.linkedin.com/in/thejacobkantor
J Kajee,Jacob Kantor,"4/12/26, 10:07 AM",,INCOMING,https://www.linkedin.com/in/jkajee,https://www.linkedin.com/in/thejacobkantor
Efe Subasi,Jacob Kantor,"4/12/26, 9:22 AM",,INCOMING,https://www.linkedin.com/in/efe-subasi-1867452b,https://www.linkedin.com/in/thejacobkantor
JC Das,Jacob Kantor,"4/12/26, 9:11 AM",,INCOMING,https://www.linkedin.com/in/jcdasx,https://www.linkedin.com/in/thejacobkantor
Andy Lombardo,Jacob Kantor,"4/12/26, 8:48 AM",,INCOMING,https://www.linkedin.com/in/andylombardo,https://www.linkedin.com/in/thejacobkantor
Scott Newman,Jacob Kantor,"4/12/26, 8:31 AM",,INCOMING,https://www.linkedin.com/in/scottroddynewman,https://www.linkedin.com/in/thejacobkantor
Noah Savitz,Jacob Kantor,"4/12/26, 8:01 AM",,INCOMING,https://www.linkedin.com/in/noah-savitz,https://www.linkedin.com/in/thejacobkantor
David Kooper,Jacob Kantor,"4/12/26, 6:54 AM",,INCOMING,https://www.linkedin.com/in/davidkooper,https://www.linkedin.com/in/thejacobkantor
Terry L. Malone,Jacob Kantor,"4/12/26, 6:38 AM",,INCOMING,https://www.linkedin.com/in/terrylmalone,https://www.linkedin.com/in/thejacobkantor
Sean Oakes,Jacob Kantor,"4/12/26, 6:21 AM",,INCOMING,https://www.linkedin.com/in/sean-oakes,https://www.linkedin.com/in/thejacobkantor
Dr. Josh Galindo,Jacob Kantor,"4/12/26, 6:07 AM",,INCOMING,https://www.linkedin.com/in/hjgalindo,https://www.linkedin.com/in/thejacobkantor
David Lopez,Jacob Kantor,"4/12/26, 5:34 AM",,INCOMING,https://www.linkedin.com/in/dmlopez196,https://www.linkedin.com/in/thejacobkantor
Uri Lorkis,Jacob Kantor,"4/12/26, 5:26 AM",,INCOMING,https://www.linkedin.com/in/urilorkis,https://www.linkedin.com/in/thejacobkantor
Stacey O'Connor,Jacob Kantor,"4/12/26, 5:24 AM",,INCOMING,https://www.linkedin.com/in/staceyoconnorstem,https://www.linkedin.com/in/thejacobkantor
Sina Azizi,Jacob Kantor,"4/12/26, 5:17 AM",,INCOMING,https://www.linkedin.com/in/sina-azizi1999,https://www.linkedin.com/in/thejacobkantor
Jess Mazelis M.Ed.,Jacob Kantor,"4/12/26, 5:01 AM",,INCOMING,https://www.linkedin.com/in/jessica-mazelis,https://www.linkedin.com/in/thejacobkantor
Travis Ratnam,Jacob Kantor,"4/12/26, 4:48 AM",,INCOMING,https://www.linkedin.com/in/travis-ratnam-12645412,https://www.linkedin.com/in/thejacobkantor
Afzal Shaikh,Jacob Kantor,"4/12/26, 2:33 AM",,INCOMING,https://www.linkedin.com/in/afzal-shaikh-61b0a434,https://www.linkedin.com/in/thejacobkantor
Amey Laud,Jacob Kantor,"4/11/26, 11:27 PM",,INCOMING,https://www.linkedin.com/in/ameylaud,https://www.linkedin.com/in/thejacobkantor
"Jamie Valenzuela-Mumau, EdD",Jacob Kantor,"4/11/26, 10:19 PM",,INCOMING,https://www.linkedin.com/in/drjamievm,https://www.linkedin.com/in/thejacobkantor
Bárbara Carminatti,Jacob Kantor,"4/11/26, 7:56 PM",,INCOMING,https://www.linkedin.com/in/barbaracarminatti,https://www.linkedin.com/in/thejacobkantor
Kyle Vollmer,Jacob Kantor,"4/11/26, 6:25 PM",,INCOMING,https://www.linkedin.com/in/kyle-vollmer,https://www.linkedin.com/in/thejacobkantor
Dylan Keith Humphrey,Jacob Kantor,"4/11/26, 12:58 PM",,INCOMING,https://www.linkedin.com/in/dkh4ddo,https://www.linkedin.com/in/thejacobkantor
Paul Roche,Jacob Kantor,"4/11/26, 12:02 AM",,INCOMING,https://www.linkedin.com/in/paulroche,https://www.linkedin.com/in/thejacobkantor
Bari Levin,Jacob Kantor,"4/10/26, 2:04 PM",,INCOMING,https://www.linkedin.com/in/barilevin,https://www.linkedin.com/in/thejacobkantor
Yvonne Jones ,Jacob Kantor,"4/9/26, 4:47 PM",,INCOMING,https://www.linkedin.com/in/yvonne-jones-30801621,https://www.linkedin.com/in/thejacobkantor
Annie Martin,Jacob Kantor,"4/9/26, 3:07 PM",,INCOMING,https://www.linkedin.com/in/annie-martin-223990140,https://www.linkedin.com/in/thejacobkantor
Abhishek Mishra,Jacob Kantor,"4/9/26, 2:32 PM",,INCOMING,https://www.linkedin.com/in/abhishek-mishra-b44a90393,https://www.linkedin.com/in/thejacobkantor
Don Moody,Jacob Kantor,"4/9/26, 1:57 PM","Jacob, will you be at ASU / GSV?",INCOMING,https://www.linkedin.com/in/domoody,https://www.linkedin.com/in/thejacobkantor
Kassidy Kinner,Jacob Kantor,"4/9/26, 12:42 PM",,INCOMING,https://www.linkedin.com/in/kassidy-kinner-60791ab7,https://www.linkedin.com/in/thejacobkantor
Andrew Dunn,Jacob Kantor,"4/9/26, 12:14 PM","Hi Jacob, I work with real estate investors. Thought it would be good to connect.   ",INCOMING,https://www.linkedin.com/in/andrewmdunn41,https://www.linkedin.com/in/thejacobkantor
Trey Sublette,Jacob Kantor,"4/9/26, 8:44 AM",,INCOMING,https://www.linkedin.com/in/treysublette,https://www.linkedin.com/in/thejacobkantor
Andrew Visconti,Jacob Kantor,"4/8/26, 9:34 AM",,INCOMING,https://www.linkedin.com/in/andrew-visconti-a7927b1bb,https://www.linkedin.com/in/thejacobkantor
Mira Motko,Jacob Kantor,"4/8/26, 8:29 AM",,INCOMING,https://www.linkedin.com/in/mira-motko-0a594217a,https://www.linkedin.com/in/thejacobkantor
Krishna Chaitanya Bhasuru ™,Jacob Kantor,"4/6/26, 11:37 PM",,INCOMING,https://www.linkedin.com/in/meetkc,https://www.linkedin.com/in/thejacobkantor
Avanti Ravanam,Jacob Kantor,"4/6/26, 4:09 PM",,INCOMING,https://www.linkedin.com/in/avanti-ravanam,https://www.linkedin.com/in/thejacobkantor
Judith Ahdoot,Jacob Kantor,"4/6/26, 2:48 PM","Hey Jacob, I was browsing LinkedIn and your profile came up as a suggested connection. I hope this message finds you well! Go Bruins!",INCOMING,https://www.linkedin.com/in/judith-ahdoot-21b4b346,https://www.linkedin.com/in/thejacobkantor
James Dyson,Jacob Kantor,"4/6/26, 9:36 AM",,INCOMING,https://www.linkedin.com/in/james-dyson-691b45243,https://www.linkedin.com/in/thejacobkantor
Alicia Coad,Jacob Kantor,"4/6/26, 7:32 AM",,INCOMING,https://www.linkedin.com/in/aliciacoad,https://www.linkedin.com/in/thejacobkantor
Mallary Swartz,Jacob Kantor,"4/6/26, 6:11 AM",,INCOMING,https://www.linkedin.com/in/mallary-swartz-a0290835,https://www.linkedin.com/in/thejacobkantor
"Brian William Foote, CFA",Jacob Kantor,"4/6/26, 5:15 AM","Hi Jacob,     I saw your LinkedIn profile and thought connecting would be a great idea.     If you're open to that Jacob, let’s connect!    Brian  ",INCOMING,https://www.linkedin.com/in/brianwilliamfoote,https://www.linkedin.com/in/thejacobkantor
Austin Boral,Jacob Kantor,"4/5/26, 12:31 PM",,INCOMING,https://www.linkedin.com/in/austinboral,https://www.linkedin.com/in/thejacobkantor
"Mary Hebert, PhD",Jacob Kantor,"4/5/26, 5:23 AM",,INCOMING,https://www.linkedin.com/in/mary-hebert-phd-86ab61127,https://www.linkedin.com/in/thejacobkantor
"Zareh Shahinian, CFP®, APMA®",Jacob Kantor,"4/4/26, 2:41 PM","Hi Jacob!  Hope you're having an awesome day! As a fellow CSUN alum, I wanted to connect since I love working with fellow professionals in our community, and would like to connect with you too.",INCOMING,https://www.linkedin.com/in/zarehshahinian,https://www.linkedin.com/in/thejacobkantor
Millie Hansford,Jacob Kantor,"4/4/26, 9:49 AM",,INCOMING,https://www.linkedin.com/in/millie-hansford-5b3b0426a,https://www.linkedin.com/in/thejacobkantor
"Devendra Shah, CETL, CISSP",Jacob Kantor,"4/4/26, 8:13 AM",,INCOMING,https://www.linkedin.com/in/erdevendra,https://www.linkedin.com/in/thejacobkantor
Stephanie Clinise,Jacob Kantor,"4/4/26, 4:41 AM",,INCOMING,https://www.linkedin.com/in/stephanie-clinise,https://www.linkedin.com/in/thejacobkantor
Mahboob Alam,Jacob Kantor,"4/3/26, 11:37 PM",,INCOMING,https://www.linkedin.com/in/mahboob099,https://www.linkedin.com/in/thejacobkantor
Eijaz Bhunnoo,Jacob Kantor,"4/3/26, 1:39 PM",,INCOMING,https://www.linkedin.com/in/eijaz-bhunnoo,https://www.linkedin.com/in/thejacobkantor
Eligius Jameson,Jacob Kantor,"4/3/26, 6:25 AM",,INCOMING,https://www.linkedin.com/in/elijameson,https://www.linkedin.com/in/thejacobkantor
sanjibani choudhary,Jacob Kantor,"4/3/26, 1:45 AM",Hi Jacob — I'm a software engineer & AI developer in edtech. Your district partnerships work and K12 GTM expertise is impressive. Would love to connect!,INCOMING,https://www.linkedin.com/in/sanjibani-c-096b283a,https://www.linkedin.com/in/thejacobkantor
Liam Stafford,Jacob Kantor,"4/2/26, 9:40 PM",,INCOMING,https://www.linkedin.com/in/liam-stafford-91b66b27a,https://www.linkedin.com/in/thejacobkantor
Daniel Orr,Jacob Kantor,"4/2/26, 5:19 PM",,INCOMING,https://www.linkedin.com/in/danielorr-recruitment,https://www.linkedin.com/in/thejacobkantor
Zach Niles,Jacob Kantor,"4/2/26, 2:30 PM",,INCOMING,https://www.linkedin.com/in/zach-niles,https://www.linkedin.com/in/thejacobkantor
Lydia Hampton,Jacob Kantor,"4/2/26, 1:26 PM",,INCOMING,https://www.linkedin.com/in/lydiahampton,https://www.linkedin.com/in/thejacobkantor
Gurjinder Singh,Jacob Kantor,"4/2/26, 1:10 PM",,INCOMING,https://www.linkedin.com/in/gurjindersinghbrar,https://www.linkedin.com/in/thejacobkantor
Jamie  Holt ✝ 🦗,Jacob Kantor,"4/2/26, 10:57 AM",,INCOMING,https://www.linkedin.com/in/jamie-gray-holt,https://www.linkedin.com/in/thejacobkantor
Sheree “Principal Auntie” Bogany,Jacob Kantor,"4/2/26, 5:45 AM",,INCOMING,https://www.linkedin.com/in/sheree-bogany,https://www.linkedin.com/in/thejacobkantor
Mirian Okradze,Jacob Kantor,"4/1/26, 11:36 PM",,INCOMING,https://www.linkedin.com/in/mirian-okradze,https://www.linkedin.com/in/thejacobkantor
Christian Levan,Jacob Kantor,"4/1/26, 6:04 PM",,INCOMING,https://www.linkedin.com/in/christian-levan,https://www.linkedin.com/in/thejacobkantor
Kiahna Seijo,Jacob Kantor,"4/1/26, 4:18 PM",,INCOMING,https://www.linkedin.com/in/kiahna-seijo,https://www.linkedin.com/in/thejacobkantor
Zaid Jamshaid,Jacob Kantor,"4/1/26, 11:51 AM",,INCOMING,https://www.linkedin.com/in/zaidjamshaid,https://www.linkedin.com/in/thejacobkantor
Kristjan Stopar,Jacob Kantor,"4/1/26, 5:13 AM","Jacob, I saw your posts on school phone policy legislation. We're building Humanodoro, a physical app hybrid tool helping schools and workplaces manage screen time intentionally. As 39 states move on this, I'd love your perspective on what solutions schools actually need.",INCOMING,https://www.linkedin.com/in/kristjan-stopar-a6137a208,https://www.linkedin.com/in/thejacobkantor
Pranjal Agrawal,Jacob Kantor,"3/31/26, 5:58 PM",Hi Jacob  I’m a 2nd-year MBA at Yale SOM and passionate about education space. I am connecting with the industry leaders to know their experiences and get the guidance to make a transition. I am looking for mentors to help me understand the landscape in States. Can we connect sometime for 30 mins?,INCOMING,https://www.linkedin.com/in/pranjalagrawal24,https://www.linkedin.com/in/thejacobkantor
Christa Jones,Jacob Kantor,"3/31/26, 7:15 AM",,INCOMING,https://www.linkedin.com/in/christajeanjones,https://www.linkedin.com/in/thejacobkantor
Joselyn Quintanilla,Jacob Kantor,"3/30/26, 6:37 PM",,INCOMING,https://www.linkedin.com/in/joselyn-quintanilla-1b47ba99,https://www.linkedin.com/in/thejacobkantor
Muskaan Kasmani,Jacob Kantor,"3/30/26, 11:12 AM",Hi Jacob!  I work as a Senior Associate at Arbolus - a global expert network. I wanted to speak to you for a short paid consulting opportunity related to your field. Happy to connect and discuss in detail. Let me know.,INCOMING,https://www.linkedin.com/in/muskaankasmani19,https://www.linkedin.com/in/thejacobkantor
Nicholas Colander,Jacob Kantor,"3/29/26, 9:30 PM",,INCOMING,https://www.linkedin.com/in/nicholascolander,https://www.linkedin.com/in/thejacobkantor
Shiva Rama Krsna,Jacob Kantor,"3/29/26, 9:24 PM",,INCOMING,https://www.linkedin.com/in/shivram1896,https://www.linkedin.com/in/thejacobkantor
Brad Weinstein,Jacob Kantor,"3/29/26, 8:42 PM",,INCOMING,https://www.linkedin.com/in/weinsteinedu,https://www.linkedin.com/in/thejacobkantor
Shyne Vidal,Jacob Kantor,"3/29/26, 4:28 PM",Hey! came across your profile and was impressed by your background would love to connect!,INCOMING,https://www.linkedin.com/in/shynevidal,https://www.linkedin.com/in/thejacobkantor
Antonio Vega Alvarez,Jacob Kantor,"3/29/26, 10:23 AM",,INCOMING,https://www.linkedin.com/in/vega-toni,https://www.linkedin.com/in/thejacobkantor
Dr. Dave Mulder,Jacob Kantor,"3/28/26, 9:35 PM",,INCOMING,https://www.linkedin.com/in/dr-dave-mulder-5707b825,https://www.linkedin.com/in/thejacobkantor
Penelope Barton,Jacob Kantor,"3/28/26, 3:36 PM",,INCOMING,https://www.linkedin.com/in/penelopebarton,https://www.linkedin.com/in/thejacobkantor
Thomas Raymer,Jacob Kantor,"3/28/26, 2:52 PM",,INCOMING,https://www.linkedin.com/in/thomas-raymer-0b3357354,https://www.linkedin.com/in/thejacobkantor
"Dipal Kapadia, Ed.D., ITIL",Jacob Kantor,"3/28/26, 1:17 PM",,INCOMING,https://www.linkedin.com/in/dipalkapadia,https://www.linkedin.com/in/thejacobkantor
Andrew Davis,Jacob Kantor,"3/28/26, 12:53 PM",,INCOMING,https://www.linkedin.com/in/andrew-davis-49255583,https://www.linkedin.com/in/thejacobkantor
Alex Corfar,Jacob Kantor,"3/28/26, 10:15 AM",,INCOMING,https://www.linkedin.com/in/acorfar,https://www.linkedin.com/in/thejacobkantor
Georgeta Ghenea,Jacob Kantor,"3/28/26, 5:42 AM",,INCOMING,https://www.linkedin.com/in/georgeta-ghenea-3a67281ba,https://www.linkedin.com/in/thejacobkantor
Harvey Hazen,Jacob Kantor,"3/27/26, 8:51 PM",,INCOMING,https://www.linkedin.com/in/harveyhazeneducator,https://www.linkedin.com/in/thejacobkantor
Sue Kolloru Barger,Jacob Kantor,"3/27/26, 7:43 PM",,INCOMING,https://www.linkedin.com/in/sue-kolloru-barger-773550,https://www.linkedin.com/in/thejacobkantor
Bryan Chong,Jacob Kantor,"3/27/26, 7:14 AM",,INCOMING,https://www.linkedin.com/in/bryanchongca,https://www.linkedin.com/in/thejacobkantor
"Ashleigh Bible, Ed.D. ",Jacob Kantor,"3/27/26, 2:35 AM",,INCOMING,https://www.linkedin.com/in/ashleighbible,https://www.linkedin.com/in/thejacobkantor
Andrew Duval,Jacob Kantor,"3/26/26, 7:41 PM",,INCOMING,https://www.linkedin.com/in/andrew-duval,https://www.linkedin.com/in/thejacobkantor
"Karissa Thomas, EMBA, Ed.D.",Jacob Kantor,"3/26/26, 4:13 PM",,INCOMING,https://www.linkedin.com/in/drkarissathomas,https://www.linkedin.com/in/thejacobkantor
Beverly Shen,Jacob Kantor,"3/26/26, 7:23 AM",,INCOMING,https://www.linkedin.com/in/beverly-shen,https://www.linkedin.com/in/thejacobkantor
Jonathan Dern,Jacob Kantor,"3/26/26, 5:23 AM",,INCOMING,https://www.linkedin.com/in/jonathan-dern-9812982,https://www.linkedin.com/in/thejacobkantor
Guadalupe Lugo,Jacob Kantor,"3/26/26, 3:58 AM",,INCOMING,https://www.linkedin.com/in/guadalupe-alcauter-lugo,https://www.linkedin.com/in/thejacobkantor
Karishma Jain,Jacob Kantor,"3/25/26, 2:10 PM",,INCOMING,https://www.linkedin.com/in/karishmamjain,https://www.linkedin.com/in/thejacobkantor
Karen N. Marshall,Jacob Kantor,"3/25/26, 2:03 PM",,INCOMING,https://www.linkedin.com/in/karen-n-marshall-44503570,https://www.linkedin.com/in/thejacobkantor
Naomi Shroff-Mehta,Jacob Kantor,"3/25/26, 10:15 AM",,INCOMING,https://www.linkedin.com/in/nshroffm,https://www.linkedin.com/in/thejacobkantor
Larry Tuch,Jacob Kantor,"3/25/26, 7:47 AM",,INCOMING,https://www.linkedin.com/in/larry-tuch-79b0546,https://www.linkedin.com/in/thejacobkantor
Simon Gamel,Jacob Kantor,"3/24/26, 8:31 PM",,INCOMING,https://www.linkedin.com/in/simoncgamel,https://www.linkedin.com/in/thejacobkantor
Mia Gittlen,Jacob Kantor,"3/24/26, 5:30 PM",,INCOMING,https://www.linkedin.com/in/mia-gittlen-12a25766,https://www.linkedin.com/in/thejacobkantor
Dan Cassel,Jacob Kantor,"3/24/26, 4:13 PM","Jacob, noted your Profile.  Let's connect here on Linked In!",INCOMING,https://www.linkedin.com/in/dan-cassel-7a654310a,https://www.linkedin.com/in/thejacobkantor
Iryna Stiekhina,Jacob Kantor,"3/24/26, 11:27 AM",,INCOMING,https://www.linkedin.com/in/iryna-stiekhina,https://www.linkedin.com/in/thejacobkantor
Amy Huss,Jacob Kantor,"3/24/26, 7:34 AM",,INCOMING,https://www.linkedin.com/in/amy-huss-4b915811,https://www.linkedin.com/in/thejacobkantor
Gopi Krishna,Jacob Kantor,"3/24/26, 12:52 AM","Hi Jacob,  I’m reaching out to share MeetHour.io — a video meeting platform with branded meeting rooms, breakout rooms, whiteboards, webinars, AI transcripts, and built-in scheduling via MyCaly.  Would you be open to a quick 10-minute demo?  https://meethour.io?ref=meetgk",INCOMING,https://www.linkedin.com/in/gkyadav,https://www.linkedin.com/in/thejacobkantor
Yash Maheshwari,Jacob Kantor,"3/23/26, 8:21 PM",,INCOMING,https://www.linkedin.com/in/yashmaheshwari2009,https://www.linkedin.com/in/thejacobkantor
Justin Alger,Jacob Kantor,"3/23/26, 4:23 PM",,INCOMING,https://www.linkedin.com/in/justinalger,https://www.linkedin.com/in/thejacobkantor
Heather Sweet,Jacob Kantor,"3/23/26, 3:56 PM",,INCOMING,https://www.linkedin.com/in/heathersweet100,https://www.linkedin.com/in/thejacobkantor
Manish Choudhary,Jacob Kantor,"3/23/26, 11:21 AM",,INCOMING,https://www.linkedin.com/in/manish-choudhary-4b7a6923,https://www.linkedin.com/in/thejacobkantor
Jayaprakash R,Jacob Kantor,"3/23/26, 10:02 AM","Hi Jacob - I'm speaking with GTM leaders about how teams prioritize the right accounts as volume scales. Thought it’d be great to connect and exchange notes.  Regards, Jay",INCOMING,https://www.linkedin.com/in/jayaprakash-r-21306a1a0,https://www.linkedin.com/in/thejacobkantor
Elizabeth Hunter,Jacob Kantor,"3/23/26, 9:28 AM",,INCOMING,https://www.linkedin.com/in/elizabeth-hunter-data,https://www.linkedin.com/in/thejacobkantor
Christy Colee,Jacob Kantor,"3/23/26, 7:45 AM",,INCOMING,https://www.linkedin.com/in/christy-colee-611b5619,https://www.linkedin.com/in/thejacobkantor
Abhishek Ranabhat,Jacob Kantor,"3/23/26, 6:38 AM",,INCOMING,https://www.linkedin.com/in/abhishek-ranabhat,https://www.linkedin.com/in/thejacobkantor
Piyush Sadhu,Jacob Kantor,"3/23/26, 6:28 AM",,INCOMING,https://www.linkedin.com/in/piyush-sadhu-51559946,https://www.linkedin.com/in/thejacobkantor
Michael Heyman,Jacob Kantor,"3/23/26, 5:56 AM","Hi Jacob, hope you're doing well! I’d love for you to check out The Reimagined Classroom and see if it’s worth a quick conversation. We support publishers and agencies like NYSED and DoDEA with curriculum development and related services. Would love to connect.  https://reimaginedclassroom.com/",INCOMING,https://www.linkedin.com/in/michael-heyman,https://www.linkedin.com/in/thejacobkantor
Jennifer Kiersz,Jacob Kantor,"3/23/26, 2:57 AM",,INCOMING,https://www.linkedin.com/in/jennifer-kiersz-54a65519,https://www.linkedin.com/in/thejacobkantor
Bharat Battu,Jacob Kantor,"3/22/26, 6:54 PM",,INCOMING,https://www.linkedin.com/in/bharat-battu,https://www.linkedin.com/in/thejacobkantor
Aman singh,Jacob Kantor,"3/22/26, 6:51 PM",,INCOMING,https://www.linkedin.com/in/aman-singh-45a107385,https://www.linkedin.com/in/thejacobkantor
Michael Kenney,Jacob Kantor,"3/22/26, 8:44 AM",,INCOMING,https://www.linkedin.com/in/michaelrkenney,https://www.linkedin.com/in/thejacobkantor
Dr. Kristi Kendrickson,Jacob Kantor,"3/22/26, 5:01 AM",,INCOMING,https://www.linkedin.com/in/dr-kristi-kendrickson-a0042529,https://www.linkedin.com/in/thejacobkantor
Dodie Pfeil,Jacob Kantor,"3/22/26, 4:20 AM",,INCOMING,https://www.linkedin.com/in/dodie-pfeil-21297785,https://www.linkedin.com/in/thejacobkantor
Zahara B,Jacob Kantor,"3/21/26, 9:44 PM",,INCOMING,https://www.linkedin.com/in/zahara-b-0a3181170,https://www.linkedin.com/in/thejacobkantor
"Gina Tesoriero, Ph.D.",Jacob Kantor,"3/21/26, 10:47 AM",,INCOMING,https://www.linkedin.com/in/ginatesoriero,https://www.linkedin.com/in/thejacobkantor
Courtney White,Jacob Kantor,"3/21/26, 8:38 AM",,INCOMING,https://www.linkedin.com/in/courtney-white-tx,https://www.linkedin.com/in/thejacobkantor
Aditya Rao,Jacob Kantor,"3/21/26, 6:23 AM",,INCOMING,https://www.linkedin.com/in/adiaxis,https://www.linkedin.com/in/thejacobkantor
Rick Henderson,Jacob Kantor,"3/21/26, 5:08 AM",,INCOMING,https://www.linkedin.com/in/rick-henderson-5163b718,https://www.linkedin.com/in/thejacobkantor
Amos Young III,Jacob Kantor,"3/20/26, 11:23 PM",,INCOMING,https://www.linkedin.com/in/amosyoungjr,https://www.linkedin.com/in/thejacobkantor
pramesh gajbhiye,Jacob Kantor,"3/20/26, 8:43 PM",,INCOMING,https://www.linkedin.com/in/pramesh-gajbhiye-9a30282a6,https://www.linkedin.com/in/thejacobkantor
Chris Maddox,Jacob Kantor,"3/20/26, 6:03 PM",,INCOMING,https://www.linkedin.com/in/chris-maddox-twt,https://www.linkedin.com/in/thejacobkantor
Rebecca Smith,Jacob Kantor,"3/20/26, 5:58 PM",,INCOMING,https://www.linkedin.com/in/rebeccassmith1011,https://www.linkedin.com/in/thejacobkantor
Louis Alvarez,Jacob Kantor,"3/20/26, 4:00 PM",,INCOMING,https://www.linkedin.com/in/louis-alvarez-3b666631b,https://www.linkedin.com/in/thejacobkantor
Cindy Chen,Jacob Kantor,"3/20/26, 3:57 PM",,INCOMING,https://www.linkedin.com/in/cindy-chen-9039b2243,https://www.linkedin.com/in/thejacobkantor
Alexandra Denisova,Jacob Kantor,"3/20/26, 3:57 PM",,INCOMING,https://www.linkedin.com/in/alexandra-denisova-6312492b2,https://www.linkedin.com/in/thejacobkantor
Traci Bonde,Jacob Kantor,"3/20/26, 3:22 PM",,INCOMING,https://www.linkedin.com/in/traci-bonde,https://www.linkedin.com/in/thejacobkantor
Robert Fall,Jacob Kantor,"3/20/26, 2:41 PM",,INCOMING,https://www.linkedin.com/in/robert-fall,https://www.linkedin.com/in/thejacobkantor
Mario Flores,Jacob Kantor,"3/20/26, 11:02 AM",,INCOMING,https://www.linkedin.com/in/marioflores1,https://www.linkedin.com/in/thejacobkantor
Joaquin Licea,Jacob Kantor,"3/20/26, 10:44 AM",,INCOMING,https://www.linkedin.com/in/joaquin-licea,https://www.linkedin.com/in/thejacobkantor
Jared Avalos,Jacob Kantor,"3/19/26, 10:01 PM",,INCOMING,https://www.linkedin.com/in/jared-avalos-476782208,https://www.linkedin.com/in/thejacobkantor
Rudy Escobar,Jacob Kantor,"3/19/26, 7:43 PM",,INCOMING,https://www.linkedin.com/in/rudy-escobar9,https://www.linkedin.com/in/thejacobkantor
Ross Christiansen,Jacob Kantor,"3/19/26, 3:02 PM",,INCOMING,https://www.linkedin.com/in/ross-christiansen,https://www.linkedin.com/in/thejacobkantor
Kyle Harvey,Jacob Kantor,"3/19/26, 2:18 PM",,INCOMING,https://www.linkedin.com/in/kyle-harvey-flextgca,https://www.linkedin.com/in/thejacobkantor
Jane Chudinov,Jacob Kantor,"3/19/26, 11:46 AM",,INCOMING,https://www.linkedin.com/in/janechudinov,https://www.linkedin.com/in/thejacobkantor
Benjamin Caldarelli,Jacob Kantor,"3/19/26, 5:27 AM",,INCOMING,https://www.linkedin.com/in/benjamincaldarelli,https://www.linkedin.com/in/thejacobkantor
Kavita Mehta Khanna,Jacob Kantor,"3/19/26, 12:08 AM",,INCOMING,https://www.linkedin.com/in/kavitam,https://www.linkedin.com/in/thejacobkantor
mukhtar eltayeb,Jacob Kantor,"3/18/26, 10:43 PM",,INCOMING,https://www.linkedin.com/in/mukhtar-eltayeb-266923232,https://www.linkedin.com/in/thejacobkantor
Jason Shick,Jacob Kantor,"3/18/26, 6:14 PM",,INCOMING,https://www.linkedin.com/in/jasonshick,https://www.linkedin.com/in/thejacobkantor
Arvind Kumar,Jacob Kantor,"3/18/26, 5:36 PM",,INCOMING,https://www.linkedin.com/in/arvind-kumar-159863117,https://www.linkedin.com/in/thejacobkantor
Matthew  West,Jacob Kantor,"3/18/26, 10:36 AM",,INCOMING,https://www.linkedin.com/in/mattwest3,https://www.linkedin.com/in/thejacobkantor
Timothy Cook,Jacob Kantor,"3/17/26, 9:00 PM",,INCOMING,https://www.linkedin.com/in/timothy-cook-builttothink,https://www.linkedin.com/in/thejacobkantor
Vinay Surwade,Jacob Kantor,"3/17/26, 7:44 PM",,INCOMING,https://www.linkedin.com/in/vinaysurwade,https://www.linkedin.com/in/thejacobkantor
Dr. Carolyn Henry,Jacob Kantor,"3/17/26, 1:12 PM",,INCOMING,https://www.linkedin.com/in/dr-carolyn-henry-37746b131,https://www.linkedin.com/in/thejacobkantor
"Rafael Richardson, Ed.D.",Jacob Kantor,"3/17/26, 12:56 PM",,INCOMING,https://www.linkedin.com/in/rafael-richardson-ed-d-23a64280,https://www.linkedin.com/in/thejacobkantor
Usman Malik,Jacob Kantor,"3/17/26, 11:32 AM",,INCOMING,https://www.linkedin.com/in/usman-malik-23b5b6201,https://www.linkedin.com/in/thejacobkantor
Andy Conigliaro,Jacob Kantor,"3/17/26, 10:24 AM",,INCOMING,https://www.linkedin.com/in/andyconigliaro,https://www.linkedin.com/in/thejacobkantor
Nick Cornwell Ph.D.,Jacob Kantor,"3/17/26, 8:45 AM",,INCOMING,https://www.linkedin.com/in/drnickcornwell,https://www.linkedin.com/in/thejacobkantor
Tessinita Okoye,Jacob Kantor,"3/17/26, 7:43 AM",,INCOMING,https://www.linkedin.com/in/tessinita-okoye-941649209,https://www.linkedin.com/in/thejacobkantor
Dana Mureșan,Jacob Kantor,"3/17/26, 12:05 AM",,INCOMING,https://www.linkedin.com/in/danielamuresan,https://www.linkedin.com/in/thejacobkantor
Sara Hunter,Jacob Kantor,"3/16/26, 8:12 PM",,INCOMING,https://www.linkedin.com/in/sara-hunter-4a78299,https://www.linkedin.com/in/thejacobkantor
Tanya Keskar,Jacob Kantor,"3/16/26, 7:51 PM",,INCOMING,https://www.linkedin.com/in/tanya-keskar,https://www.linkedin.com/in/thejacobkantor
Hrithika Pawar,Jacob Kantor,"3/16/26, 4:57 PM",,INCOMING,https://www.linkedin.com/in/hrithika-pawar-74a9a4274,https://www.linkedin.com/in/thejacobkantor
Frank O'Grady,Jacob Kantor,"3/16/26, 2:42 PM",,INCOMING,https://www.linkedin.com/in/frank-o-grady-a252656,https://www.linkedin.com/in/thejacobkantor
Phillip J. Mikula,Jacob Kantor,"3/16/26, 2:23 PM",,INCOMING,https://www.linkedin.com/in/phillip-j-mikula,https://www.linkedin.com/in/thejacobkantor
Ying Lin,Jacob Kantor,"3/16/26, 2:08 PM","Hi Jacob, I hope you're doing well! I was advised to reach out following a recent conversation with Mike Walsh. Excited to connect!",INCOMING,https://www.linkedin.com/in/yinglin2,https://www.linkedin.com/in/thejacobkantor
Ta'Darrell Randolph,Jacob Kantor,"3/16/26, 11:20 AM",,INCOMING,https://www.linkedin.com/in/tadarrellrandolph,https://www.linkedin.com/in/thejacobkantor
Martin Cleaver,Jacob Kantor,"3/16/26, 7:44 AM",,INCOMING,https://www.linkedin.com/in/martincleaver,https://www.linkedin.com/in/thejacobkantor
Jodi Szuter,Jacob Kantor,"3/16/26, 7:16 AM",,INCOMING,https://www.linkedin.com/in/jodiszuter,https://www.linkedin.com/in/thejacobkantor
Adrienne Kupper,Jacob Kantor,"3/16/26, 4:47 AM",,INCOMING,https://www.linkedin.com/in/adrienne-kupper-b328457,https://www.linkedin.com/in/thejacobkantor
Jeff Wilson,Jacob Kantor,"3/16/26, 2:42 AM",,INCOMING,https://www.linkedin.com/in/jeffwilson-fundedu,https://www.linkedin.com/in/thejacobkantor
Wilfried Ariel  陳順福,Jacob Kantor,"3/16/26, 1:05 AM",,INCOMING,https://www.linkedin.com/in/wilfriedariel,https://www.linkedin.com/in/thejacobkantor
Minh Kim,Jacob Kantor,"3/15/26, 7:15 PM",,INCOMING,https://www.linkedin.com/in/minhk,https://www.linkedin.com/in/thejacobkantor
Lauren Gregory,Jacob Kantor,"3/15/26, 12:44 PM",,INCOMING,https://www.linkedin.com/in/lauren-gregory-691518228,https://www.linkedin.com/in/thejacobkantor
Rick Swanson,Jacob Kantor,"3/15/26, 12:04 PM",,INCOMING,https://www.linkedin.com/in/richardswanson,https://www.linkedin.com/in/thejacobkantor
Abolfazl jarrahi,Jacob Kantor,"3/15/26, 9:28 AM",,INCOMING,https://www.linkedin.com/in/abel-jarrahi,https://www.linkedin.com/in/thejacobkantor
Craig Talbot,Jacob Kantor,"3/15/26, 7:43 AM",,INCOMING,https://www.linkedin.com/in/craigwtalbot,https://www.linkedin.com/in/thejacobkantor
Andrew Holt,Jacob Kantor,"3/15/26, 4:59 AM",,INCOMING,https://www.linkedin.com/in/andrew-holt-162b78207,https://www.linkedin.com/in/thejacobkantor
Kadambini Alva,Jacob Kantor,"3/14/26, 4:41 PM",,INCOMING,https://www.linkedin.com/in/kadambini-alva,https://www.linkedin.com/in/thejacobkantor
Gary Brooks,Jacob Kantor,"3/14/26, 2:24 PM",,INCOMING,https://www.linkedin.com/in/gary-brooks-3b367032a,https://www.linkedin.com/in/thejacobkantor
Denys Shchegolkov,Jacob Kantor,"3/14/26, 12:13 PM","Hi Jacob - quick question.  When evaluating a startup, founder or external development team, do you usually rely mostly on referrals, or do you sometimes get an independent risk view before making a commitment?",INCOMING,https://www.linkedin.com/in/shchegolkov,https://www.linkedin.com/in/thejacobkantor
Anav Agrawal,Jacob Kantor,"3/14/26, 12:09 PM",,INCOMING,https://www.linkedin.com/in/anav,https://www.linkedin.com/in/thejacobkantor
Alicia Berlanga,Jacob Kantor,"3/14/26, 11:46 AM",,INCOMING,https://www.linkedin.com/in/aliciaberlangamanagertecnologiaeducativa,https://www.linkedin.com/in/thejacobkantor
Ghulam Fareed,Jacob Kantor,"3/14/26, 11:25 AM","Most professionals focus on content but ignore presentation.  I design LinkedIn visuals, including post slides and banners that strengthen positioning.  If you want your profile to look sharper, I can take care of it.",INCOMING,https://www.linkedin.com/in/ghulamfareed3,https://www.linkedin.com/in/thejacobkantor
Jeongmin Lee,Jacob Kantor,"3/13/26, 10:11 AM",,INCOMING,https://www.linkedin.com/in/jeongmin-lee-1a259482,https://www.linkedin.com/in/thejacobkantor
Dr. Danielle Guzman-Orth,Jacob Kantor,"3/12/26, 11:01 PM",,INCOMING,https://www.linkedin.com/in/danielle-guzman-orth,https://www.linkedin.com/in/thejacobkantor
"Lorenzo Mejia, M.A.",Jacob Kantor,"3/12/26, 8:32 PM",,INCOMING,https://www.linkedin.com/in/lorenzomejia,https://www.linkedin.com/in/thejacobkantor
Anthony Gomez,Jacob Kantor,"3/12/26, 8:06 PM",,INCOMING,https://www.linkedin.com/in/anthonygomez22,https://www.linkedin.com/in/thejacobkantor
Vraj Shroff,Jacob Kantor,"3/12/26, 5:40 PM",Founder of an AI edtech startup here. Would love to connect and see if we can work together. Looking forward to it.,INCOMING,https://www.linkedin.com/in/vrajshroff,https://www.linkedin.com/in/thejacobkantor
Bridget Campion,Jacob Kantor,"3/12/26, 3:59 PM",,INCOMING,https://www.linkedin.com/in/bridgetcampion,https://www.linkedin.com/in/thejacobkantor
Ani Attamian,Jacob Kantor,"3/12/26, 3:21 PM",,INCOMING,https://www.linkedin.com/in/globalspeaker,https://www.linkedin.com/in/thejacobkantor
Audrey McConnell-Monroe,Jacob Kantor,"3/12/26, 1:29 PM",,INCOMING,https://www.linkedin.com/in/audrey-mcconnell-monroe-013272271,https://www.linkedin.com/in/thejacobkantor
Zac Stein,Jacob Kantor,"3/12/26, 12:34 PM",,INCOMING,https://www.linkedin.com/in/zacharylstein,https://www.linkedin.com/in/thejacobkantor
James Welch Mitchell,Jacob Kantor,"3/12/26, 11:21 AM",,INCOMING,https://www.linkedin.com/in/james-welch-mitchell-7971b31a,https://www.linkedin.com/in/thejacobkantor
"Jen Chorma Ed.S, NBCT",Jacob Kantor,"3/12/26, 10:19 AM",,INCOMING,https://www.linkedin.com/in/jen-chorma-ed-s-nbct-b33168312,https://www.linkedin.com/in/thejacobkantor
Julie Huston,Jacob Kantor,"3/12/26, 7:06 AM",,INCOMING,https://www.linkedin.com/in/julie-huston-4776398,https://www.linkedin.com/in/thejacobkantor
Jesse Tafolla,Jacob Kantor,"3/12/26, 6:50 AM",,INCOMING,https://www.linkedin.com/in/jesse-tafolla-720a3210b,https://www.linkedin.com/in/thejacobkantor
Chris Cole,Jacob Kantor,"3/12/26, 6:40 AM",,INCOMING,https://www.linkedin.com/in/chris-cole-aab8b27,https://www.linkedin.com/in/thejacobkantor
Aftab A,Jacob Kantor,"3/12/26, 6:31 AM","Hi Jacob, Hope you are doing awesome Looking forward to connecting.",INCOMING,https://www.linkedin.com/in/aftabkhana,https://www.linkedin.com/in/thejacobkantor
Cortney W,Jacob Kantor,"3/12/26, 5:44 AM",,INCOMING,https://www.linkedin.com/in/cortney-wilbanks,https://www.linkedin.com/in/thejacobkantor
Dale Abusaad,Jacob Kantor,"3/12/26, 5:24 AM",,INCOMING,https://www.linkedin.com/in/daleabusaad,https://www.linkedin.com/in/thejacobkantor
Kendal Shomura,Jacob Kantor,"3/11/26, 11:25 PM",,INCOMING,https://www.linkedin.com/in/kendalshomura,https://www.linkedin.com/in/thejacobkantor
"Sha Marefati,  Pharm D ",Jacob Kantor,"3/11/26, 5:59 PM",,INCOMING,https://www.linkedin.com/in/sha-marefati-pharm-d-21101a2b5,https://www.linkedin.com/in/thejacobkantor
Luke Egan,Jacob Kantor,"3/11/26, 5:32 PM",,INCOMING,https://www.linkedin.com/in/lukeeganx,https://www.linkedin.com/in/thejacobkantor
Djordje Zikic,Jacob Kantor,"3/11/26, 1:32 PM",,INCOMING,https://www.linkedin.com/in/djordje-zikic-0367512b,https://www.linkedin.com/in/thejacobkantor
Lilit Markosyan,Jacob Kantor,"3/11/26, 12:23 PM",,INCOMING,https://www.linkedin.com/in/lilityan,https://www.linkedin.com/in/thejacobkantor
Chris Ripken,Jacob Kantor,"3/11/26, 11:15 AM",,INCOMING,https://www.linkedin.com/in/chris-ripken-23382a47,https://www.linkedin.com/in/thejacobkantor
Bonnie Humphrey MBA,Jacob Kantor,"3/11/26, 3:43 AM","Hi Jacob, I work with residential developers nationwide on strategies to protect what they actually keep after a sale. Thought it was worth connecting.",INCOMING,https://www.linkedin.com/in/bonnie-humphrey-mba-b817109a,https://www.linkedin.com/in/thejacobkantor
Katie McDonald,Jacob Kantor,"3/10/26, 6:14 PM",,INCOMING,https://www.linkedin.com/in/rootedhope,https://www.linkedin.com/in/thejacobkantor
Anne Baker,Jacob Kantor,"3/10/26, 10:28 AM",,INCOMING,https://www.linkedin.com/in/anne-baker-18749856,https://www.linkedin.com/in/thejacobkantor
Sid Vishwakarma,Jacob Kantor,"3/10/26, 8:18 AM",,INCOMING,https://www.linkedin.com/in/sid-vishwakarma-a87187313,https://www.linkedin.com/in/thejacobkantor
Alan Brusky,Jacob Kantor,"3/10/26, 7:05 AM",,INCOMING,https://www.linkedin.com/in/alanbrusky,https://www.linkedin.com/in/thejacobkantor
Anubhav Chopra,Jacob Kantor,"3/9/26, 10:16 PM",,INCOMING,https://www.linkedin.com/in/anubhavc,https://www.linkedin.com/in/thejacobkantor
Leslie Maniotes,Jacob Kantor,"3/9/26, 9:58 PM",,INCOMING,https://www.linkedin.com/in/lesliemaniotes,https://www.linkedin.com/in/thejacobkantor
"Maria Angelica Ramirez, PMP®, CSM®",Jacob Kantor,"3/9/26, 9:20 PM",,INCOMING,https://www.linkedin.com/in/rmrzmangelica,https://www.linkedin.com/in/thejacobkantor
Amyn Manji,Jacob Kantor,"3/9/26, 7:17 PM",,INCOMING,https://www.linkedin.com/in/amyn-manji-9128611a,https://www.linkedin.com/in/thejacobkantor
Suman Hossain,Jacob Kantor,"3/9/26, 7:06 PM",,INCOMING,https://www.linkedin.com/in/suman-hossain-709a93249,https://www.linkedin.com/in/thejacobkantor
Grace Brusky,Jacob Kantor,"3/9/26, 5:30 PM",,INCOMING,https://www.linkedin.com/in/gracebrusky,https://www.linkedin.com/in/thejacobkantor
Mike Powell,Jacob Kantor,"3/9/26, 3:08 PM",,INCOMING,https://www.linkedin.com/in/mike-powell-97216496,https://www.linkedin.com/in/thejacobkantor
Xiomara Bender - Oceano,Jacob Kantor,"3/9/26, 11:53 AM","Hi Jacob, I built Scout AI to help schools detect SPED elopement & propped doors using existing cameras. We customize our model to address schools needs. We wanted to attend your CUE session, but the high cost for startups to enter the room priced us out. Dropping you a note here to set up a call.",INCOMING,https://www.linkedin.com/in/xiomara-bender-oceano-348ab063,https://www.linkedin.com/in/thejacobkantor
Po On Yeung,Jacob Kantor,"3/9/26, 11:33 AM",,INCOMING,https://www.linkedin.com/in/poyeung,https://www.linkedin.com/in/thejacobkantor
Paris Gamble,Jacob Kantor,"3/9/26, 11:12 AM","Jacob, I heard you speak during the ""Beyond the sales pitch"" session. You said during Q&A you were open to Linkedin invites. I would love to connect and have a longer conversation.",INCOMING,https://www.linkedin.com/in/parisgamble,https://www.linkedin.com/in/thejacobkantor
E.J. Coughlin,Jacob Kantor,"3/9/26, 10:03 AM",,INCOMING,https://www.linkedin.com/in/ejcoughlin,https://www.linkedin.com/in/thejacobkantor
"Joshua Littenberg-Tobias, Ph.D.",Jacob Kantor,"3/9/26, 9:20 AM",,INCOMING,https://www.linkedin.com/in/joshua-littenberg-tobias-ph-d-9486576,https://www.linkedin.com/in/thejacobkantor
Kimberly Ann Māliawaipi'ilani Hays,Jacob Kantor,"3/9/26, 8:55 AM",,INCOMING,https://www.linkedin.com/in/kimberlyannmhays,https://www.linkedin.com/in/thejacobkantor
Andy M. Bennett,Jacob Kantor,"3/9/26, 8:39 AM",,INCOMING,https://www.linkedin.com/in/andymbennett,https://www.linkedin.com/in/thejacobkantor
Domantas Meliukštis,Jacob Kantor,"3/9/26, 7:18 AM",,INCOMING,https://www.linkedin.com/in/domantas-meliukstis,https://www.linkedin.com/in/thejacobkantor
Kim Wilkens,Jacob Kantor,"3/9/26, 7:18 AM",,INCOMING,https://www.linkedin.com/in/miss-bit,https://www.linkedin.com/in/thejacobkantor
Tom Kaster,Jacob Kantor,"3/9/26, 5:05 AM",,INCOMING,https://www.linkedin.com/in/tom-kaster-datafied,https://www.linkedin.com/in/thejacobkantor
Luciano Alves Junior,Jacob Kantor,"3/9/26, 2:09 AM",,INCOMING,https://www.linkedin.com/in/luciano-alves-junior-4b212aa5,https://www.linkedin.com/in/thejacobkantor
Simón Miera,Jacob Kantor,"3/8/26, 7:51 PM",,INCOMING,https://www.linkedin.com/in/simón-miera-02a7a2a8,https://www.linkedin.com/in/thejacobkantor
Bobby Kalman,Jacob Kantor,"3/8/26, 6:09 PM",,INCOMING,https://www.linkedin.com/in/bobby-kalman,https://www.linkedin.com/in/thejacobkantor
Micky Wolf,Jacob Kantor,"3/8/26, 5:15 PM",,INCOMING,https://www.linkedin.com/in/mickywolf,https://www.linkedin.com/in/thejacobkantor
Laura Tilley,Jacob Kantor,"3/8/26, 6:05 AM",,INCOMING,https://www.linkedin.com/in/lauraktilley,https://www.linkedin.com/in/thejacobkantor
Parita Parekh,Jacob Kantor,"3/8/26, 1:11 AM",,INCOMING,https://www.linkedin.com/in/parita-parekh-4794457a,https://www.linkedin.com/in/thejacobkantor
Amit Zaks,Jacob Kantor,"3/7/26, 4:50 PM",,INCOMING,https://www.linkedin.com/in/amitzaks,https://www.linkedin.com/in/thejacobkantor
Surendra Kumar Nekkanti,Jacob Kantor,"3/7/26, 8:43 AM",,INCOMING,https://www.linkedin.com/in/surendra-kumar-nekkanti-006584135,https://www.linkedin.com/in/thejacobkantor
Ian M,Jacob Kantor,"3/7/26, 6:45 AM",,INCOMING,https://www.linkedin.com/in/ian-m-56288365,https://www.linkedin.com/in/thejacobkantor
Nithis Kumar K,Jacob Kantor,"3/7/26, 4:15 AM",,INCOMING,https://www.linkedin.com/in/nithis-kumar-k-6639a5225,https://www.linkedin.com/in/thejacobkantor
Sylvia Huber,Jacob Kantor,"3/7/26, 3:58 AM",,INCOMING,https://www.linkedin.com/in/sylviahuber09,https://www.linkedin.com/in/thejacobkantor
Ajinkya Jamdade,Jacob Kantor,"3/6/26, 9:45 PM",,INCOMING,https://www.linkedin.com/in/ajinkya-jamdade-348846211,https://www.linkedin.com/in/thejacobkantor
Selina Hogan,Jacob Kantor,"3/6/26, 7:38 PM",,INCOMING,https://www.linkedin.com/in/selina-hogan-568a95194,https://www.linkedin.com/in/thejacobkantor
David Yanez,Jacob Kantor,"3/6/26, 11:07 AM",,INCOMING,https://www.linkedin.com/in/davidyanez,https://www.linkedin.com/in/thejacobkantor
Rakesh Goyal,Jacob Kantor,"3/6/26, 9:48 AM",,INCOMING,https://www.linkedin.com/in/goyalrakesh91,https://www.linkedin.com/in/thejacobkantor
EYAL GEFFEN,Jacob Kantor,"3/6/26, 8:16 AM",,INCOMING,https://www.linkedin.com/in/eyal-geffen-2a44b58,https://www.linkedin.com/in/thejacobkantor
Lynette Dickerson,Jacob Kantor,"3/6/26, 4:57 AM",,INCOMING,https://www.linkedin.com/in/lynettedickerson,https://www.linkedin.com/in/thejacobkantor
Vignesh V Prabhu,Jacob Kantor,"3/6/26, 3:09 AM",,INCOMING,https://www.linkedin.com/in/vignesh-v-prabhu-149bb9221,https://www.linkedin.com/in/thejacobkantor
Rodolfo Ohl,Jacob Kantor,"3/5/26, 1:37 PM",,INCOMING,https://www.linkedin.com/in/rodolfoohl,https://www.linkedin.com/in/thejacobkantor
Warren Ifergane,Jacob Kantor,"3/5/26, 12:02 PM",,INCOMING,https://www.linkedin.com/in/warrenifergane,https://www.linkedin.com/in/thejacobkantor
Adam Barrow,Jacob Kantor,"3/5/26, 6:36 AM",,INCOMING,https://www.linkedin.com/in/adam-barrow-17272667,https://www.linkedin.com/in/thejacobkantor
Alexis Lawlor,Jacob Kantor,"3/4/26, 6:45 PM",,INCOMING,https://www.linkedin.com/in/alexislawlor,https://www.linkedin.com/in/thejacobkantor
Yang Li,Jacob Kantor,"3/4/26, 1:59 PM",,INCOMING,https://www.linkedin.com/in/yangliprofile,https://www.linkedin.com/in/thejacobkantor
L. Waymond Jackson Jr,Jacob Kantor,"3/4/26, 11:49 AM",,INCOMING,https://www.linkedin.com/in/l-waymond-jackson-jr-a038a587,https://www.linkedin.com/in/thejacobkantor
Shena Marie Dabalos,Jacob Kantor,"3/4/26, 5:05 AM","Hi Jacob,   I'd like to connect with you to learn from your insights while expanding my network. I'm Shena, COO of Chronostep Inc, a software development company in the Philippines. We’re also open to working with you for development, maintenance, or system upgrades.",INCOMING,https://www.linkedin.com/in/shena-marie-dabalos-9645486b,https://www.linkedin.com/in/thejacobkantor
"Leighangela Brady, Ed.D.",Jacob Kantor,"3/3/26, 9:14 PM",,INCOMING,https://www.linkedin.com/in/leighangela-brady-ed-d-200733202,https://www.linkedin.com/in/thejacobkantor
Jyotsna Varkey,Jacob Kantor,"3/3/26, 7:31 PM",,INCOMING,https://www.linkedin.com/in/jyotsna-varkey-2865501a7,https://www.linkedin.com/in/thejacobkantor
Javeria Rana,Jacob Kantor,"3/3/26, 5:33 PM",,INCOMING,https://www.linkedin.com/in/javeriarana,https://www.linkedin.com/in/thejacobkantor
Brandy Arnold,Jacob Kantor,"3/3/26, 3:20 PM",,INCOMING,https://www.linkedin.com/in/arnoldbrandy,https://www.linkedin.com/in/thejacobkantor
Anthony Luckett,Jacob Kantor,"3/3/26, 3:07 PM","Hi Jacob - Thanks for sharing your perspective. Wondering if you have a minute to chat about district demand for tutoring. I am advising an org and am looking for wisdom in the wild to inform my own thinking and practice. At the very least, we both go to the same barber...   Tony",INCOMING,https://www.linkedin.com/in/anthonyluckett,https://www.linkedin.com/in/thejacobkantor
Pablo Peñalver Alonso,Jacob Kantor,"3/3/26, 1:20 PM",,INCOMING,https://www.linkedin.com/in/pablopenalveralonso,https://www.linkedin.com/in/thejacobkantor
John Martin,Jacob Kantor,"3/3/26, 11:39 AM",,INCOMING,https://www.linkedin.com/in/johnmartin20,https://www.linkedin.com/in/thejacobkantor
Edward Hill,Jacob Kantor,"3/3/26, 10:11 AM","Hi Jacob, I've just seen you on the webinar recording for Spring Cue and hoping to connect with you in Palm Springs, it will be my first time exhibiting at the event so excited to get there! Many thanks, Ed",INCOMING,https://www.linkedin.com/in/ehillscan,https://www.linkedin.com/in/thejacobkantor
Joël Musambi,Jacob Kantor,"3/3/26, 8:51 AM",,INCOMING,https://www.linkedin.com/in/joelmusambi,https://www.linkedin.com/in/thejacobkantor
Melissa Lahti,Jacob Kantor,"3/3/26, 2:01 AM",,INCOMING,https://www.linkedin.com/in/melissa-lahti,https://www.linkedin.com/in/thejacobkantor
Tamara Calero-Hill,Jacob Kantor,"3/2/26, 4:27 PM",,INCOMING,https://www.linkedin.com/in/tamara-calero-hill-ab954794,https://www.linkedin.com/in/thejacobkantor
Elisa  Palisoc,Jacob Kantor,"3/2/26, 12:26 PM",,INCOMING,https://www.linkedin.com/in/elisa-palisoc-a60677220,https://www.linkedin.com/in/thejacobkantor
Michael Staniewicz,Jacob Kantor,"3/2/26, 11:27 AM",,INCOMING,https://www.linkedin.com/in/michaelstaniewicz,https://www.linkedin.com/in/thejacobkantor
Sahar Hussain,Jacob Kantor,"3/2/26, 3:38 AM",,INCOMING,https://www.linkedin.com/in/sahar-hussain-96abbb1a6,https://www.linkedin.com/in/thejacobkantor
Ed Moss,Jacob Kantor,"3/2/26, 12:53 AM",,INCOMING,https://www.linkedin.com/in/mossified,https://www.linkedin.com/in/thejacobkantor
Anjali Shah,Jacob Kantor,"3/2/26, 12:23 AM","Hi Jacob,  I’m a content marketer helping brands grow with the power of content on LinkedIn.   I stumbled across your profile and you are doing some great work.   I would love to help you build your personal brand and upscale higher.   Up for a call this week?",INCOMING,https://www.linkedin.com/in/anjaliiishah,https://www.linkedin.com/in/thejacobkantor
Dr. Bryan D. Hale,Jacob Kantor,"3/1/26, 9:14 AM",,INCOMING,https://www.linkedin.com/in/dr-bryan-d-hale-1906,https://www.linkedin.com/in/thejacobkantor
Devon Toh,Jacob Kantor,"3/1/26, 8:39 AM",Hey Jacob!  Love the consistency in your LinkedIn posts and the decorated endorsements on your profile!  Respect.,INCOMING,https://www.linkedin.com/in/devontoh,https://www.linkedin.com/in/thejacobkantor
"Melvin J. Brown, Ed.D.",Jacob Kantor,"2/28/26, 6:37 PM",,INCOMING,https://www.linkedin.com/in/melvin-j-brown-ed-d-620b847,https://www.linkedin.com/in/thejacobkantor
Sarah Jordan,Jacob Kantor,"2/28/26, 3:05 PM",,INCOMING,https://www.linkedin.com/in/sarahmjordan,https://www.linkedin.com/in/thejacobkantor
Leah Gray Sewell,Jacob Kantor,"2/28/26, 7:53 AM",Getting excited about CALIE/CUE.  Thanks for the great info on the webinar!  -Leah,INCOMING,https://www.linkedin.com/in/leah-sewell,https://www.linkedin.com/in/thejacobkantor
Mathew Slootsky,Jacob Kantor,"2/27/26, 11:13 PM",,INCOMING,https://www.linkedin.com/in/mathewslootsky,https://www.linkedin.com/in/thejacobkantor
Benjamin Hehn,Jacob Kantor,"2/27/26, 5:41 PM",,INCOMING,https://www.linkedin.com/in/benjamin-hehn-bb0339102,https://www.linkedin.com/in/thejacobkantor
Mike Fink,Jacob Kantor,"2/27/26, 11:53 AM",,INCOMING,https://www.linkedin.com/in/mike-fink-3b550288,https://www.linkedin.com/in/thejacobkantor
Allen Angell,Jacob Kantor,"2/27/26, 9:16 AM",,INCOMING,https://www.linkedin.com/in/allenangell,https://www.linkedin.com/in/thejacobkantor
Neha Sharma,Jacob Kantor,"2/27/26, 7:38 AM",,INCOMING,https://www.linkedin.com/in/neha-sharma-1bba26362,https://www.linkedin.com/in/thejacobkantor
Reza Malik,Jacob Kantor,"2/26/26, 7:12 PM","Hi Jacob — following up on your email to Nassir Kasuri (BIC). We’re building BEAMS360, an education operating system for admissions, finance, and campus ops. As we expand internationally, I’d value connecting to explore potential district distribution alignment.  Best, Reza",INCOMING,https://www.linkedin.com/in/rezamalik-systems,https://www.linkedin.com/in/thejacobkantor
Andreas M. Benzing,Jacob Kantor,"2/26/26, 5:31 PM",,INCOMING,https://www.linkedin.com/in/andreas-m-benzing-1560572,https://www.linkedin.com/in/thejacobkantor
Mark Thomas,Jacob Kantor,"2/26/26, 3:55 PM","Hi Jacob, I noticed your success and that you invest in innovative opportunities. I’d love to connect and swap insights.",INCOMING,https://www.linkedin.com/in/markshepthomas,https://www.linkedin.com/in/thejacobkantor
Michael Iafe,Jacob Kantor,"2/26/26, 3:05 PM",,INCOMING,https://www.linkedin.com/in/mjiafe,https://www.linkedin.com/in/thejacobkantor
Evan Boorman,Jacob Kantor,"2/26/26, 12:28 PM",,INCOMING,https://www.linkedin.com/in/evan-boorman-6b334a56,https://www.linkedin.com/in/thejacobkantor
Luis Morales,Jacob Kantor,"2/26/26, 12:13 PM",Hi Jacob. Thanks for your part int he Spring Cue workshop just now!,INCOMING,https://www.linkedin.com/in/luis-morales-vpops,https://www.linkedin.com/in/thejacobkantor
Annabel Streeton,Jacob Kantor,"2/26/26, 12:12 PM",,INCOMING,https://www.linkedin.com/in/annabel-streeton-471a05ba,https://www.linkedin.com/in/thejacobkantor
Larissa Walder,Jacob Kantor,"2/26/26, 12:11 PM",,INCOMING,https://www.linkedin.com/in/larissa-walder,https://www.linkedin.com/in/thejacobkantor
Elizabeth Lee,Jacob Kantor,"2/26/26, 12:10 PM",Thanks for the CUE presentation.  CyArk is joining Brad Krey and the Ports program in their booth this year.   Looking forward to meeting in person,INCOMING,https://www.linkedin.com/in/elizabethalexandralee,https://www.linkedin.com/in/thejacobkantor
Jason Wilson,Jacob Kantor,"2/26/26, 12:09 PM",,INCOMING,https://www.linkedin.com/in/jason-wilson-526098243,https://www.linkedin.com/in/thejacobkantor
Melissa Brabham,Jacob Kantor,"2/26/26, 12:08 PM",Hi Jacob! Excited to see you at Spring CUE! Thanks for making today's webinar an enjoyable one. ,INCOMING,https://www.linkedin.com/in/edtechmelissa,https://www.linkedin.com/in/thejacobkantor
Jennifer Cousins,Jacob Kantor,"2/26/26, 12:07 PM",,INCOMING,https://www.linkedin.com/in/jennifercousins,https://www.linkedin.com/in/thejacobkantor
Erin Baldwin,Jacob Kantor,"2/26/26, 11:39 AM",,INCOMING,https://www.linkedin.com/in/erin-baldwin-7177a224a,https://www.linkedin.com/in/thejacobkantor
Aspen Buckingham,Jacob Kantor,"2/26/26, 6:38 AM",,INCOMING,https://www.linkedin.com/in/aspen-buckingham,https://www.linkedin.com/in/thejacobkantor
Douglas Solomon,Jacob Kantor,"2/26/26, 5:50 AM",,INCOMING,https://www.linkedin.com/in/douglas-r-solomon,https://www.linkedin.com/in/thejacobkantor
Nikhil Kumar,Jacob Kantor,"2/26/26, 5:04 AM",,INCOMING,https://www.linkedin.com/in/nikhil-kumar-b18023179,https://www.linkedin.com/in/thejacobkantor
Sujal Sen,Jacob Kantor,"2/25/26, 6:07 PM",,INCOMING,https://www.linkedin.com/in/sujal-sen-9963ba377,https://www.linkedin.com/in/thejacobkantor
Justin Sewell,Jacob Kantor,"2/25/26, 3:15 PM",,INCOMING,https://www.linkedin.com/in/jsewell6,https://www.linkedin.com/in/thejacobkantor
Gregory Cruz Jr.,Jacob Kantor,"2/25/26, 2:50 PM",,INCOMING,https://www.linkedin.com/in/gregory-cruz-jr-100484122,https://www.linkedin.com/in/thejacobkantor
Alberto Ali Medrano,Jacob Kantor,"2/25/26, 1:09 PM","Hi Jacob, I came across your profile and thought it would be great to connect professionally. Congrats on your new role at Knowt. Looking forward to staying in touch.",INCOMING,https://www.linkedin.com/in/alberto-ali-medrano-92b271b,https://www.linkedin.com/in/thejacobkantor
Vladimir Tetelbaum,Jacob Kantor,"2/25/26, 12:58 PM",,INCOMING,https://www.linkedin.com/in/vladimirtetelbaum,https://www.linkedin.com/in/thejacobkantor
David Chachkhalia,Jacob Kantor,"2/25/26, 8:53 AM",,INCOMING,https://www.linkedin.com/in/david-chachkhalia-920218263,https://www.linkedin.com/in/thejacobkantor
Shourya V.,Jacob Kantor,"2/25/26, 8:44 AM",,INCOMING,https://www.linkedin.com/in/shourya-v-372092388,https://www.linkedin.com/in/thejacobkantor
Rahul Agarwal,Jacob Kantor,"2/25/26, 3:03 AM",,INCOMING,https://www.linkedin.com/in/thescholarbaniya,https://www.linkedin.com/in/thejacobkantor
Nic Pullen,Jacob Kantor,"2/24/26, 11:29 PM",,INCOMING,https://www.linkedin.com/in/nic-pullen-76887623,https://www.linkedin.com/in/thejacobkantor
Cara Zelas B.Ed,Jacob Kantor,"2/24/26, 8:57 AM","Hi Jacob! See you at SXSW EDU! Kindly, Cara ",INCOMING,https://www.linkedin.com/in/carazelas,https://www.linkedin.com/in/thejacobkantor
Peer Adnan Bin Zahoor,Jacob Kantor,"2/24/26, 8:31 AM",,INCOMING,https://www.linkedin.com/in/peer-adnan-bin-zahoor-360b98187,https://www.linkedin.com/in/thejacobkantor
Ian Moore ,Jacob Kantor,"2/23/26, 5:28 PM",,INCOMING,https://www.linkedin.com/in/interventionian,https://www.linkedin.com/in/thejacobkantor
Polina Kharnas,Jacob Kantor,"2/23/26, 12:43 PM",,INCOMING,https://www.linkedin.com/in/polina-kharnas-412b19205,https://www.linkedin.com/in/thejacobkantor
Taylor McLoughlin,Jacob Kantor,"2/23/26, 11:01 AM",,INCOMING,https://www.linkedin.com/in/taylorsmac,https://www.linkedin.com/in/thejacobkantor
Liza Dodson,Jacob Kantor,"2/23/26, 9:14 AM",,INCOMING,https://www.linkedin.com/in/liza-dodson-8370b739a,https://www.linkedin.com/in/thejacobkantor
Nathan Collins,Jacob Kantor,"2/23/26, 8:03 AM",,INCOMING,https://www.linkedin.com/in/nathanjoshuacollins,https://www.linkedin.com/in/thejacobkantor
Qiqing He,Jacob Kantor,"2/22/26, 6:33 PM",,INCOMING,https://www.linkedin.com/in/qiqing-he,https://www.linkedin.com/in/thejacobkantor
Prahaladha Reddy Boreddy,Jacob Kantor,"2/22/26, 6:21 PM","Hi Jacob, your work as a ""District Office Door Opener"" and your $50M+ in school sales is legendary! I’m with Kairos—we give everyone a personal AI intern that connects all your apps to do anything you want via chat. I’d love to build you a free agent to scale your GTM and partnership work.",INCOMING,https://www.linkedin.com/in/prahaladha-reddy-boreddy,https://www.linkedin.com/in/thejacobkantor
Yosef Kaplan,Jacob Kantor,"2/22/26, 2:02 PM",,INCOMING,https://www.linkedin.com/in/yosef-kaplan-7861992,https://www.linkedin.com/in/thejacobkantor
John Morrell,Jacob Kantor,"2/22/26, 9:14 AM",,INCOMING,https://www.linkedin.com/in/john-morrell-225185c,https://www.linkedin.com/in/thejacobkantor
Kait Arndt 💚,Jacob Kantor,"2/22/26, 5:33 AM",,INCOMING,https://www.linkedin.com/in/kaitlanarndt,https://www.linkedin.com/in/thejacobkantor
Jalen Sharp,Jacob Kantor,"2/21/26, 7:48 PM",,INCOMING,https://www.linkedin.com/in/jsharp0813,https://www.linkedin.com/in/thejacobkantor
Job Christiansen,Jacob Kantor,"2/21/26, 5:34 PM",,INCOMING,https://www.linkedin.com/in/job-christiansen-255b0b35,https://www.linkedin.com/in/thejacobkantor
Sean Douglas McQuilkin,Jacob Kantor,"2/21/26, 5:27 PM",,INCOMING,https://www.linkedin.com/in/seandouglas,https://www.linkedin.com/in/thejacobkantor
Scott Clements,Jacob Kantor,"2/21/26, 11:34 AM",,INCOMING,https://www.linkedin.com/in/scottclements09,https://www.linkedin.com/in/thejacobkantor
Ata Ullah,Jacob Kantor,"2/21/26, 6:24 AM",,INCOMING,https://www.linkedin.com/in/ata-ullah-au,https://www.linkedin.com/in/thejacobkantor
Federico Katsicas,Jacob Kantor,"2/20/26, 2:38 PM","Hi, Jacob  I came across your profile and we might have some working interests in common. Also, I noticed some shared connections; perhaps it's a random coincidence.  I work for national organizations, and I’m wondering if we could link up.  Thanking you in advance  Federico M. Katsicas",INCOMING,https://www.linkedin.com/in/katsicas,https://www.linkedin.com/in/thejacobkantor
Macy Logan,Jacob Kantor,"2/20/26, 2:12 PM",,INCOMING,https://www.linkedin.com/in/macy-logan,https://www.linkedin.com/in/thejacobkantor
Abby (Alonso) Van Doren,Jacob Kantor,"2/20/26, 1:25 PM",,INCOMING,https://www.linkedin.com/in/abbyvandoren,https://www.linkedin.com/in/thejacobkantor
Priyansh Singara,Jacob Kantor,"2/20/26, 12:03 PM",,INCOMING,https://www.linkedin.com/in/priyanshsingara,https://www.linkedin.com/in/thejacobkantor
Mónica Padilla-Stemmelen,Jacob Kantor,"2/20/26, 10:37 AM",,INCOMING,https://www.linkedin.com/in/monicaps,https://www.linkedin.com/in/thejacobkantor
Vivian Tian,Jacob Kantor,"2/20/26, 10:23 AM","Hi Jacob, we were just in the same Zoom session on the future of AI tutoring. I lead AI-powered learning products at scale and would love to connect. -Vivian",INCOMING,https://www.linkedin.com/in/vivianxtian,https://www.linkedin.com/in/thejacobkantor
Meredith Ward Hill,Jacob Kantor,"2/20/26, 9:43 AM",,INCOMING,https://www.linkedin.com/in/meredithwardhill,https://www.linkedin.com/in/thejacobkantor
Johnny Ho,Jacob Kantor,"2/20/26, 9:33 AM",,INCOMING,https://www.linkedin.com/in/johnny-ho-312459124,https://www.linkedin.com/in/thejacobkantor
Kohl Gill,Jacob Kantor,"2/20/26, 9:27 AM",,INCOMING,https://www.linkedin.com/in/kohlgill,https://www.linkedin.com/in/thejacobkantor
Frankie Nguyen,Jacob Kantor,"2/20/26, 9:25 AM",,INCOMING,https://www.linkedin.com/in/panguyen277,https://www.linkedin.com/in/thejacobkantor
GM Swami,Jacob Kantor,"2/20/26, 6:46 AM",,INCOMING,https://www.linkedin.com/in/gmswami,https://www.linkedin.com/in/thejacobkantor
Irina Anghel Enescu,Jacob Kantor,"2/19/26, 7:48 PM",,INCOMING,https://www.linkedin.com/in/irinaanghel,https://www.linkedin.com/in/thejacobkantor
Aaron Mullen,Jacob Kantor,"2/19/26, 12:19 PM",,INCOMING,https://www.linkedin.com/in/aaron-mullen-052500365,https://www.linkedin.com/in/thejacobkantor
Lori Roberts,Jacob Kantor,"2/19/26, 12:15 PM",,INCOMING,https://www.linkedin.com/in/edtechlori,https://www.linkedin.com/in/thejacobkantor
Michelle Martinez,Jacob Kantor,"2/19/26, 11:55 AM",,INCOMING,https://www.linkedin.com/in/michelle-martinez08,https://www.linkedin.com/in/thejacobkantor
"Nick Sterling, CFP®, AIF®",Jacob Kantor,"2/19/26, 11:13 AM","Hi Jacob, I’d love to share a little about our practice to see if what we do for clients may be a fit for you. Let me know some times you are available for a brief introductory call or Zoom. ",INCOMING,https://www.linkedin.com/in/nicksterling415,https://www.linkedin.com/in/thejacobkantor
Matt Lovegrove,Jacob Kantor,"2/19/26, 9:38 AM",,INCOMING,https://www.linkedin.com/in/matt-lovegrove,https://www.linkedin.com/in/thejacobkantor
Tripti L.,Jacob Kantor,"2/19/26, 7:34 AM",,INCOMING,https://www.linkedin.com/in/tripti-l-509903241,https://www.linkedin.com/in/thejacobkantor
Natalie Gold,Jacob Kantor,"2/19/26, 6:21 AM","Hi, Jacob! I noticed your bio. Quick question- given your experience and skills, have you ever thought of exploring a franchise opportunity? I’ve looked at your background and I think you could be a fit for a number of our partners. Let's chat!",INCOMING,https://www.linkedin.com/in/nataliegold11,https://www.linkedin.com/in/thejacobkantor
Michele Piskol M. Ed.,Jacob Kantor,"2/19/26, 6:14 AM",,INCOMING,https://www.linkedin.com/in/michelepiskol,https://www.linkedin.com/in/thejacobkantor
Danny  Gibson,Jacob Kantor,"2/18/26, 6:27 PM",,INCOMING,https://www.linkedin.com/in/danny-gibson-6b666739,https://www.linkedin.com/in/thejacobkantor
Richard Anderson,Jacob Kantor,"2/18/26, 6:12 PM",,INCOMING,https://www.linkedin.com/in/richard-anderson-2a5b2953,https://www.linkedin.com/in/thejacobkantor
Hadley Woodhouse,Jacob Kantor,"2/18/26, 12:29 PM",,INCOMING,https://www.linkedin.com/in/hadley-woodhouse,https://www.linkedin.com/in/thejacobkantor
Boyuan  Deng,Jacob Kantor,"2/18/26, 11:39 AM",,INCOMING,https://www.linkedin.com/in/boyuan-deng,https://www.linkedin.com/in/thejacobkantor
Rahul Panchal,Jacob Kantor,"2/18/26, 8:52 AM",,INCOMING,https://www.linkedin.com/in/rahul9824601707,https://www.linkedin.com/in/thejacobkantor
Michael Sutherland 👾,Jacob Kantor,"2/18/26, 6:19 AM",,INCOMING,https://www.linkedin.com/in/flectionpoint,https://www.linkedin.com/in/thejacobkantor
David Fulton,Jacob Kantor,"2/18/26, 5:30 AM",,INCOMING,https://www.linkedin.com/in/david-fulton-23532266,https://www.linkedin.com/in/thejacobkantor
Ashraf Hindi,Jacob Kantor,"2/18/26, 2:50 AM","Hey Jack, I love your personality and sense of humor. Would love to connect and learn from you. ",INCOMING,https://www.linkedin.com/in/ashraf-hindi,https://www.linkedin.com/in/thejacobkantor
"Brayden Bagley, MBA",Jacob Kantor,"2/17/26, 8:14 PM",,INCOMING,https://www.linkedin.com/in/braydenbagley,https://www.linkedin.com/in/thejacobkantor
Evangelia Papacostas,Jacob Kantor,"2/17/26, 5:24 PM",,INCOMING,https://www.linkedin.com/in/epapacostas,https://www.linkedin.com/in/thejacobkantor
Imtiaz Ahmed,Jacob Kantor,"2/17/26, 5:10 PM","Hi Jacob, Can I redo one of your slides? We turn “good enough” decks into standout presentations.  Happy to: * Redesign one slide * Set up a quick 15-min call  We also create websites that reflect your brand at its best. Happy to connect!  Best regards, Imtiaz Ahmed 📧 imtiaz.ahmed@slideexpo.com",INCOMING,https://www.linkedin.com/in/imtiaz-ahmed-99937a209,https://www.linkedin.com/in/thejacobkantor
Anthony Rangel,Jacob Kantor,"2/17/26, 2:04 PM",,INCOMING,https://www.linkedin.com/in/anthonymrangel,https://www.linkedin.com/in/thejacobkantor
"Hayley Viente, M.Ed",Jacob Kantor,"2/17/26, 9:33 AM",,INCOMING,https://www.linkedin.com/in/hayleyviente,https://www.linkedin.com/in/thejacobkantor
Thomas Jenner,Jacob Kantor,"2/17/26, 5:25 AM",,INCOMING,https://www.linkedin.com/in/thomas-jenner-75048317,https://www.linkedin.com/in/thejacobkantor
Venket Kandanala,Jacob Kantor,"2/17/26, 4:48 AM",,INCOMING,https://www.linkedin.com/in/venketkandanala,https://www.linkedin.com/in/thejacobkantor
Connor Mason,Jacob Kantor,"2/17/26, 2:35 AM",,INCOMING,https://www.linkedin.com/in/connor-mason-2b347b128,https://www.linkedin.com/in/thejacobkantor
Glenn Stephenson,Jacob Kantor,"2/17/26, 2:26 AM",,INCOMING,https://www.linkedin.com/in/glenn-stephenson-1297849a,https://www.linkedin.com/in/thejacobkantor
Arpita Ghosh 🎓,Jacob Kantor,"2/16/26, 11:49 PM",,INCOMING,https://www.linkedin.com/in/arpitagh,https://www.linkedin.com/in/thejacobkantor
Whitney Holland,Jacob Kantor,"2/16/26, 7:56 PM",,INCOMING,https://www.linkedin.com/in/whitney-holland-8404b01a,https://www.linkedin.com/in/thejacobkantor
"Donald Carter, M.Ed.",Jacob Kantor,"2/16/26, 7:34 PM",,INCOMING,https://www.linkedin.com/in/donald-carter-m-ed-965661227,https://www.linkedin.com/in/thejacobkantor
Assia J,Jacob Kantor,"2/16/26, 6:04 PM",,INCOMING,https://www.linkedin.com/in/assia-j,https://www.linkedin.com/in/thejacobkantor
Kayla Reckert,Jacob Kantor,"2/16/26, 11:47 AM",,INCOMING,https://www.linkedin.com/in/kayla-reckert-052336330,https://www.linkedin.com/in/thejacobkantor
Matt Robeson,Jacob Kantor,"2/16/26, 10:34 AM","Jacob, It seems we share a passion for Education, sales, and several connections!  I hope we can connect to help continue to grow our networks. Best regards, Matt Robeson",INCOMING,https://www.linkedin.com/in/1matt-robeson1,https://www.linkedin.com/in/thejacobkantor
Dr Vinay Garg,Jacob Kantor,"2/16/26, 11:12 AM",,INCOMING,https://www.linkedin.com/in/dr-vinay-garg-bb709110b,https://www.linkedin.com/in/thejacobkantor
Dr Arpan Kumar,Jacob Kantor,"2/16/26, 10:01 AM",,INCOMING,https://www.linkedin.com/in/dr-arpan-kumar-73b09429,https://www.linkedin.com/in/thejacobkantor
"Bryndyn Crutcher, Ed.D.",Jacob Kantor,"2/16/26, 9:18 AM",,INCOMING,https://www.linkedin.com/in/bryndyn-crutcher-ed-d-64a575113,https://www.linkedin.com/in/thejacobkantor
Hunter Cossum,Jacob Kantor,"2/16/26, 8:45 AM",,INCOMING,https://www.linkedin.com/in/hunter-cossum,https://www.linkedin.com/in/thejacobkantor
Andrew Hall,Jacob Kantor,"2/16/26, 8:09 AM",,INCOMING,https://www.linkedin.com/in/andrewhall88,https://www.linkedin.com/in/thejacobkantor
Cristina Nicole,Jacob Kantor,"2/16/26, 6:47 AM",,INCOMING,https://www.linkedin.com/in/cristina-nicole-b1a846392,https://www.linkedin.com/in/thejacobkantor
Tanner Miedema,Jacob Kantor,"2/16/26, 6:25 AM",,INCOMING,https://www.linkedin.com/in/tanner-miedema-97172a185,https://www.linkedin.com/in/thejacobkantor
Oliver Von Trapp,Jacob Kantor,"2/16/26, 6:14 AM",,INCOMING,https://www.linkedin.com/in/oliver-von-trapp-602440157,https://www.linkedin.com/in/thejacobkantor
"Victoria Kerr, M.A. Ed",Jacob Kantor,"2/16/26, 5:52 AM",,INCOMING,https://www.linkedin.com/in/victoriakerr825,https://www.linkedin.com/in/thejacobkantor
Connor Pring,Jacob Kantor,"2/16/26, 5:50 AM",,INCOMING,https://www.linkedin.com/in/connor-pring-945492220,https://www.linkedin.com/in/thejacobkantor
"Jaime Johnston,  M.Ed",Jacob Kantor,"2/16/26, 5:44 AM",,INCOMING,https://www.linkedin.com/in/jjohnston4282,https://www.linkedin.com/in/thejacobkantor
Brittany Shurley,Jacob Kantor,"2/16/26, 4:56 AM",,INCOMING,https://www.linkedin.com/in/brittshurley,https://www.linkedin.com/in/thejacobkantor
Dylan Makani,Jacob Kantor,"2/15/26, 11:41 AM",,INCOMING,https://www.linkedin.com/in/dylan-makani,https://www.linkedin.com/in/thejacobkantor
Rafael Gold,Jacob Kantor,"2/15/26, 10:43 AM",,INCOMING,https://www.linkedin.com/in/romangold,https://www.linkedin.com/in/thejacobkantor
Mukarram Ali,Jacob Kantor,"2/15/26, 12:43 AM",,INCOMING,https://www.linkedin.com/in/mukarramcodex,https://www.linkedin.com/in/thejacobkantor
Carter Lievens,Jacob Kantor,"2/14/26, 12:06 PM","Hi Jacob, your background in real estate investment caught my attention, so I wanted to reach out and connect.",INCOMING,https://www.linkedin.com/in/carterlievens,https://www.linkedin.com/in/thejacobkantor
Carter Armendarez,Jacob Kantor,"2/14/26, 10:33 AM",,INCOMING,https://www.linkedin.com/in/carter-armendarez,https://www.linkedin.com/in/thejacobkantor
Shekhar Chandra,Jacob Kantor,"2/13/26, 5:09 PM",,INCOMING,https://www.linkedin.com/in/youlead,https://www.linkedin.com/in/thejacobkantor
Jerry Scacchitti,Jacob Kantor,"2/13/26, 4:36 PM",,INCOMING,https://www.linkedin.com/in/jerry-scacchitti,https://www.linkedin.com/in/thejacobkantor
Ron Chandler,Jacob Kantor,"2/13/26, 2:47 PM",,INCOMING,https://www.linkedin.com/in/ronaldchandler317,https://www.linkedin.com/in/thejacobkantor
Narayan Pharkya,Jacob Kantor,"2/13/26, 12:17 PM",,INCOMING,https://www.linkedin.com/in/narayan-pharkya,https://www.linkedin.com/in/thejacobkantor
Kaustav K. Mishra,Jacob Kantor,"2/13/26, 11:57 AM","Hi Jacob,   I came across your profile. I would be glad to connect and explore potential synergies. Happy to have you in the network.  Thanks, Kaus  ",INCOMING,https://www.linkedin.com/in/kaustavmshr,https://www.linkedin.com/in/thejacobkantor
Daniel  Moser ,Jacob Kantor,"2/13/26, 10:54 AM",,INCOMING,https://www.linkedin.com/in/danielmoser-student,https://www.linkedin.com/in/thejacobkantor
"André Pieterse, CFA",Jacob Kantor,"2/13/26, 8:01 AM","Hi Jacob, we acquired Simplicity in the Higher Ed space last week and making a push into K12. Thought I connect with you as I don't have a DODO in my network :).",INCOMING,https://www.linkedin.com/in/andre-pieterse-cfa,https://www.linkedin.com/in/thejacobkantor
Ayub Khan,Jacob Kantor,"2/12/26, 8:38 PM",,INCOMING,https://www.linkedin.com/in/ayubkhan1998,https://www.linkedin.com/in/thejacobkantor
"Ling Lam, M. Ed.",Jacob Kantor,"2/12/26, 6:15 PM",,INCOMING,https://www.linkedin.com/in/manlinglam,https://www.linkedin.com/in/thejacobkantor
Giacomo Colaianni,Jacob Kantor,"2/12/26, 3:57 PM",,INCOMING,https://www.linkedin.com/in/giacomo-colaianni,https://www.linkedin.com/in/thejacobkantor
Sammer Bekhiet,Jacob Kantor,"2/12/26, 11:31 AM",,INCOMING,https://www.linkedin.com/in/sammer-bekhiet-38a6b0ab,https://www.linkedin.com/in/thejacobkantor
Alex Vazharov,Jacob Kantor,"2/12/26, 11:15 AM",,INCOMING,https://www.linkedin.com/in/alex-vazharov-682880237,https://www.linkedin.com/in/thejacobkantor
Isaac Zakon,Jacob Kantor,"2/12/26, 9:58 AM",,INCOMING,https://www.linkedin.com/in/isaac-zakon-4055a210a,https://www.linkedin.com/in/thejacobkantor
John M. Turns,Jacob Kantor,"2/12/26, 6:05 AM",,INCOMING,https://www.linkedin.com/in/technologysolutionconsultant,https://www.linkedin.com/in/thejacobkantor
Hussnain Ahmed,Jacob Kantor,"2/12/26, 2:56 AM",,INCOMING,https://www.linkedin.com/in/hussnain-ahmed-b5a2a295,https://www.linkedin.com/in/thejacobkantor
Nian Trocio,Jacob Kantor,"2/11/26, 11:48 PM",,INCOMING,https://www.linkedin.com/in/niantrocio,https://www.linkedin.com/in/thejacobkantor
Anil Kshatriya,Jacob Kantor,"2/11/26, 7:55 PM",,INCOMING,https://www.linkedin.com/in/anil-kshatriya,https://www.linkedin.com/in/thejacobkantor
Oleg Salamatov,Jacob Kantor,"2/11/26, 3:32 PM",,INCOMING,https://www.linkedin.com/in/oleg-salamatov,https://www.linkedin.com/in/thejacobkantor
Kirianne Suriano,Jacob Kantor,"2/11/26, 3:28 PM",,INCOMING,https://www.linkedin.com/in/kirianne-suriano,https://www.linkedin.com/in/thejacobkantor
Anna Bausova,Jacob Kantor,"2/11/26, 1:57 PM",,INCOMING,https://www.linkedin.com/in/annabausova,https://www.linkedin.com/in/thejacobkantor
Maureen Gassert Lamb,Jacob Kantor,"2/11/26, 1:09 PM",,INCOMING,https://www.linkedin.com/in/maureen-lamb,https://www.linkedin.com/in/thejacobkantor
John Alonzo,Jacob Kantor,"2/11/26, 12:29 PM",,INCOMING,https://www.linkedin.com/in/john-alonzo-icraftstories,https://www.linkedin.com/in/thejacobkantor
Jonathan Valdivino,Jacob Kantor,"2/11/26, 11:24 AM","Hey, Jacob. Just noticed you viewed my profile.  Then, sending this invite so we stay connected :)",INCOMING,https://www.linkedin.com/in/jonathanvaldivino,https://www.linkedin.com/in/thejacobkantor
Keyonna Walton,Jacob Kantor,"2/11/26, 11:16 AM",,INCOMING,https://www.linkedin.com/in/keyonna-walton-6a4aa138,https://www.linkedin.com/in/thejacobkantor
"Jose Garcia-Gosling, M.Ed.",Jacob Kantor,"2/11/26, 10:27 AM",,INCOMING,https://www.linkedin.com/in/jose-garcia-gosling,https://www.linkedin.com/in/thejacobkantor
Robert Clark,Jacob Kantor,"2/11/26, 4:42 AM",,INCOMING,https://www.linkedin.com/in/robert-clark-910b35214,https://www.linkedin.com/in/thejacobkantor
Rachael Nintzel,Jacob Kantor,"2/10/26, 1:21 PM",,INCOMING,https://www.linkedin.com/in/rachael-nintzel,https://www.linkedin.com/in/thejacobkantor
"Sarah G. Wood, PhD",Jacob Kantor,"2/10/26, 7:11 AM",,INCOMING,https://www.linkedin.com/in/sarahgeisswood,https://www.linkedin.com/in/thejacobkantor
John Aldecoa,Jacob Kantor,"2/10/26, 4:17 AM",,INCOMING,https://www.linkedin.com/in/jaldecoa,https://www.linkedin.com/in/thejacobkantor
Darryl Jamieson,Jacob Kantor,"2/9/26, 9:26 PM","Hi Jacob, looks like we share a connection with Ava Sheffield and Allen Pratt, so I figured I'd say hello and connect. Always enjoy meeting people in similar professional circles.",INCOMING,https://www.linkedin.com/in/darryl-jamieson-0527969,https://www.linkedin.com/in/thejacobkantor
Rebecca Byerly,Jacob Kantor,"2/9/26, 4:47 PM",,INCOMING,https://www.linkedin.com/in/rebeccabyerlyglobaltrainer,https://www.linkedin.com/in/thejacobkantor
Dr. Jeremy  Brooks,Jacob Kantor,"2/9/26, 11:07 AM",,INCOMING,https://www.linkedin.com/in/dr-jeremy-brooks-680134312,https://www.linkedin.com/in/thejacobkantor
Simon Simeonov,Jacob Kantor,"2/9/26, 7:05 AM",,INCOMING,https://www.linkedin.com/in/simon-simeonov-396727258,https://www.linkedin.com/in/thejacobkantor
Laura Siwinski,Jacob Kantor,"2/9/26, 5:51 AM","Hello! I’m Laura Siwinski—ER nurse, mom of five, and founder of ZooMates!, a free, safe, and inclusive animal platform inspired by my son, who has Autism. I’d be truly honored if you’d take a moment to explore and share it with those who may benefit: ZooMates.org",INCOMING,https://www.linkedin.com/in/laura-siwinski-054010344,https://www.linkedin.com/in/thejacobkantor
Emily Pappas,Jacob Kantor,"2/9/26, 3:49 AM",,INCOMING,https://www.linkedin.com/in/emilyp1,https://www.linkedin.com/in/thejacobkantor
Nida Kouser,Jacob Kantor,"2/8/26, 7:56 PM",,INCOMING,https://www.linkedin.com/in/nida-kouser,https://www.linkedin.com/in/thejacobkantor
Chaitanya Saripalli,Jacob Kantor,"2/8/26, 7:19 AM",,INCOMING,https://www.linkedin.com/in/chaitanyasaripalli,https://www.linkedin.com/in/thejacobkantor
Charles Nanacsik,Jacob Kantor,"2/7/26, 3:10 PM",You’ve got my attention. Can you share how you engage with K-12 companies?  Our product is unique replacing all the spreadsheets that districts use.   www.k12staffingplus.com   We have a large footprint in Canada and need help with expanding into the US and building those critical relationships,INCOMING,https://www.linkedin.com/in/charles-nanacsik-04095a4,https://www.linkedin.com/in/thejacobkantor
Greg Dworkin,Jacob Kantor,"2/7/26, 8:30 AM",,INCOMING,https://www.linkedin.com/in/gregdworkin,https://www.linkedin.com/in/thejacobkantor
Jennifer Huang,Jacob Kantor,"2/7/26, 7:10 AM",,INCOMING,https://www.linkedin.com/in/jjenniferhuang,https://www.linkedin.com/in/thejacobkantor
Dara Blades,Jacob Kantor,"2/7/26, 6:31 AM",,INCOMING,https://www.linkedin.com/in/dara-blades-081903343,https://www.linkedin.com/in/thejacobkantor
Dave Gilbert,Jacob Kantor,"2/6/26, 4:13 PM",,INCOMING,https://www.linkedin.com/in/davemgilbert,https://www.linkedin.com/in/thejacobkantor
Matthew P. Kalkbrenner - Virtual Advisor to Biotech and AI Leaders,Jacob Kantor,"2/6/26, 5:12 AM","Hi Jacob- I noticed your background and impressive tenured career. Thought it would be valuable to connect, hope to hear back.  -Matt",INCOMING,https://www.linkedin.com/in/matthew-kalkbrenner,https://www.linkedin.com/in/thejacobkantor
Shivang Gupta,Jacob Kantor,"2/5/26, 1:47 PM",,INCOMING,https://www.linkedin.com/in/shivanggupta7,https://www.linkedin.com/in/thejacobkantor
Radhika  Kotwal,Jacob Kantor,"2/5/26, 10:11 AM","Hi Jacob, Just saw your introductory note on FOHE Slack and thought we should connect! Would like to exchange some ideas.",INCOMING,https://www.linkedin.com/in/radhika-kotwal,https://www.linkedin.com/in/thejacobkantor
